y1,y2
-0.006826779865523179,-1.5265473061621706
1.0393165124393793,5.002705363480581
1.7809049337278622,6.90054193915731
2.5048614753778526,0.4229745656160284
4.123637698711929,3.6146319125173703
2.9180795560656,3.4258080214317923
2.2911240849892267,-3.6862860945172518
0.9704608733841016,2.182799381491555
0.8627083654360717,3.5493112677930068
1.8614720207530944,-1.4811871004243944
1.839524134482714,7.633408140247387
2.3354042009469356,-2.179711421385308
0.42463553677028854,2.225032568487668
0.5716997026486161,-2.149251626312683
-0.3352435486106802,-6.219240821531695
1.4401458386354606,-5.246048441501397
2.326994915094253,0.23411398569778996
3.2763443983522866,7.431535305291585
3.218489435851317,1.5314486653322454
3.8313517101314107,1.7196712354911021
4.489241872185911,0.31333026319424606
4.144839205765348,0.303221468135928
3.6474671702694925,0.45180437184914957
3.5326943868626226,-2.9467553661427015
2.927242377512188,7.450358016045162
2.332902960007334,-0.4824499194392422
2.0495275844033762,1.11369650751256
1.3211098572199234,0.5475726415767598
2.087437643165324,-0.29417929280259125
0.49135130936989047,-0.29172713173929443
1.3149134379855822,-3.8813180021343543
0.6893469677271316,4.597591259487488
0.14340701203302075,2.6131470623060387
-1.207440129832769,-7.10611610275505
-1.3516822486817393,-1.0755553520355738
-1.5993437579491065,-2.574588752548077
-1.40788792741105,2.6312028800687575
-1.9416622233359846,-3.654312833962738
-1.8479060440325181,-1.814893866713322
-0.028214205903424494,2.8104567656955783
0.38078548855017086,5.111973069575094
-0.19290454860554757,1.3813691086273325
0.7602050466331238,3.072905907836045
0.6314039126639657,-2.038579216411676
1.2252783807618703,-4.183905225981789
1.838025809709567,3.466626954681579
1.4469600929486446,-0.2463746369683224
-0.48332740457734014,1.9162945002590537
-0.8309810278322819,0.6609810959282387
-0.2795256040327112,0.614783398290582
-0.6596360105661058,-0.23195628805564775
-0.22066669568307762,-0.4267223186672815
0.7588736759768963,-3.462143000736543
0.21476026091280942,-2.9689505708610415
1.446112013454099,-2.507954149669816
3.067916475142237,2.0268525361280494
4.146962419346318,-1.2443314783249249
5.312425259973587,-1.4429792556744303
6.4092217077500315,5.401181195139765
8.663760768321183,-1.4979731820369988
8.849621672962122,-3.5621872233545524
8.851705755813391,11.272461391876789
9.454813061003609,-0.19170286549540538
8.546617942359692,3.40602347125252
6.993441177475148,5.836503028852927
6.111433204848419,-1.5186603904325615
6.483998554991062,1.679859772098514
6.957051895739366,7.625396310334386
5.420693177447623,-0.745216624192627
3.5372294689057857,-0.37196168494157367
3.2210872259951993,-3.763827963923681
3.0330307099203018,3.345303818674478
2.9838298769198737,3.113354898101341
3.655192323556909,2.7706544527310695
4.884026501776163,-4.69303835455292
5.114922931683905,5.634911728686392
5.727607635287642,6.798423359264605
4.632405942480304,4.535278230700271
3.4560979280167325,0.2990376326433575
3.6923362625124394,3.4031862998316913
4.356999365296372,5.509638335045551
5.08324282120846,1.7761010569552709
5.675984812312455,4.976641240340543
6.460158521288733,4.75559957095207
7.2699865512853625,3.8498464508076453
5.517801187347708,-1.713709676672122
4.783635418397181,-0.43587913731403694
5.23879516070352,2.750122291112405
5.83546712577051,4.922542310103947
4.323374716270727,0.18761491485963666
5.496436082832712,5.318665427687105
5.057604158986226,3.1311224582864234
4.825179409609144,4.565929669149929
5.0989980543695035,7.713361548974007
5.848633286417946,-1.3679469588426119
4.415516293026353,3.852751614460159
5.405428870000495,2.4745440962730902
5.4827223377216345,5.1121654633916105
4.711908842800125,6.656146170290301
4.436635701272487,3.999301601717547
2.250797352673868,-0.35625951535427514
1.6031788280717825,-1.299186759513737
1.7850884790933013,4.168383042981946
1.0760380038740227,2.847960357555293
0.7480251422756913,-0.8527416725728025
0.6012627747533258,-0.08301725891765227
0.6496436673405221,-4.4993891470634635
1.6702803326927398,-1.6320887065133336
1.645384552777676,1.9785981826690509
1.3854166168719055,-7.463225419965149
1.924061839596677,-2.264084897460279
4.000678900107411,5.7227464461953
3.657931224552134,5.479567342919857
4.170798477275541,5.612170253134735
2.5934935272641746,-0.01341647365515719
3.9389873976444325,2.753796552286352
4.598370903353795,1.7278084880709303
5.931170571361816,6.7429862783893135
5.8721103149832645,6.1465200651778975
4.829294750971041,2.543548693238555
5.7153936630975455,6.368334342706015
6.468927171255476,5.28000209094001
5.601888273605535,2.6004184010704945
4.128953165659368,5.834605232731907
4.578085279448525,4.710726708369997
4.406693285363047,6.823890257812039
7.018859175582254,0.4069012244103156
6.404612723156223,9.849580072223295
5.876050449564408,8.506590344887236
5.7652861877154615,6.041595046406455
4.100228940562015,1.0295658475113485
3.2111419116240283,0.8101623526321409
4.855504612529612,-4.404602234864333
4.72412718995952,-0.03785742586898966
4.115738612226052,1.0638891954998582
2.8438406203521036,-2.4690699162937877
3.4243237481685127,0.9365367104405494
4.082621395436864,6.661208142570064
4.339075758819372,-1.0560406457984892
3.9498744705385502,7.413766077910257
4.255412483147554,7.015518517440193
4.637001662841921,1.7468761820355048
3.956117002611444,6.425185319255472
4.578449510768275,3.4602969436359885
2.4630932606228777,-4.3787449266345
1.1740675673803815,-1.3695313487122869
0.8701503724482036,-5.472722906640836
0.7616512813899584,-5.0903270484467145
-0.40262413200969005,-0.30151302587402357
-0.07390215889072022,-9.849055130262395
0.9817035733197688,3.2824340311451845
1.4327530209740824,-0.7340275691815741
1.6572822425033882,-0.7282119503207337
2.4855204075701587,0.2715449940370107
2.889967550163598,-2.7910157717535684
1.7475836794375867,-1.613503191050166
1.5450202358242793,3.2224751482528444
2.8363479626113284,8.835793097016245
1.698862543600831,-2.377716651550996
1.7611594166766955,3.9774852069760867
1.3720355723736335,0.2685700363945738
0.47402487135343085,-0.08208065483009874
-0.5375032869299247,0.7809788545647547
-0.4364821132242538,-5.252887567589795
-0.12113234628728992,-0.3301443492088004
0.18788648486248483,4.504006620785448
-1.2581576838145605,0.2871425725972122
-1.546898587591267,0.012613095307825506
-1.2011791928695468,-4.289254608179432
-0.2543714838535299,-1.2460979821830411
0.4181366369078251,4.938801532017754
1.2497566180939357,-4.651939376526244
2.3468933668494554,-2.426894323769892
3.170815227935298,2.7875831096062074
2.355611819587498,5.031078348477208
2.4136526146501787,2.827122284749206
1.700514030986399,3.3708320227906006
-0.6809605032626738,-2.17181152439367
-2.3618497825661047,3.1045628358513437
-0.27293129964577023,0.8359063876354833
-1.39022673234763,-0.4121318145669359
-3.6323302542914107,-3.114075670676868
-4.217180125110527,-2.485601967265519
-2.6968883968613357,-5.406371359574248
-2.741846107667444,-0.43867092916112305
-2.333762805596567,2.9534137465721244
-2.6040798858886736,1.0482252453936771
-2.6873089113231603,-3.262603373533178
-1.4206610820490282,0.08627250605000503
-0.6246692189547015,1.3719574411773436
-0.7109207777803035,-0.24856262998254675
0.18069919308872417,-0.32532341655202446
1.255166056125419,-0.5111384841921871
1.036000034550207,-1.8477441298195254
1.3059834464916982,0.2531656535127379
1.560107916167028,-5.0845688092507295
0.8918117119429849,-4.14776956856851
2.042691074298082,1.476713671417692
1.8756394220740455,-2.3544082825123183
1.2561700860922753,1.5184549918379902
-0.41962574655307505,-2.2067917617055137
-1.6850277266319384,-0.9226857791234163
-0.15960426085154467,-3.78666418267205
-1.2996676567897611,0.21523453054609754
-0.8701129141643683,-3.824054624124429
-1.2372589972505832,-4.730726212616946
-0.7259312433671007,1.2994608371683554
-0.1236340685525611,-0.8712672544623716
-0.899918884129127,1.0601216587720441
-1.1917838154854872,2.1495341387700555
-1.0924276668484842,0.17243161955063313
-0.9778799151774896,0.1118300708492736
-1.006389741398842,-1.3306971890668566
-1.3196569732040353,1.5907386625750932
-0.6902478240116287,-2.884645795712057
0.6268543651695565,-3.7656207127302075
1.1673593370370425,3.046576885838964
0.4272197973341323,3.7093848451619302
0.8231684877421959,0.7921835446528694
0.884272640504228,-0.7779115513225006
1.3459013007433465,1.7582113529127117
3.1907443453157525,3.7537303728420244
2.976791027547283,2.4815248347661916
2.965289060650905,8.498052175340685
2.0786614224205717,-1.2495874173972847
1.789712796042833,0.6879189688368228
1.2205624295666935,3.869970645623471
2.820394050699088,2.651490266322658
3.124368526654415,7.362627259506419
2.552450556869309,0.37838972109953695
4.481919662542959,3.117948140217087
3.1537791929281207,1.6930824860502742
4.015040779958195,0.5425539763463565
5.031284934811815,3.868430257265566
5.605231085969536,7.484698567053066
5.3440788947097095,2.086310601246563
5.214683927068054,4.373805101378155
4.8712295870163205,5.5802693103877505
5.657303889834178,-0.8506567538897305
3.3283812878619794,7.538982369289102
2.8171390187253893,1.518638825911401
2.9690832278438575,-0.9996833242915659
2.3879178477187093,0.04798848948532597
0.570326781752337,-1.029470445170665
0.32749799885559894,-6.834970979794813
-0.42766884684780815,3.071480148995084
0.3725985742404083,-0.9244362239629015
1.7700023360684434,1.467637626348541
1.839382559525162,0.638756017028556
-0.09474402873494814,5.226966051330001
-0.2909354227572001,1.9285454091659724
-1.2150629570478348,-2.040484387283867
-0.5330474275103914,-0.056394282629046444
1.158410233445642,2.121603584902726
1.4758372116012395,-3.98246618507304
3.511086609304376,1.1914243424384012
5.025642283928253,3.7704635857742224
5.72217182451328,0.883181851092709
4.861923629141522,0.5293329790700572
5.070811581774202,2.865073239652626
3.731622572868892,-1.0122191670435965
4.882568753705094,1.698415885035156
5.121301438537959,1.1532981633806028
6.620168087461233,5.534424592497478
7.040400879843979,1.9178692803231687
5.236122829314107,-1.1564331179253786
6.023798237960664,5.69193735544723
7.098282316940564,-1.0034665519556176
8.907497084058162,5.092859960514641
8.081692101907993,1.7224338465690154
7.306034549209117,-0.8265979323720187
7.517943120275753,2.61306131119885
6.6094166353513195,2.102409262646005
5.377683699286859,0.6381166981779316
4.425087804539604,-5.413536668135906
7.15477208863482,8.25376862269057
6.655361385170621,0.4085994289510442
5.764335228476971,5.17945569025961
5.432539071387571,2.8566659964363104
5.545108847665761,3.260623283616653
6.942418549510224,3.3037909327994517
7.992497096330156,4.650072687955325
8.884662978594285,9.369424208782956
9.03182857627846,-2.60610348393136
9.290903637122401,6.403560409834133
8.754704887555777,2.498852583578927
7.350454299057395,2.4583304610722214
9.489803686483738,5.331157058132832
9.133430150108905,7.855945373132119
10.245884619377117,7.8185210384767085
10.027918906015126,6.973577024311515
10.034764496390011,7.492693865453526
9.977820945186654,5.769260504195547
8.696458084224242,2.594513346210518
8.713413912875374,8.01098450773092
9.18867552054655,3.9389622970013507
10.11131355545699,10.524675661988912
10.69827889471504,8.983041860144834
11.81048662606545,6.983299517313946
12.19616833959679,9.592697449834352
12.280607037340925,6.5067880660531685
10.402557526120065,1.1016416663552553
9.953774042594764,7.969976490954777
11.594014296488002,9.833841818154603
11.801712575903402,7.859472402085594
12.684037813135918,8.888371630759973
12.55708613453188,12.464427342042391
11.968088092169385,7.91606660032187
14.100290553631037,7.315202052388322
14.542565309796633,6.385773755705812
16.121793292882256,10.207767052409391
16.73651365417056,5.768331314578193
16.52533731142139,9.00220604843151
14.364363897824326,12.068103989260884
14.538625475910587,9.238812689439474
13.054546559245974,10.092395409416515
10.915537256543592,6.202235803373014
12.238731707250265,4.369688990220065
13.04342022420741,9.160244518235192
13.76728438852432,7.508761400651219
13.897986299113,8.40583506753164
13.942700373928576,6.465775371798413
14.446609236239178,7.7126332799271955
14.682564953569415,6.265546350618551
14.833632446781955,12.399309328075637
15.654169020225401,8.095619059470692
13.273741483378796,6.320430498487925
14.244704674756225,7.83298679841838
13.687714439406474,2.37720394593293
14.618123590383266,6.382957391371465
15.866928870054023,13.23296023351067
15.093956625903049,9.051458467574891
15.955139914972165,8.131251206679638
16.800601277505432,9.288896616948279
16.143587982588315,5.71142169505929
15.654009027702498,9.049119204376655
15.80086094118413,13.544899913030148
13.598601170926136,9.873511075030496
13.173050834966913,3.494492569389154
13.3777118592085,0.04391802189750926
12.945515971572975,11.16331006747054
11.35846614875518,5.806403248726034
10.978782426411838,4.006233506787716
12.50700148665,8.34612560244134
13.843465971610653,7.012779575924371
13.73308066444872,8.670241856158269
12.935188611704856,9.898339636319447
12.926432915036436,9.40560513676126
12.948071281195135,5.991452951379563
12.276000369848365,1.3480052082100773
11.945946531880837,6.544699562778989
12.57523818514206,4.670173709853375
13.515543609757351,7.47205908119231
11.079180508509296,5.152804112380538
12.06194986366977,2.4262576407326657
12.20221834463229,3.495855316704409
13.357706550228945,10.157728287259488
13.342305187019882,8.049765832187209
13.786999537893278,10.884132830456824
15.432554303066633,7.433079461041419
12.464724142234054,7.378020875690103
14.06022273889749,7.670160087747736
14.254149909786403,8.79299167752034
12.433795201419064,13.245842249726607
9.768605926110466,5.499182289457833
10.083931179014222,8.148352615796123
9.058388222806725,4.875280680596122
10.065736174148327,7.897533704220485
10.284225097335488,8.2408430013151
10.153007922873641,4.347518729346724
11.150771744803041,5.594948556585866
11.347097938217972,8.749458261332718
12.092316319662393,4.815914856840422
12.927338675163881,9.212576244498145
13.251483925570197,5.817727687333187
14.043841875614321,7.5260477826975
14.83488587346628,4.650651615781676
13.467523997701484,2.4955070966254755
13.19584071296369,9.398626715201338
13.076752316381922,7.327153251056975
12.699961868096352,4.267635453776311
11.11254726553523,2.4507693712157974
10.546207316397657,0.5162639197383703
10.886592133265633,5.4953192450215536
11.080502861298715,-0.38879266409797797
12.60588741099041,8.483105865547824
12.000309431505329,6.0290709754081995
11.568679358403939,8.452361342224423
10.996723190248458,5.50903273049784
10.68151893871611,5.090750037045339
10.078575825679442,5.682803558862079
8.208151161573142,4.268766104776182
8.5542433754091,10.378987631201344
9.544220852566829,11.463955587173793
10.665769542308858,6.119788291200838
9.579367073159204,6.384466929224493
9.386933855259908,4.403958452253151
11.23772840695376,3.112823554012873
11.130547988946299,8.50148826440124
11.47986547916068,6.797371208264041
11.328253070989025,5.171115474072418
12.335110190203066,6.93088483755351
13.304172082161916,6.924524080383715
15.632516315605768,3.842522606160773
16.13256121795604,8.794345141221088
16.582114606579808,6.4825404788415915
15.369474635980477,1.1617723143017118
14.960024288847807,8.451245381463702
14.258274351759503,7.517173206804124
13.930064487861715,6.990381780587877
12.619198926102642,3.9959519868767424
13.836205253236551,11.900621136185979
12.782541931622163,6.443195067463373
13.056187807580438,5.191466417482063
11.796275337900909,-4.181005674561646
12.143560310200364,5.561936116579644
13.801716456401351,6.738745718393435
12.981764192096831,5.33433699380941
13.346866781997672,4.112014117091229
13.280101283601804,11.177828060810363
13.563999473923994,8.945376119850568
13.984824123098221,1.047349066076709
13.34931159090403,4.439123707933683
13.169478109500373,0.4229615907565867
12.58045618110401,9.016484168816245
11.755804645346949,2.7562983690222334
10.52760078043437,3.4376725182176955
11.49302612153127,6.936390823439888
10.754913566310304,3.405256601564677
11.420786367862581,6.381193829362528
11.976073861269239,8.91639234629998
10.977545251737249,2.4902631393752106
12.02600558769303,9.674615841506483
11.165431629383816,6.680232534562213
11.794304323143566,11.982131479488267
13.252413443908818,3.1748235317702354
12.53704647473137,3.795138200765275
11.608137494349943,8.634133254690955
10.665541138289477,10.188286650429612
12.962472368282855,3.4215812481629677
12.586895142478296,7.141624456808586
11.32179332397491,6.369943162398428
12.13586761256246,2.157570021482144
11.956805876851165,6.1177695550624716
11.920609423552115,8.767861911757503
10.91944867218081,2.5710517077319714
8.689038896405785,5.726378031080106
7.9521856462738105,2.4434928661227477
6.898730285655335,3.3716673390825207
5.270003002299118,4.899941634740011
4.173994433388788,0.2568602429134299
3.2155565074308896,4.02224238884755
4.0104413804978805,7.639449140799112
4.706151579911375,5.676835359490652
5.21159702699695,1.192311139129528
4.666879346563394,-3.565075386134183
3.396821921803065,-1.249437769543925
3.6831068342147595,0.1887225164420434
4.131885737926917,2.5138519398577004
5.123391242574989,0.3484525566867851
5.084856116449046,4.951007236302634
4.944312590753373,7.269372072179625
5.2421700577980825,-1.5483018795924117
4.304020929074806,2.352677697781782
3.4885293545506944,0.47690495131958865
4.1196261191444705,-0.7425598437820815
2.8493869601097392,7.44364640687086
2.7594424128333066,2.2705688229172605
3.532041969840431,-3.9880820640207313
3.7597658465482797,3.0070903997988556
4.182016061108377,-1.6701073243322164
3.065712438120654,1.4696857322503705
2.9353245817182354,-0.0031412663902050664
2.659796251708434,1.1925801193907202
3.259459704911366,3.585889108104813
3.6771218876501957,0.8704944988985533
3.7071450146576455,1.351032876827211
5.611036064635027,0.4376877493115381
6.16004255321761,0.024248961840295902
5.881042078221042,0.8917781253026758
5.277566293453192,7.571200909671493
5.252612793649098,3.9746074411056975
4.694557807363846,4.482170175487253
6.345266867501192,6.69016599260573
6.929937026626881,7.799378325817011
6.637420904094233,-2.038393461787103
6.00108065135507,4.4425284737375375
4.948029597308615,8.475885481527275
4.693312315631182,3.496270890344505
6.0263010984204834,2.029134520392494
6.889781098929653,2.12452865391849
6.8586626967072055,-1.4006391235658637
7.024097540112422,0.6315962755312365
5.18591176906799,0.36315164520559495
5.973302620111489,-2.310209141476298
5.7806998539143235,2.0929136158552577
7.184802486779624,6.774168352465482
7.035700590565034,9.950774514469616
6.581878071402935,4.685132187309025
6.828397737167583,3.745575351421208
6.224213803041319,2.07524036056612
7.6011821487834474,3.3219888334298306
7.923679818999489,-0.2813106054390335
8.328792975959615,5.668315048158611
8.7023499564054,4.5643587157564856
8.390450050828704,-3.913131107473598
8.914202964493033,3.6803045892572372
9.132538314648421,5.949605402952192
10.934138640568657,4.334979589526739
11.04251491580719,7.342560214228764
11.466203844702717,6.158477335429213
11.06176922721401,4.391203238981987
10.745054826262567,1.9103197953990314
10.498901914353327,2.484085571559645
11.857326940565626,7.1065656046356676
12.00970596783714,5.747786925267788
13.057631278289483,8.93887377938542
12.875763769861509,5.090152404593493
12.59425271087712,10.262259429765965
10.753395634458444,7.673124002844268
11.668918995533888,11.272828130540656
13.818235735750633,0.3134843861214911
13.680383239664947,9.024859304769036
15.207278407840771,11.11749295872176
16.15095217014442,8.924533830041296
15.561131735239513,8.84356377368305
16.420771601432175,8.160713311558178
15.620559860803132,8.13648469485436
15.418266284697113,8.628313549072455
16.736757586292576,8.128331956591149
16.995479172536783,5.1699196858482885
15.923247348214193,11.04259820113161
17.436218901201293,5.100934864193682
16.437517986259046,6.354306426602543
16.376145010957334,9.986136893302916
16.130317536188254,7.990914227341288
16.068907300132242,7.21260162358152
15.317906469024695,2.115141527024022
13.78326659117663,7.923894195729783
15.737274782044533,7.488095640586251
14.890711268251048,6.605967944669458
14.10540056009797,2.361203037616799
11.765961587752976,7.261331309598547
11.953180243119567,4.383585453413238
13.339998626730614,6.573067029708958
14.837472030333291,7.268465770882189
17.69981695162912,14.732490588937724
19.298121427021922,6.478452592864939
19.808104809512272,10.942961724080602
19.937642643918288,3.7897569394611264
21.475529689713543,12.96505057561328
21.545642535003047,9.314623813926914
21.849653409117018,15.37617195130785
20.998369791563984,6.465552433254599
21.204669607442217,8.893261259765092
23.283143198134926,14.855131843460988
23.31740257323292,7.240417205568435
23.820682821620167,11.151759017277705
21.522719732136338,11.563389354041155
22.97184515388843,11.576452261474257
23.448047775374857,10.368512967300681
24.95865100437376,7.55388090411061
25.29853008671122,6.5337802782607035
24.54197965963593,15.774437420370646
23.272119378298974,9.585007060595007
23.85970839710739,10.623345226442403
23.913736816739966,9.383573300270225
23.015000698348626,11.315970022429186
23.018104933887027,7.371291271682771
22.44640351856098,11.682856463849193
23.219662922853246,11.134571039447994
22.85884026697505,10.044366208153802
21.67921941693555,13.781363165414874
21.628565278252456,9.715865487612575
21.09894101722059,7.895171116781649
22.596610953038383,12.133460585891008
22.149582691872045,12.399856957999678
20.8437187383034,14.690605676187603
20.790435008731215,1.4519196233109142
20.531633785191126,8.858319964106194
20.790405121303863,9.248423213148392
20.9901696887151,9.128529122859202
19.939387275962964,12.4046875840897
19.861519275003403,13.124887813940799
19.72751385146649,5.471085029108056
18.49645841396502,11.799108473204008
17.887757096164474,8.460831671550261
18.046739541055338,6.727480305347778
16.409974274919556,11.096309734333312
15.276121289183797,8.145811638709874
14.753218055002247,10.799094564991421
14.599374826204164,9.151698886063379
15.043165480604879,8.490428697120374
13.615527599654595,9.169491297955275
13.838148557564361,6.540860372442534
14.382814333341603,6.270083356088554
15.845592924082435,4.130665641170063
15.34420030964823,8.124283079771951
14.345827932621786,12.141364766770183
12.729317384761108,3.6954200166852456
13.196559567955592,10.186608071441434
14.399848951358726,9.436010305128324
13.629710896384772,9.81994535053768
13.993713067762048,4.108197838020471
14.78046872055588,12.365134549631424
15.668263275101651,10.568225632686211
15.210616233058401,6.959924478009213
15.805509564073073,4.888733637063582
15.719376612270644,6.725275961271564
14.747520591025717,9.074164450292955
14.991489544258847,10.06323136775295
15.341999726472437,6.9574742411480655
14.377544153867959,8.36044887991655
14.823548356818476,6.324377445018921
16.823725353945743,8.47474903124221
15.338561124717126,3.2095193832786704
16.054246303561534,6.4235774157749175
16.983678157824254,8.033056032411151
17.052927373096235,7.566103303273926
17.39769918425059,10.951324941050991
17.151877119708608,8.942535609127606
18.52147535572904,11.305554615014193
17.595248106111864,4.7652397203439065
17.46618375057951,8.641378943770253
15.531212485337395,6.780050323640584
15.8518301333377,1.0459515015882843
16.21808211600255,4.295163268173916
14.534714611583492,3.1200863467199254
13.649478401275509,10.371509059759335
14.10621639051754,1.936211622440756
13.59198887861985,8.113184144846262
12.352983216029518,7.72239996310421
9.82008083497892,3.413178525494673
10.12748314823875,9.704054354866539
12.021489896009772,5.54975396388989
11.517634473622389,4.640227576942747
11.90390659570579,8.764095215001568
12.27233099946785,7.963603266694324
12.136608977470882,3.801016358283067
12.180913087251305,10.542554132290011
12.24278182454862,5.067157394926494
11.31875086197016,-2.050146548501883
13.762303271441894,10.155796562214752
16.429097538520345,10.518543832079736
16.687276191890383,7.573323810320541
18.421619266807625,10.648535535152547
17.54877970617235,9.911260533192932
17.27003610651054,9.431608210252165
18.350930725442808,15.021788605586476
17.14789526543091,8.277222217126303
15.79519324475969,4.518145909886638
16.088173613397178,12.283578561123283
14.06035599949942,11.540581691257234
15.738116697308048,8.096837368445959
16.445658435337513,1.1048966982105402
16.653599904796202,10.65884260302794
17.293078059564355,4.365323953621294
16.358243193749725,8.84564466261428
15.393930151664403,7.233856283756471
16.208950296737672,4.4998903071862415
17.131878829688798,6.5920816807973015
17.26197461105185,3.338475832489622
17.20340507280462,8.79462850861121
16.656481452980515,3.819170552740135
18.042857604811886,8.890227115995444
16.55146613533889,12.63375600272329
15.687884909944035,11.932822406027858
15.144086742020997,6.150121869048317
13.611275404568707,4.609175552906409
12.279313068301969,1.381879791606746
11.245913577822261,12.805069850031012
12.255862252232713,2.9664432936392124
14.059071363514816,9.235330763038798
14.407627299560836,7.417009784339974
12.786837043702578,11.406236988389935
12.179757731493758,9.839401167033405
12.04325235834377,3.7820844649323253
11.774304121040412,6.723459697750445
11.403243737393788,8.971074884940723
11.919950471375055,7.233177034815886
9.976624831087635,8.704922459935418
9.401506376063677,-0.9580589415205738
9.618525703809967,6.230865757330554
10.338005592029932,6.043864841590456
10.629293795994164,7.901376832145803
10.656568881521796,5.392402384755532
10.528590420045479,8.997729286165518
9.875079437926546,7.752817851399781
9.978879190075904,7.149455380232714
9.792850351795556,2.350798415656743
9.10969698481116,6.256523766116976
10.337231490024312,6.095021702999892
11.550532751281489,5.703832865963303
11.207422699025125,6.305744805304714
11.855322268018838,1.8462488700386785
13.085709290760608,5.614133027021918
13.386722289602398,7.24091008027488
13.549914516588297,4.661010430027826
14.083478568295117,13.16646012798775
12.474038419797289,8.743108486753666
11.085410057937304,0.3092928113720994
11.649593742680446,8.873876012644118
11.967580254592512,7.783989321966769
13.378335396707996,3.4041025623956367
12.92704663028558,5.841985170981326
14.070349403562886,7.818156676399787
15.175614127658413,8.742369462333574
17.192698328887506,9.66613272695996
16.438961291668818,5.218147696311567
16.133138416355436,9.010541250028018
16.457462801241697,9.565755256401339
16.772896505525683,4.843210588864684
15.82649945908128,10.43337290960217
15.308650085241709,6.7995034896480115
14.058335851873167,8.684202107629956
16.416593704857586,8.219090722434268
16.401933655960264,8.671767307068082
16.443729704829476,5.763811438676359
15.882421020031387,4.389539543425013
15.959765381484395,10.635975431616055
16.799398232015633,4.913400044779804
16.520125185969288,5.032902311202512
16.542906274782176,9.02866763657199
18.764553906347782,10.6688759628742
19.738633940800263,10.556246764721458
20.026911146820886,17.071968379132112
19.65747010284345,14.110641560002794
19.686171616742378,10.573259603801915
18.99508454472612,9.940867466076707
19.316414168632665,6.183562030338503
18.693511685168044,13.942611157583528
18.012401985498574,7.9734940929615465
17.646701892151565,10.548950221830033
16.614641242489068,6.588444394312026
16.843664595155598,13.074633539921273
19.387891636250643,10.519675785109552
18.79128447946282,10.022492989208182
17.155199126063675,9.502626971601492
18.128579674553155,11.627780087930919
18.036245318391316,14.940917465561785
20.019643184381128,15.219163805782898
20.402479044848935,9.727564197769468
21.32964164327379,11.840941225093584
20.549688647619654,12.517271761347438
18.947863185074144,5.392450485961526
18.749871304001903,9.436267730182838
19.39635165707841,6.265311375781754
18.51299109593721,7.1214986072608815
16.89696572223017,8.26255814999427
16.27130591238283,3.4298011185271857
15.791958299332775,6.269982900561594
15.424369233317167,6.15216510055868
15.347734813349396,5.158998568571643
17.688242802541204,10.183828093300502
17.66743491399219,8.774878307816067
17.118943300980295,5.8640571563572355
15.981669302531134,6.756586526462754
16.722547225612924,10.353486006817386
15.084882660038245,10.37911036656514
16.467650765576856,6.052806723021025
16.398445135220985,8.01001155419601
14.83588613211015,10.693893575612138
14.954890417104192,14.655900832118267
14.774652087983366,6.513941087188849
15.930642403070076,11.78651646074286
14.368261720410525,6.6243927544755365
14.501353575633578,6.639330067558367
14.415364058673388,9.118261866454622
15.260937495185859,8.76376681853502
14.056870857171626,0.6311706310245455
13.208609517790425,11.505920742965085
15.097877229096392,6.225518650631806
15.579515448563457,9.369877600500555
14.033198693325042,8.600314855165493
14.282978872726488,6.3239653903114705
13.422777324751086,6.712072896747624
12.660975673437608,4.98818227446913
11.368986574872341,7.271087164037068
12.273670164027102,10.28349183714095
11.6618124908734,8.628438014345717
11.782805868178851,14.301231929593857
11.78152521429981,3.8327036997524075
10.190077310763943,8.127138209703173
9.37172796018627,8.19927208470954
10.058631261747946,5.373462198321381
8.417652725972204,6.619055683056608
8.586986776061076,3.795511008854108
8.405161597642245,1.383629903932225
8.972146651925108,2.7338193292465687
9.579541387412917,10.151270888301356
10.326326502817645,4.971358286704511
10.310632167628347,-1.35488071557094
10.493435703783833,0.2756371969360183
9.71816736514922,0.04930541255262355
9.106027914395481,6.554900437027424
9.93263237029529,3.3141568192974726
9.267407958871974,5.101440420189328
10.220292768297144,6.153848020927337
11.149070926706164,7.605805067487896
10.286768677776552,1.4548859246758203
10.779722353277974,2.1446314146868137
9.90366344441272,7.398025906496339
10.178744302845933,2.7286598133962476
9.339930046811068,3.754327951663383
9.611506706433914,3.423354092485851
9.71791728772355,2.7314641018297072
8.618448972848851,2.7891048029421786
10.604305354763532,1.9044726901111857
11.50559305323787,7.547258913862553
9.852061237465687,10.216692421664167
10.143753087833058,3.957944220530951
9.664353142342677,8.57426468880315
11.65616867138154,3.697695930198007
11.547345646410212,5.601894507501197
11.891023956482972,11.182461399306836
11.661782635405585,9.462186036600949
12.245365561983713,3.8016983427981947
11.664858421817463,4.0527933393575175
10.7228478162677,4.429376008062465
10.1827291231695,6.0365015366849955
9.716669021612052,7.424316722057547
10.29877659583176,5.86407297894178
10.343797884423509,5.307908832886109
9.858832826278785,8.980210338806279
9.412018422526529,3.532905193021854
8.459030479200758,3.2725942411874605
8.54733056242696,6.365461250840318
6.479500803879244,8.664914151048052
6.219041873136757,2.6491263006143293
7.362417099186109,5.525818049145262
6.96320829610939,-0.2836513771391074
6.272783908910032,5.351459297724772
6.279834264692091,-1.5065635535795523
5.314764853937434,-2.485303160358622
4.522080207875027,-2.0608572463397983
5.168547030035435,4.311275338859426
4.500080974600053,1.8067256238162588
6.417566313773805,2.757304295211444
6.920387141721649,2.019394853715312
6.7832167973390085,4.194404489261348
6.131157502750628,0.8699018784134229
5.840933634966588,1.7038909272306997
3.542707852694434,0.6159867316997807
3.752482251741572,-1.880424655047499
4.605763180085266,-1.3648676657297583
5.143326793745708,0.6085863818663153
4.679366650864005,3.0964192323291035
5.26082848541937,2.7001511740198456
5.865008140590797,-0.11730437251261927
5.7016055000967505,6.317310592094396
6.018097413515352,-0.5997626738210529
7.021850034183884,5.240593970546694
7.4461668360861735,4.0219585228553525
7.036098654272666,3.3938656430522327
7.0168008072942,0.9692015195313872
7.137664094370458,1.6536070163045395
5.506310148707173,5.910510085745024
5.605142714095246,1.7449238772396707
5.44736381725475,4.80132373214837
3.2541744118279343,4.147901214280132
1.5161834118643427,-5.677410673467314
3.283203132966224,-1.2164497927643523
3.3564390937492035,2.879589217224305
4.66992090907163,-0.724143788676952
4.2680198130543925,-2.988659878700311
5.77230973140647,4.5947806008288765
6.313433817417249,7.292587150615111
5.604154055596261,1.8841079847127638
5.856702166373486,-3.1337100664814272
7.397767648805693,-1.8569637324179111
9.762543516968922,-0.47608043082366525
10.256175625434041,7.003420223040095
9.790387532779862,6.510114956644006
8.908276832998617,-1.7239491745064264
9.576883868417315,4.724050863799814
10.65383920041446,-0.8807869604099263
10.782338647163677,2.209210650625087
10.66362119600468,4.7190770094986805
11.470608229154424,9.890736384379839
11.95053306119257,12.288847486659627
12.338320052962954,7.1945165496217545
10.806961777205219,2.6699995947464217
10.474336972267032,4.607663583353141
12.358257865764596,7.5123087625979785
12.340768572134033,6.91336734876889
14.765839193430406,5.840938480856342
15.15192075028717,5.621202210881597
14.867614136288427,5.181270424506607
15.150939727363864,9.029729225047705
15.755965683402337,6.492634170845464
15.037449833939567,3.9542004389002114
15.283878020118268,3.671856191541284
14.869979332677753,7.134461163641285
16.326817115097697,9.268998389003132
15.875450838687524,3.669242835729534
15.996944514382928,11.084267261188689
14.497902635648952,-0.5843522565432746
13.135005004762128,9.870271943244632
13.045923046544596,9.642618135345254
12.133124773198352,4.4827959660306576
11.840157065964076,8.063405706004112
12.07551844952339,8.07777237587182
12.636401585995237,4.615472166219163
11.229903082760533,6.413103447317123
11.044669991326204,3.3708992756600686
11.707480619726905,7.169706924217452
11.031924107795865,6.154307055244212
9.730081233896305,-0.7380003881379853
9.038912375470085,3.034499667203365
10.6638991158578,3.750231581388933
10.683142452994508,7.926930623427937
12.240791025943718,6.2063940820803065
11.93482548131725,8.79160646543433
13.125169555280328,5.326835166463141
11.682048820678204,3.599294631059425
11.430313229914542,4.759651655391117
11.519072148106028,9.811889240987142
13.277263929490768,7.392283943176492
13.748910594074006,7.254150731743211
14.869413662692297,8.617597585563779
14.451511991834783,8.993968616778226
14.038078196934629,5.888383914442285
15.31423871154146,9.12256512353626
16.744096834208285,4.950222716141128
17.97563702549904,10.039674954537302
19.18105134426461,8.274077027125907
18.663569145576098,8.88171971038157
20.825164494070915,8.51689222032173
21.00216061458906,16.008643756073642
22.28005716927304,15.068992458894808
23.03744325239415,13.517687896610742
21.29015866051975,8.389345228593056
19.353637155277305,8.378629922569036
17.75875813374815,8.831715519844357
17.716930793306062,6.454214294414829
18.841632461985704,9.861968611284587
18.600813334951887,9.973726250533009
19.45064980111087,11.037982374547823
18.221785568506014,17.25469157133808
17.60567887888817,7.584591732582021
16.712474555374204,5.2013094809732525
16.750037494046552,9.66964279269798
15.604661422754248,13.729023033644731
15.507428850646374,11.871874349647323
16.106054780459722,7.982058822743178
15.649421468328113,7.933664068993215
14.760206266259773,9.197605841867155
14.311417918716721,6.469153607112015
13.094340066160383,9.445446342464697
12.063032233866585,2.4651427297532873
12.8707694464964,4.758467459473423
13.215349345374454,6.453847679099467
11.778040096391427,5.154924491352201
11.50036219265523,9.310892994749516
11.958408175340148,8.112339070619477
12.76515509773025,7.8592535663388965
13.41135623741456,4.670024605328331
14.398031413861268,9.59400513341161
14.364545464577628,9.653360117510855
14.354221097223775,4.073202932606389
14.113942532177795,10.693689608393282
15.219540196954078,5.605934675179405
16.08390549828869,7.155084478652135
17.87586086842117,11.088589456133274
19.005048989805708,6.787585787884204
18.20007137562431,3.892874972851846
16.7296419856701,11.12279874026888
15.342641997558438,12.138119109677001
14.452481763477596,3.3286526463204806
15.074617280592546,13.30352163929307
13.675685661507138,4.479430376283268
11.648090170334825,9.265261463103974
11.46791736812778,5.976082318605851
12.278249214679951,7.150252391502821
13.056613283578193,9.536650688418606
14.726286084616047,4.916918192213914
14.685526970572983,5.937395294603688
14.117872815691593,1.3305268063287548
13.802935344584332,3.3313292249403164
12.451978191624066,2.3126561226160436
11.764862818456558,12.245057654512216
13.036171156165224,3.514409528057686
15.123224665657842,8.91299840883849
16.37910196311057,5.453061073070728
16.657101583198852,8.055320747430715
16.393377944198303,13.934033224477488
16.617034918030875,10.889889440271054
14.701036396872015,9.150667599692358
15.254612510589014,8.710733627153717
16.014903572816845,7.404598107671086
15.854423871535287,11.402973508192535
15.847281541547991,2.9463828975943285
14.118383227247588,6.642677888784127
14.878422335643128,6.057148572642885
15.63971549434175,9.08456674186309
12.835806440511643,8.475678602541414
12.221362239306384,6.717472681069709
12.537426736847168,4.045626265622923
14.180861047277475,-1.6578757455008422
13.283794470029244,7.576576116071947
13.214034240935934,8.892998811969948
14.657462204833207,8.929742945124456
15.103441746560843,4.786839474287904
14.854932637676615,9.241370443477216
14.381391079160931,9.379901470005251
14.386865265668737,9.89927466962335
13.562823029518626,10.574588573696133
14.55730013283969,8.331466415938666
13.66631731953443,7.693974049695212
14.218437464008751,-0.13546230697801853
15.144685522197081,13.829068306570203
16.354366544106405,7.9113214363218605
16.485585505613187,9.50974291640139
16.528729824201463,9.549474843983807
16.90251168099967,7.218072657512289
17.040442556483477,11.20181878239562
18.199721280578437,11.219475244610734
18.160258402258734,9.330225723151905
20.162081635863508,13.411762339477152
23.040712740405965,13.76858751146224
22.4649895427787,6.8203849157029595
22.945066459504986,8.334304921566789
21.85778549398241,16.3206630037637
22.68408040903559,13.593447893439572
23.17244252974315,17.26316952127099
23.025988015455123,12.680618391758959
22.04563415861222,8.454852501598221
22.13875378047443,9.575684432969089
24.22124061188021,8.799833112324437
25.897639300317042,14.647314079817203
26.346748387283853,12.568057739509454
25.788588672620598,15.781199976962714
25.822038474380054,13.99821131495723
25.074104702058342,13.601842907135405
23.770066906352216,6.858003696970839
22.865327522520438,8.227065472254582
23.5249576160007,14.185596122618636
23.87839505242152,16.032273477064802
24.10133464323578,11.018160821227317
23.035147740166195,18.06610217715327
21.65854472333293,5.538975119062038
22.71300318780834,12.79776533174318
22.38861646035404,5.568136811301827
23.61779429582784,11.987882877797581
22.90512804298514,15.028645112501051
23.922251774390713,12.305520895865728
24.199605445675136,11.741311441055675
23.798652821925348,7.047047348734053
23.401655055488536,8.761164263966485
25.36387979724987,10.996580909973293
26.332961449724202,9.095996967450354
26.103564088191085,8.691090529605546
26.307538354878837,16.525794059055922
24.78247267782442,6.842107690482831
26.546167389456578,13.077290282874356
27.984884220486975,16.531003034398672
27.61154783189027,16.377349248877966
28.1065849736219,16.850391555069482
25.36283636608239,13.812496462592089
26.37575675727315,14.662678333323592
26.88297201552233,10.23267024997499
27.1787588616748,15.597554772108458
28.040472538708325,13.921885449735376
28.37013253190423,15.124458678185745
27.416049474279998,10.620564208536122
26.73688136363737,14.448379198618605
26.569707515637038,9.82488911203818
27.48849685005676,12.952512659342768
27.521522357275636,13.763563566904422
26.852733505080238,13.25247983620591
27.21732200080444,15.251401652034282
25.980137556829103,14.510434439071325
28.07037164445147,14.989545687995367
28.374504010351593,15.030746081408957
27.382692224827846,5.549633925018485
27.548053153920403,14.725264129320943
28.629216597135276,14.055632013478668
29.171083540051068,15.121441612810779
31.217484211446823,15.300268349555504
29.787110164809373,13.565337061950222
31.385326385354695,13.138438688984461
31.355176234356733,11.54634730883879
32.24034933050956,18.719962979280666
33.96433362485441,14.400286461924624
32.75711638938494,19.97289738153233
31.333242466926787,14.74602636093286
30.941046685893493,17.118479295970662
29.268651549787744,15.166477749820764
27.240592043450306,15.518061634159436
27.32340271576178,14.076718366968946
28.493673994824128,16.565637711293313
28.013338435800964,9.804567229342693
28.519705609985774,9.129744470695409
32.22009685601643,24.085009159253964
32.55999373825152,16.189471262171185
32.25591603206927,16.60140232145355
32.09698400289646,20.007488434872542
32.535314252632496,12.917328358294046
32.254863925173034,11.348379087163586
32.95751667918944,14.679518832051295
33.18548410492244,16.807699208587984
34.118466618160525,15.588898710955991
34.27902218847568,15.612198398698064
34.20880484800691,18.261688325090514
33.28470540149844,13.8325525356878
31.904911903570977,14.116466371290247
31.629525446171545,15.489453491186426
31.25045368839691,9.462414669557008
31.545132983587994,19.102965645437603
31.480670630851815,12.997710523121878
31.100271821344784,17.54856565012249
33.38595075665872,21.790018958358676
33.71916449401895,14.705193216795307
34.952964949909415,17.774393825551282
33.93470174397502,15.656708606433593
34.961487782000596,15.206774653872698
36.154143479753934,10.57096005666523
36.619292488719466,18.851151964195548
35.73981887416786,15.323014568706952
37.01573473224025,18.925814222249443
36.301489058023876,15.810953423641934
34.74900288913016,14.950482138311312
33.130510837284234,13.829534886417306
33.20666189753295,23.686070215517894
32.72249686133578,21.333236488427133
33.54116745070821,24.888304766135047
34.22585299033906,21.154799955688038
35.61400149439781,20.399012873636423
35.96400778235328,22.590362274908024
36.08805565012504,22.362941964329334
36.106570497854804,18.566173553325083
35.3241180902617,19.831104204069767
34.4983238049124,15.931338034499868
33.773710566701354,17.703125393809195
34.015674137184625,17.967289862991585
33.169729083976165,17.127055883645724
33.087034668318985,19.572131841988064
34.17801940356733,14.920050857393859
31.777588068582308,14.415764002424291
30.896232767157322,14.187623403508308
29.895124515740843,16.61240217266401
29.87790210679779,14.215509232701566
28.369129607690056,20.3299852256694
27.68357088531003,14.598922024937195
29.97259214683357,19.31282573256154
28.580345973859384,16.80687430630921
28.47232089344705,18.96813994877213
28.660705600346574,8.020610864969358
28.339041126203753,14.513312488687255
27.105574109717818,12.405696348106684
28.082155511966857,14.288445346559145
26.12820935261904,14.670545165033795
25.12332785846032,12.287337027422845
24.85832077229184,8.49102368278365
24.183952263039437,13.633060511791003
25.31674255808306,8.298939993580479
24.947948939981313,16.29115601710661
26.80622837986959,11.860320791390988
26.73273828191536,15.356016114630004
28.214327655425418,17.63538321566208
28.566662356675597,15.486910497689472
28.23888861028099,13.384112874664726
27.867978442480762,15.050134603117097
28.81311511320959,13.483764882185492
28.178994239151027,14.051857401353821
28.05308124446293,10.856403948523134
27.162493523831998,10.78955823350967
25.01642628724847,7.298721673190093
25.466972653038827,11.748148542089726
26.013318731211733,13.191103772800842
24.704303778891962,10.669910717236089
25.084608440229548,9.189282708745058
24.743913357033808,15.61434487082505
22.733713017943284,12.59157314118908
21.692669566172288,15.306856666432127
22.26714109499791,17.667758614701157
23.21594485121206,4.884308551493303
23.520558524656593,11.945461822578732
26.240251934342545,15.396848360928907
26.509966810017907,12.913868739737863
25.674227109485326,11.38337502394253
24.112429059084494,16.37620241450536
25.538895149550367,13.452051909863295
24.990343487020862,10.711839481874275
24.542100423445465,11.024987134270576
23.647749350676694,16.274945869093024
22.760180107295625,9.811246525995687
22.331058995794304,14.100282216724164
22.737761054601627,15.696052705442122
23.23317580334588,11.974011750263026
23.535879062493436,8.647990571927288
24.445569392939134,14.596028204633908
23.91461926689667,9.176947733218816
22.849812358407327,9.129726989175808
22.76361444065712,13.337780532737975
20.663476400012637,10.951442169923277
21.496439809153557,11.132609304856585
21.98955144599635,10.713379069286693
22.505044451305288,11.048827835834295
21.395491146797387,6.552469647305335
20.880964374086872,9.701338345442222
20.88729058743114,8.08059395533586
19.853056294030754,6.876266501372229
18.739992517041948,8.41330094366463
18.512399498697015,7.7379550782502395
18.646315579808963,13.307455353846713
17.961404081447206,11.297623914917702
18.98182447200714,14.058110200447661
21.196835816520657,11.207489072114395
21.764778559458854,13.459234602036691
21.56734517395684,12.050317045345603
21.230917649653797,14.757394118790621
22.838713621267008,13.949025741208812
23.135045394736004,12.98626814754672
23.737975557082365,13.38721327399734
23.954531277241426,11.540626865056282
23.373713809704395,16.131847677157268
24.88865992020485,12.842281150960352
24.63743016535873,9.914892844623967
24.782359280516296,12.174538613628128
22.616149888946936,15.390648480689968
24.785012460274352,16.02837911466383
25.53467783269296,13.900438707480182
25.42836593432783,15.250195874249844
24.621436392823313,16.784962177139732
23.99346921474326,17.527446640124868
22.26580865116183,9.13743750590568
22.724357638831304,11.168904292809517
21.83395359347481,11.73276349372108
22.25034360106439,14.806963093271879
22.693067074259318,8.145962308622469
24.61175444048787,15.575904053632815
24.818779926763533,14.797239336211822
25.1087873933654,16.047410429691972
25.60856744276299,11.9080581809039
24.98121038408257,18.090083131689415
24.733488507204434,12.606221971074147
25.062362682267224,13.168322391033609
26.231874085455644,12.051498229203297
26.99051937309911,15.140463439853939
26.734498228261092,16.881641761323237
27.977277947641163,19.43220861529532
27.61899801543091,11.438630638773514
26.112039456261705,12.05029566855917
27.713158151223116,14.122760076568138
27.766809399843858,12.609479848891198
27.34404778975998,12.840108424683166
26.174998294348534,10.580135697963756
25.781552509104525,17.563151193696925
27.525373020924206,13.732066189512627
27.521680044912063,16.722923043599472
29.81341893477168,11.924613985611533
29.905466927409538,17.077254900817717
31.11092927456289,16.279576656598003
31.216926597946152,16.359966000075165
30.830833275627764,20.795546349470065
30.476269037592374,15.523828898147361
30.28404805044895,11.572520615309232
29.14641573419415,8.696348929023126
27.9780702754368,13.049121556828357
28.419244734155438,17.388546434860075
29.751068031127893,12.626605678290698
29.99158533827924,11.744867050841034
30.124988955026794,14.829802528260142
29.293539434859827,14.726347226200904
30.517323766677336,15.446647376631425
31.660274713032617,19.750028979309253
30.58227750337318,14.368436652570525
30.74248467328657,15.841842341933331
30.497265158653757,16.235412639526764
29.085670110058068,17.012532246471025
30.7939403636638,17.275468588200898
32.075388023265695,14.17594731550814
32.488498800428474,14.07343557914707
34.00287522504806,22.3442864161611
33.58526950553262,17.131536367216874
33.95862796224194,14.886916852479537
35.41006062923244,18.181990312473477
35.20988799227306,18.978419379073113
35.610255227870624,19.148942332751883
34.73250261047861,13.40428141085448
35.47931819021889,19.188128884219804
36.73655182694502,12.461786420208
35.84433392155441,16.595675046276522
35.13798779055109,14.760136852389111
35.150410549278824,14.424006892315871
36.63609473823371,15.51116639085246
36.20069860504344,18.571682052097334
35.43714548679534,17.3285347181787
35.40020504151788,11.168604750891454
36.612317689980884,13.897153374800341
35.14219906701124,13.909731169281788
35.03443856200636,16.154242651598665
36.40929585745802,12.03684964690753
36.43551865087341,20.946897757478034
36.20668929637912,13.116572316741031
37.11765071259642,20.17634005438615
35.955695256976334,11.864491299031691
38.0656898110745,20.197037645465333
38.59358885823131,18.153503313466018
38.25332222968823,21.621179751631672
38.37729652038567,18.80884169318073
38.348477358545104,19.756519836319804
38.09024663518662,19.592465889751473
36.891921142269645,15.92608860974294
36.670531592831935,16.793707923936534
34.96806015385119,18.944717203013028
36.36634249049571,20.180108023078535
35.251156050203214,17.868073097080423
34.526303450718075,15.614307417105724
33.737493700487306,19.261753195660326
34.466382255390755,20.814807856504277
34.271564683385634,18.385038412447987
35.712671239153835,17.431348001769233
35.25626872380445,12.226217489368906
35.407973374068476,13.310684269710405
35.34364320313603,18.081167853979746
35.004304744861244,18.693063297691896
36.12342112836585,18.12423631212728
37.35543448237531,17.865661902995353
38.670708829979134,15.345866156775301
37.286013329690284,16.53576600710246
37.6348167467881,19.06371042647839
36.50976292495434,21.10197262300163
35.35568799039473,15.298339004888037
33.54903882268838,14.508944930162194
32.60204446519895,21.811465286440896
33.199236891300146,15.778965830308342
34.59257069642418,20.154900230160358
36.32919250551251,20.5312157532796
35.420303148076854,18.937950337512827
34.79532439328149,17.336494730361
35.02913618252193,16.402414269369217
35.1755165902135,21.124484659156096
35.39234928079278,20.97771717596497
33.636505502753685,9.249736397518216
33.444748308675976,13.3216900408644
34.02586624535149,15.502742310574398
34.28859527897469,15.250353398867373
34.16690510641764,17.84039296494497
33.438543240200595,16.826547427957735
33.34257855938142,18.07384640881981
34.94065987348653,14.276504914641908
35.44067986437469,16.98681056546591
36.491497440516405,18.535068598500718
38.14919979217759,22.69350206971988
37.05664019885403,18.662317849570478
37.72209050511838,22.70190125980174
38.17798625376305,19.807830671315877
39.497460158944214,18.609317622423116
39.246801575255866,17.753836581113426
39.01765947710061,22.205114834994184
38.34639818141225,18.318895906953937
38.51209804885662,23.621834681780147
38.21239396726125,17.958776642153342
38.03735094979054,23.350010470813885
38.34768192801747,16.538966686970898
37.94304614782805,21.657975763184066
36.988310024893224,18.93375303737287
36.55101898035997,14.696865053192251
35.973269900109116,19.325645093070474
36.36982730445071,14.163756796822454
37.58513794172554,14.429306468657575
37.21151350397387,14.874161485101684
34.730375113904934,20.36748328551887
35.2812293986221,17.092378095455427
35.18487327917348,15.319022211811667
34.20752157644517,14.726396359324717
33.920893348706436,20.456286653526384
35.74222852997358,20.719733645940337
34.211938729559925,18.79647794022516
33.010406211815116,9.61764841782069
32.90911957684495,15.226087761803845
29.75271375546355,12.274491564216799
29.25059381009872,17.266623390202327
30.183178740683513,20.053755959760906
30.6832297889538,16.971138369990868
31.014713598365024,16.073760493294856
30.635013351036687,16.265204137133328
30.43086041127462,17.282436222059808
33.131029932499786,18.682700984353545
33.32317149984179,20.545634870616816
34.62944851006921,16.36291984164412
33.33223071631598,20.872204569082278
33.537281674068026,18.708457163622597
33.85892170170802,17.39449803565572
33.97183746104027,17.39587381537442
31.7608276360579,22.199474137636027
31.298494066449834,14.255392154322498
32.71473664967207,16.203781911615124
33.22756196826599,16.604008299618272
32.40540972312978,17.677755769000193
33.24043534376991,17.342784822428545
31.323232088123373,16.238481812039144
31.86616573600075,12.356763455449762
32.17128610692317,14.649907812792069
31.51579535461129,12.976413511196085
30.453807055878535,15.625774143052329
28.748314801238443,16.48488474077081
28.483569350085705,13.46350850473456
30.173693445960428,14.454985185193118
30.994396796130562,19.55765247501617
31.36176895357015,17.320259915210563
32.2437035668661,13.733114718875784
31.60834910494969,18.212616115777138
32.09252305792711,16.432790116247908
29.132315742979472,15.523821182232563
28.595545938505797,15.982000420370156
28.06647607316253,15.208359675371785
27.94836176410063,14.209322452503955
27.72466316744956,11.308672877049197
28.2598069413755,14.886271292694866
27.58270681954297,9.738918653643054
28.451010559780563,12.530427731682316
28.144797070019255,16.05035788708519
28.959160369525225,12.767291711094359
29.01587949716346,14.05189842540745
29.804912499655806,17.201837062819667
30.204638588013037,13.485295121149484
29.53855503783971,14.18222505973374
29.66005725976118,11.888156981876927
28.290559086424413,11.966722347629979
28.272767959019426,17.139357880452167
28.583798723603067,16.185331800280085
28.239119020168765,15.55787169846506
28.00497965614683,8.088025490104512
28.916775789954517,19.101925636513883
30.052098220310814,16.649792262276428
31.40121224299069,14.523171446692137
30.76119807344812,15.244623167373083
30.26595271304041,18.10436408072916
30.987821267942707,16.986862289020948
31.808981867299355,15.28104308665203
29.919092452904327,17.440404191027703
31.82613089904204,9.587560303816364
32.91410790030542,14.787514399038741
31.603581581946194,18.697724243461323
32.69479546720769,9.361051558244633
32.217083432258434,14.700075945089129
32.036616162279884,13.243737603502046
30.99809269370354,12.472806725675238
30.12545347685186,17.26754748932964
29.68759616913558,12.91600583640686
29.72602818735882,13.226558859892517
28.56730080388843,9.04812420310985
28.450402665345162,17.600459526877238
27.693442190214142,14.46642035037867
27.118045322580794,8.912526535295568
26.185898738671387,12.770018216579569
25.513182065202923,12.819404183901673
27.066603425395634,17.198091160605966
25.40383259373358,14.277554799383317
24.042185543901223,15.29227668510813
23.925203091334637,13.898461589418284
23.378258579160548,5.631235352674537
22.278836043547997,12.855044707743373
22.635270947169502,11.704286815439847
21.414985280570814,9.196506272166408
21.359083905194314,10.655395359015602
22.257420372727818,7.159491432684713
22.77012519511055,14.44317063404322
22.429570215974575,7.313646638297826
22.38079710078441,11.232151291286707
22.500033534218318,12.222154683309641
23.048342593027122,7.7785361959068835
22.041632977841005,9.717405156029304
23.255247528832736,11.418801670866443
23.9540735335024,9.345736206773365
25.76351320285257,10.625944993723358
26.551244306792583,16.340746828893987
27.525131843359777,7.315124142533972
24.52300145887943,9.204232115490557
24.027842871228447,14.953154446596386
25.83619266825969,11.028063998866237
26.167510673819635,7.800205296697952
25.65993040266301,17.469309494395322
26.30184491353028,12.106759274446249
26.337374708043182,10.748736296758183
26.685307212095022,13.675543544045315
25.91233882469572,13.266734330481667
26.38761499113221,10.077860136686187
27.853849973880525,11.203957566415431
28.04309441325416,12.232794502047815
28.434953790610155,10.044851187141184
27.68396247173803,11.423743924069155
28.116480343638123,8.995176597699103
27.655953953296688,10.44446150135225
26.244765636610527,9.816499139678733
25.77268418859878,15.390997420379511
25.48312113358222,13.419206983106587
25.9885084288424,9.794168569396918
26.88686213363059,15.357564863768674
26.631030671917124,11.787320359136048
26.213296560132836,14.015443125966959
26.795945792002733,16.086921466773433
25.83489584141732,7.9480131543579065
25.44046852351247,14.757251396933958
25.144248545367773,13.361303571477615
24.91973161850908,10.862799324922296
24.264309828210404,9.512764625420452
25.83664713454212,13.41307274377797
26.737359932210516,15.245913510095606
26.511017815386715,11.53888888063508
25.01614943888862,17.44308434041975
24.45316584240018,11.32632424091467
24.988172554034808,7.565730021329257
22.97850621037539,11.255616858175314
25.409541496300793,14.391947309610426
25.275808641061417,11.46089577231974
25.167966712928358,14.526259899476115
25.74854022230694,5.851453241675388
24.26342984609292,14.606262114899142
24.274346228963346,10.079718806860491
24.213414340722952,9.690708073000392
24.872752024511197,16.028749790437583
23.8069450533066,9.600789657605613
24.3813692770387,14.757095861463494
25.52210380302071,11.410921293074487
25.76716616994761,9.92342215296498
25.17183723518758,9.288633213408861
24.270168863192627,10.80522868471626
22.439079852822122,10.796604512614108
21.814316268423,12.22796358366508
22.26813375002354,6.932080180623671
23.72143612580529,12.426228205116576
24.71004410800388,19.892039863575903
25.863356604003926,13.389544943502885
25.340180128738822,7.270898798467428
24.860040114616684,12.766044346821678
23.27297144924629,13.59469304187359
22.551525644072633,13.763252577427988
21.3687281314989,15.768234085263138
21.070118814364506,11.453755911189612
21.697081426866024,16.939355074732095
21.530431999548757,12.90277389688895
21.15249877886745,10.465980267646636
21.79479547103102,6.083179848192476
23.264020985894685,16.00154385774743
24.30111709986105,11.881407351909886
22.554119312183516,2.6607386551176884
24.25620941910791,15.893517521377127
23.76955547054443,6.68060965031164
22.2793532943804,9.690185328485665
21.87528713579531,10.839430074413581
22.834272524328654,8.296460156155678
20.123307550584503,8.02178652187558
21.391830145932534,10.870065324098853
21.568740286930097,5.815251262640296
22.08917285141512,13.292035370273892
20.673507757351736,11.069426779539882
20.076016463535606,12.278698270251118
18.894868596603082,5.511937203622808
20.032384867483234,17.984945647373124
19.21140055878291,6.645704166212935
19.545317495175233,4.58872708668835
18.84215798543782,10.895598541797733
17.132792624931,8.363779315212703
17.974554331013753,5.637939138693314
19.125399643347823,12.204940549803158
20.595958934669866,10.001823511826146
19.996196674222745,7.0196688790032775
20.00199587272398,10.32035712421946
20.655387544171813,12.195362532134197
20.946140121523754,7.344267513479611
21.116665265362826,8.942640453495473
23.418266939539198,7.50788335935602
22.954624102662027,9.755232030700178
23.799412729971785,12.455348810102207
23.221762022404125,5.2408925928159835
24.604403940000843,15.133901463039534
24.3017391980016,11.294805036175813
23.272129694839805,17.6385544456005
23.98609575160956,11.014391633511263
23.99730955430855,8.920896942324884
23.57408988424178,14.506459122093458
23.310151479124272,15.672427131915327
22.64985926855537,14.275782672512753
23.13018762623602,12.865468008327586
23.42160883809693,17.195104922121384
25.05376477807574,11.259402578999584
24.331798804538273,10.583843933969112
25.729809110726354,11.300625789129086
26.24668409072029,13.93992288606577
24.791387784860067,15.283161245002646
26.260363974764015,12.35820805626819
24.44341867227124,13.002405524058883
24.918587011195218,11.232769873879711
23.014081015794492,5.73740213336647
23.25557114240664,5.565088723388234
22.850680950939157,11.818309285079742
22.54767046409234,19.61563466388196
20.597511869483895,12.994869745745152
19.80294529720528,3.7948175692346915
20.969386280362137,8.766063175884206
21.581030341477703,13.242498249272069
21.503421045010104,12.421697267798432
21.36724421097145,8.27230516252377
20.713172098171206,10.398717755515143
22.170845181482434,9.171410771289247
22.14503672930983,9.959796917798968
23.251665827770804,10.7305813973386
21.775762754896103,19.501621629476027
20.237193294977246,9.931626080077855
21.631967532353407,11.31037461443963
20.77634744834499,11.032915193410163
20.611088631855008,12.388846614623603
21.125546347296183,10.55789671193989
22.091261402316658,15.069354907431325
22.77095896073134,13.181623149281602
23.372798816316365,13.403701483137613
25.05398732342685,13.56962532855398
25.361158350731685,14.26711409117009
26.325193043521512,17.16645991116068
26.41985393528639,11.867119065862315
26.63464223293065,8.67204017289753
28.599127203902775,13.168152649083963
28.39423127263795,14.593699158410805
25.89505005707946,7.9369797576891346
26.023934184593653,12.961054073757547
26.26620636511394,11.302599237295148
28.161401261905414,10.313854985238931
27.831368484150005,14.196311150256694
26.713790435627253,11.104517295819358
26.88354580146327,11.366775460002591
28.79080989871396,15.323295655388403
28.48335025169145,14.614583252538171
29.802113911159648,13.651291665807912
30.344216723919512,13.244959403427211
31.02844927682029,16.50941695925736
30.210559047848847,18.043336625042873
30.30515599357511,19.8508204764356
29.506204825948362,10.985702439863516
29.525453743035126,15.693367623154803
28.827451431592273,13.849684303822709
29.946674468712647,16.310966463966686
29.407565056640088,18.042768918611948
29.16353798289446,14.87357767557244
26.897502796839262,13.03975901094008
25.881190149039995,15.459019117031943
28.322098618245057,14.908157383404198
27.89405843657277,10.386012514478429
26.233378719478765,14.213773937670801
26.178462723506264,11.913211043552996
25.901575306052354,17.740410815091973
25.345882282577723,15.14536894408138
24.998141819124044,12.280648516205627
24.474030011474344,12.81481452276551
25.36757480415057,8.125440664362522
24.105927317491165,11.644984456078191
24.273565883705878,11.841248539977215
25.07267374444047,8.169950154203153
24.12117329971483,9.360940812355974
26.356754020764143,14.029770673434594
26.36421096784017,16.2747754000151
26.212412121651546,8.706995392049755
25.599696168206567,13.45799638433645
26.343135975943753,15.471635565322973
24.6817236573642,14.196896135306687
25.21799462475791,11.037368471139391
27.402616418059882,16.37108479687815
27.706704606000123,16.64810731016009
28.516742193328188,14.370280944985476
27.56175493155209,9.911548124086966
28.330189955822053,16.32643340469963
27.53281450229333,14.740791111695748
27.073113955504198,15.960514354144912
27.06557094377001,11.900794710422925
28.988937501498334,15.090422467783059
28.39276742485953,12.740499639333319
26.42991296580059,6.90901577276193
26.56271660880736,14.58239929677137
27.354715993192684,11.26163521607237
28.033202034682052,14.313309333934736
28.278978810913543,11.543798908756948
29.685191297376853,14.156898357413816
30.606465602134293,9.824065708597683
31.4854485271492,18.317587766079562
31.09115022180163,16.20689594194105
29.652640029520207,15.467205581901226
31.324000879624155,11.366172786232811
30.488759199231364,14.614794845404038
31.83130290678909,20.689725095575398
33.06728598589388,13.988843719714302
31.937232261480993,11.486294994084695
31.33755847842069,14.424217276950527
31.816117663191363,16.608676121492163
32.852093286658054,20.55234574191892
31.94242880025435,21.258868686155243
31.704318853534506,16.159687827462488
30.72010973419661,14.670432432096423
29.546454346627062,19.688256570586862
29.693009319088976,14.087698129810585
29.261061548939395,12.074850656320441
27.25953092968002,12.694578078934429
27.71238352813066,13.33413803475056
27.363189651495325,16.122432569444513
27.002144013510787,14.87503433754376
25.696170216065962,12.418277147408432
26.458324017568835,13.479553484308854
26.800841270898694,17.713255202246458
27.1386901309258,17.045813100349093
27.105874738417626,15.546824425812092
27.498880966784483,15.850918060521344
29.135775607961726,18.666167367956923
29.351633487464486,16.866156194176483
29.6230047875089,13.444500962481458
29.200558463023945,18.82229526375916
29.89985145799998,18.31126798397674
29.69233478224176,15.516433283454953
28.994764328716617,14.022993770185835
30.17472773325533,18.72422809267775
30.041746307383914,16.251071403620955
29.199143667934614,9.316068509576784
28.518969193912667,16.55132825685869
28.024011706098495,14.584680213398558
26.968834096594332,10.918816121511316
28.462586380378564,11.870534535622948
29.093119168338724,15.419383388502492
27.75366633762922,20.037583898166677
28.97271146409868,14.514991776931124
28.635085411031127,9.313167063005169
28.93324347076059,16.965830147552218
28.58147203790456,11.245845897632474
29.037660822593978,9.942946669304801
29.458633662927987,13.93759216370044
30.259465996355456,18.654886261712097
31.124758532522772,16.906961156200484
28.561948466462596,18.15322647700549
28.066421562940313,12.259782164741942
28.036313297015926,14.463468294540327
27.815799536125027,14.768573238331468
26.329899005247146,12.316159890998552
25.919859991430467,12.538717125877627
25.689871536204155,12.700870401459612
23.582838517604536,8.085636711442772
22.652780079658573,8.829302529264263
23.317570599514312,7.442730729003176
22.49103122165813,9.98595922012327
22.230323490931315,13.361084285775064
22.14728936555283,11.11386530606276
22.571174030996673,11.079616045713596
23.22550742411269,13.167463096145681
24.209996534795884,9.039801442306187
24.260059615080582,10.879592816667998
24.40048593963993,12.05971405643682
24.20639424081077,11.132969807188815
24.357850297056206,4.536496391807624
24.197249948814054,5.299753601195065
24.90955980572847,11.504184991305028
25.579797138229843,9.468957239860057
24.160901573881006,12.40095988486578
21.84609289385776,14.347692185860836
22.243883835924166,9.486929630663905
21.679334934794934,11.305337027958736
20.08607405457076,9.851846698554688
21.00409589987834,8.322908280365134
22.476550232927007,3.290231659344286
21.288297423940755,8.459186572904049
20.293549753284648,8.387010923821103
19.56458510414731,12.65185502964865
18.712503662141824,15.103761921633378
18.538521719133367,7.515156683616114
17.353983173003673,7.025389192632132
17.277811802956116,6.728834219771983
16.816278728862954,6.475778425286659
17.806707217288075,9.610139081770592
17.64237537593316,10.153054589158877
18.474048947608754,9.879189774924741
19.918308398298482,8.613716942756476
20.381219838023142,6.777138086898451
20.97287016121824,8.020078768551407
20.420552350566556,12.667871656360724
20.367542547622463,10.90239179098068
22.599366015665016,9.231222650076909
23.9175604177546,15.558084213349114
23.89461409828511,7.735053286708225
23.431786678558932,10.067197066473737
23.21351118364286,8.081550302176396
24.246100030720186,13.859136617864447
22.115771811726926,14.686875402688255
22.299664834654827,11.11159339772487
20.905544304814384,11.025576272813272
22.26971009309529,8.599836570889757
20.76076322572717,10.647985011338895
21.613634901302813,13.117800778846018
21.25309363053388,9.428186630305039
21.202594495028876,6.153130039058799
22.80083003686355,13.696511378847267
22.7278540632764,10.294313479207016
23.350110833009282,12.356818019854853
23.674941949721266,14.627707457115918
22.44697940989963,9.749639681374724
22.344946370394734,12.628262995396597
23.26927555801927,8.453465502929394
23.563505778257166,14.587991018726115
23.70644720013309,14.671163408433227
22.93024875276835,9.631849326023191
24.439006017379235,6.88478577699513
23.823937849844718,7.039041868646193
25.58524758203236,11.669867204072691
25.72891411243778,14.931298444867412
26.3935862063545,16.978971767262095
24.920738064792275,17.11966276395595
24.988562410042924,10.334069909494096
23.988845002855683,11.482404772076253
24.03161913169353,12.564430812920968
25.20959988533591,11.322941010811315
25.531546220036812,16.800281341397337
25.751012565088807,18.569032958772844
26.700484989097475,11.200980497205801
25.465709080236053,14.894028941102164
25.547207618398893,12.933040187671741
24.910358078104004,15.299718996594038
26.000788966458874,11.712359266331006
25.271461511281718,8.868238541608473
26.890411021811683,11.08446781850932
28.93666032373627,13.138960070473622
26.794742354460105,10.382562481159361
26.633526061609217,11.347899392001743
25.026379446589175,13.80932013011169
26.275314604215364,12.029146931451798
25.3997754080611,11.27304293569889
26.04003022800437,13.89091004829723
26.363350175779303,13.12056086538607
25.428219813393834,10.613300416821755
23.896250993253883,10.932046692629353
25.032485084903147,8.089539936550473
24.433078622447503,8.919658737475068
24.712684584042133,13.478111063778123
26.160803122156473,14.62123377089252
26.13994299691495,12.46564201631164
25.84293140553372,10.363134742355001
24.818773488147606,15.845010548965341
25.297422405447616,18.652578318912827
24.477940552326732,11.506278078762476
22.781126673328835,14.989019360230227
22.1956506648854,11.38481545179498
21.567055886305468,11.831533991340246
19.928298173522318,13.20005541583755
19.68666634947387,11.394582980246778
20.51203968389008,14.013493979922288
21.09506982851091,14.027971562539932
23.14892264600857,7.733639824392361
24.302225112421546,10.13328206112229
24.572720681099124,10.87879388757426
22.52098371347801,9.089979825621421
22.759334322259473,14.188581523548986
24.00733658704033,13.042631278615206
23.746152691333627,12.244298208623047
25.21354562549298,8.661676294303081
24.29720183432604,11.84054864524738
24.583111389145976,16.379627667678797
25.44741164710713,17.323544452863207
27.192437484143532,13.321352484418917
27.16515593722136,9.750624827980843
29.178024825496948,18.25058609760792
28.838467706794866,16.602106451343843
27.037246102842815,11.43866719008267
26.94590141436928,14.964953782975858
28.37381407868247,8.065239836562316
28.048606846504285,18.73398921838391
29.747676507484982,15.169880981627985
29.557844644109192,12.321648314332366
31.515771372148855,16.218831359251507
29.278394005475707,8.328178790245143
31.639501310398586,18.36384804515809
29.563116043394047,20.522380436094302
29.51620922750971,15.196180797201267
28.313578721133588,11.530114718853888
28.653259475272034,13.60099340168032
28.443247477085972,16.144811918804034
28.14938872021695,13.499466200660905
28.813418246716402,13.734444322526235
29.817095312805993,15.67904186421674
29.490101097147658,13.692342285717082
30.772633382661287,17.100996378010993
29.00023965545072,15.039158140982813
27.91451612098078,11.714363009600486
26.517005765661015,18.71871636191154
27.019720215960586,13.698630642344108
27.96631212777045,13.89750469937595
27.532658042888386,16.70789633904046
26.8783293287312,12.603458234704027
25.647400219178895,13.247128718991242
26.35086255364358,14.716811727147153
27.531713475559716,14.435990422514317
26.959186638087676,19.966886637897417
26.774645087253976,11.225075966186889
26.359386954755916,10.611948728287212
26.334562464223062,11.7518979796148
26.81168992401484,14.075116694445535
24.52434343221961,12.257859682189068
23.96826519166385,16.211528421716586
24.808717433780608,13.335508905260635
23.871178722333248,16.842914374278976
25.183584306740936,10.887316130930719
26.647866305904255,13.61214817386721
25.6779982680566,13.923875514622383
24.86523834452423,13.648641742004209
26.231940972050833,15.1356047741322
24.54388702276226,13.35137475251154
23.464035775541007,16.152689144009884
21.790029809583075,11.713247020427936
21.82454679411518,8.896973969536369
22.199399906658538,4.498500210899998
22.710986373239134,19.011979401413143
23.00937191103809,9.674679216215335
21.567785602909655,10.227987070542312
22.791980097846206,11.14622484631272
22.735577464175492,16.778999112261687
22.332040041643513,10.688338363292312
24.11434070663348,11.119847538327981
24.246742560010745,11.221704104183852
24.61517169681228,9.38679412495741
25.485805447307825,12.619910126355123
27.574324281685573,15.978302829847035
27.562986474658313,14.872139368725378
28.27857830543516,14.942110617745678
25.86365200707402,15.105811644429757
24.851080359120505,19.46921017667283
26.983878980903643,11.608811421505434
29.04536607759164,14.314833851610828
28.88512310306197,17.65255053257226
27.95562243250313,16.325488236346253
26.535609840907508,7.3836837571098215
25.286387886392784,12.811871390376725
24.68297233303068,12.455517042907303
22.886555550486595,12.934227668352312
22.765694383569745,9.729275252975734
22.581469540099782,15.159891447528173
21.292677382835173,7.059983171045463
19.934339215831784,8.852540130176195
18.710539659274495,9.250298199653775
18.19330393511179,17.44639245954455
17.954619405925406,8.77174100492516
18.531260164894633,13.50117927420317
16.708213868558733,4.2953092273807965
16.33444328053609,8.64761943881309
16.35536163223181,8.331639792263806
16.67526923154736,8.056492295284915
17.546494618439933,7.976642145082228
17.115329119127114,8.183195347651147
18.387725358813803,8.78972727904734
20.750964754236357,9.614278918826512
21.204478612602134,13.775582695256785
22.810328843843003,16.337708787159954
23.82369914575766,9.103598237087475
24.29636516168978,14.667024229083154
24.088180449510755,12.896827608946948
24.36863169110673,11.046149364268619
26.505864884346437,10.425646204530322
26.6032744795454,17.031594224742186
25.82758408565232,11.26125413728101
25.340195117651817,11.964985750606903
26.170071686066862,15.055728366919103
25.5405590579615,10.303681197351986
26.51238513917303,12.933229320043178
27.29958072965193,10.325250583261612
27.571849079245872,9.304747156141593
29.318812149905952,14.320213174856184
28.01170087779206,8.741496833833908
27.482048425376046,9.466514350616933
27.339728062891247,15.458112755589164
27.780155624901568,11.171265318704368
26.423280776370458,14.62216099224175
25.866457629969137,13.525532765972827
27.2360305789324,10.038503371527636
26.851716121372686,14.96608600300654
27.8221946666105,15.572053722583968
27.597023524949265,10.519803368484908
26.836461789749148,14.95439087800613
27.37716039028507,12.904136573276723
28.730414725605392,17.43151301364826
28.68524606888468,8.468033084483885
27.33775113828178,14.988379180683003
26.535043337818475,6.527540385054069
26.06672839210145,12.507664877378451
25.78835242737969,12.572100001415386
24.809655392809134,17.345176268457664
25.50480191496632,13.414672427785364
24.39812456128356,12.11920147240144
25.393603900875277,15.358023827475954
24.290736884829155,13.219753968918537
23.269252070260023,12.501381086488324
24.409524761872472,13.543951855819042
25.12327814440406,15.142368889605581
24.75272143656414,7.6195089561422105
24.1155631874473,11.39575471868374
23.86052482376874,6.737179427192987
23.88634249022277,13.525581696134381
24.1210065051275,12.51497470165182
25.17602834808348,12.16766854592765
24.30423661026393,14.895880978563092
24.2914391940242,10.390953919652725
24.337342603785466,9.730984539903528
22.912572053429564,12.385847614627895
24.090597714568936,11.970268559957248
25.79169829659372,12.581685636896234
25.76260999379408,13.996753372380898
23.934805937397353,15.20078674023398
23.069787720621996,13.096729515806583
24.00158123620946,10.37709302052076
21.87978331517521,12.481877813018597
19.79109973689387,6.192306882889934
19.225150649854527,13.82826335790415
19.661295853473092,8.276279575486711
20.467282330921808,12.521892533057992
21.46185443119281,12.952151312011782
18.98198703808007,14.42913784508275
18.328462007538096,6.457136515852679
17.27756871047123,11.46590281996343
16.214737359393173,8.137833199955692
16.955799336421293,6.882356051247296
17.33275104785876,7.746051066216836
16.521680286213638,9.211280174692048
16.701028714315044,10.792702047601448
16.865475797138085,9.63984784348854
18.118037911393493,12.56106248352041
17.508694104846924,7.281547965931838
18.105633418172904,12.914980853575564
17.330194962695934,11.292650068578705
17.740256295930653,7.814157060121422
17.665706946511207,12.199386745956383
17.89877296293786,6.995021310040572
17.865878882596615,9.71796357983304
19.375665846767923,10.127762311432765
18.65439467290643,5.791733086177414
17.707948873384037,9.871838186226915
17.147346162929004,10.577429856346368
17.62289525579231,9.86552915293167
18.356444537868366,8.848013244403784
18.326607422785226,10.67058367156053
17.689943996316398,10.688335234477993
17.31530200182886,11.517481884251444
16.664817894595192,10.287171594248989
17.205005456060565,8.273596807502873
17.235927302273307,3.170386218671008
17.512872352590612,14.029005934567692
17.62559778723651,11.77318054333473
17.750636550156855,9.169787384653391
18.94058124132398,6.155516319615391
18.51364783767181,8.23118543476196
18.98003669970192,9.578270772138966
19.48027476416464,11.549271104593672
18.80933787935228,5.888505358699557
20.464915536819124,13.262369355146394
20.728707825767223,12.88728853036067
19.64421774579747,9.644241962134766
20.620049050938643,9.367016098130426
21.20369853583365,2.843881004876515
21.92480671523721,10.103977029559005
21.74690213337035,15.379364059416227
21.419997139713445,10.845251489669561
21.592187504618142,3.471735899792214
20.27718861255282,14.708708303178703
20.457663507789245,11.00958143649115
20.543666770926546,7.933454224807605
21.435560005745213,10.89027674483927
21.241220029140727,10.101802992610823
21.845615099421043,10.343250240424688
20.464762215021125,12.138905889374108
19.72632082041173,8.506089013745944
20.49765367626446,11.399997432395148
21.932831031239786,10.88227199925589
22.811993515525703,14.514905144803807
21.351957445597666,3.5156970740992985
20.342704322730327,5.938502880402481
19.742252206237705,12.767423176513901
20.95506639369104,5.191038060026867
20.360672788402844,12.28047222069382
20.58994965471861,11.425344938528037
21.042988250362107,14.581375724470353
21.492339994211253,11.241457805428135
21.350237851104282,7.508767738243422
21.672035042904724,10.138565223006854
22.502023801523897,13.535874418649003
22.66545084031329,8.646780026436257
22.621572126845408,12.364921985279175
23.395764401669048,12.927481694658567
24.882715974379344,10.799229799940399
27.304393996727008,14.706542755391503
26.202816253645576,15.47865039118286
26.483310923716726,13.50152647334876
26.598559409744787,8.364332020108847
25.536450864888845,11.931270497902789
25.26851623507009,9.369604398980345
24.61292651439812,10.314404833772956
23.66123752733252,8.95598874316717
23.07040823432259,14.389594456698399
23.69139086671233,15.065426774814505
22.685523582438652,6.424696697009409
22.169002273472298,15.637359911129604
22.0347353597331,12.591810309014754
21.056929075271402,11.208498803497667
19.84651779307814,13.737119498283725
18.276712713615012,8.713481177034339
17.525422380292234,10.843118179556548
18.87691545758992,9.904215143150857
17.195933807005254,16.11778981344002
17.997608372821613,11.399856791151818
17.070909441588597,10.401807653672101
16.12054989800113,9.7587343357749
16.846625795120385,8.171754156624727
17.35862128829609,6.262910890719123
17.953750500226402,5.670886772813787
17.914889043896146,11.722530185963524
18.724934593669456,9.963873398541796
18.07812356045875,12.727672579071202
18.38499273072379,6.758637695973431
19.296794007279033,15.417683479269195
19.220854986858747,10.156259831375477
18.350290279361626,9.252860591102223
19.950958969020103,12.610516083825358
19.70199529230588,17.386473640767534
18.715089907104062,13.936149653421644
19.30169621630423,12.679343880746284
20.5176305728954,7.367229187893502
21.04816860257164,7.296588718724664
19.854500633064713,8.74072905248026
19.891859311125707,15.522078639297218
20.175535549675587,16.335048224694567
20.776048850340572,6.021596255981597
19.362803969976554,10.608161795919019
18.10042167500838,6.95557018613551
18.27170893565177,12.312842990636021
18.265888334753093,9.523068358720684
18.693843702478265,10.392660716871049
19.815102773411816,10.364631222124839
18.462353917371477,7.359860876118664
17.329888188993515,8.302835451480089
16.733176478165195,11.61222916552704
18.195528818286167,13.044713648018245
17.969507126687905,7.493295373821343
18.897762720356013,6.644726611883278
16.53908249184311,8.754744857453423
16.7314450764982,4.189666309671679
17.61320465199878,11.874500085331364
18.981240501720496,7.887931905755243
18.26953557578235,10.424704133428431
20.240471839504153,8.57599207737879
19.433762580565173,1.8030288843697893
20.873634998170495,11.287951294964055
22.56215868960579,8.079466113589357
22.49993425876435,8.848933251360274
21.195976946789532,11.729288883752389
23.386201823628785,10.976698174274997
23.78292536463745,12.662935204372356
22.622271445951533,8.355922274770958
23.131964744399365,10.077747296731234
22.111984586164343,8.709044040374476
22.29871872428762,8.837154837469136
21.23056029629478,7.280550931816975
18.99844061928247,15.316676412145085
19.675361029120676,6.932441528728136
18.988885456186303,9.907506262243487
18.856607481592306,8.294615548959353
18.960414200293048,10.075308241975218
18.78061821752316,7.652979541663216
18.076377545045844,8.006672979814043
18.426669927016917,9.12378274356642
19.01748133791041,5.234557084340372
19.235556791872487,16.675984111452266
18.889418473753302,14.229912374833878
18.930087054788622,12.031963230884692
20.429835287447627,13.772107044342507
21.63811268054605,9.009364085245767
21.42042955604244,9.257252609222753
22.059985281797516,8.963099759379965
22.688266477662065,16.052269242885703
23.323827371336122,10.302369790813454
23.437729212234526,7.616154158020725
23.999273066896315,13.79264439915088
23.756950561042906,10.425342385471527
24.536452499887258,12.721252125235758
25.156270582325202,11.706347232061386
25.921863032832132,14.52742601075027
26.674058289580316,11.052748072498293
27.323755228633544,11.91841613157835
26.652541548538238,14.946024391765459
25.589238727947002,11.59684896158404
25.822783301414837,14.645740278233028
25.528953568454707,9.930548691970333
26.345578676763147,6.220575274018911
25.798617910349112,8.758925799093975
25.425631247989262,8.867235828870536
24.179052414031553,17.241354149010682
24.138931399029747,16.687590718596162
23.820312395784615,10.4838965154167
25.02416409044813,12.75625520863863
25.157614043964998,13.874944277564385
26.60994773348391,8.21933030531637
25.9369879067031,13.425757111293734
24.443522672921343,12.515334169381433
25.581431376097516,12.138987304457702
26.155000535768036,17.871192869489644
27.786195253747476,18.012949524475868
27.212922199557156,12.17474494543899
25.594744239570105,14.76521484733168
27.24607166963391,18.681405099026627
27.65068645677175,14.051731657903442
27.20312522446845,15.596999590571663
29.454529479913266,16.71270922136909
29.653472564786785,14.828242216672095
29.001470117289326,13.390429192384063
29.543286305820597,15.12398314686889
29.190977697815924,15.46859869178767
28.543902983598617,10.165467036718123
29.114831182935372,12.22922979594788
29.32686573540046,6.438869450805342
29.313283609714965,17.443674867268662
29.379339155045606,18.267671608381043
28.21737219993625,14.398815510456116
29.089950172616412,3.9911482805971144
31.1387876705208,19.266646478873326
31.58991263728376,18.125387191472008
33.02000271498461,19.342698939219037
35.144602042907984,12.300775844976636
35.0994508988375,12.138930187520511
34.600431048215086,21.50078726667624
33.822969191187525,14.256507224205933
33.5230200000033,17.568206638573987
34.45817009083065,14.565462390434387
34.479739127896075,21.76932105329239
35.80976660027817,15.071699815307447
35.34308667821166,16.361453279398187
37.13115595448111,20.524261095462982
36.98130094717205,21.508702150383932
37.05981578620031,23.499142336503553
37.28885385486003,16.051232425487704
37.222700201735805,17.75943312953252
37.26882878246337,15.603061942722412
38.005898857192726,18.825285204851582
38.04977764258101,22.287333321074918
38.64011202271281,21.094647162549844
38.012895016775175,16.34833683537993
37.38461902976816,24.08065685680147
36.1479817701348,17.297487590579312
36.99885842407521,16.39538491942557
36.31734166383678,19.377546648122852
36.88551471282383,16.817601551859408
37.12242057778311,14.977769124008542
37.378162260149104,24.956529950841094
37.28764890780499,22.53725624729732
37.98240432887289,17.159809162003846
38.60044792705532,13.707717933466686
40.351046807175074,22.297905445352903
40.272995221883306,18.678118819030477
40.05215630652789,23.160003921206567
39.01285919507853,23.644582710767022
41.29265199512657,19.351418960587413
40.7478439314098,26.916782151218502
41.69145314738541,20.824805089356037
42.58676262510183,23.487132881061793
41.53887877244625,14.31079678399022
41.05427477201109,18.692033540400672
41.911725058754584,19.988047098865792
42.040462248795365,19.722736376429353
40.91616231211394,19.305498246566046
41.169659960621786,24.07817864544899
42.7794298931531,23.08710859397927
43.242152137035525,20.895144394153146
43.901031417481605,23.02598384739866
45.27620591921217,17.306125751735717
47.5143684224682,18.61222166022963
47.663951855713755,22.732525423144818
47.17505223310864,30.010167366568027
47.21715030866327,21.81709711331049
46.85599697626217,21.65643913065093
45.62005985244764,24.813293371730808
45.56778833127434,21.498586257422126
44.718960810575965,24.000378693749866
46.03573668115291,22.837392323458435
46.00853237868848,19.381256206423604
43.523801157063424,22.1853052896068
42.57888209104815,25.679999062147257
43.001927751106464,22.56673319798594
42.47819655219171,23.538257564824963
41.711709594199284,25.72185189635319
41.19016645652836,17.713115769567093
40.37892289875468,18.622276340220385
40.981127211336236,16.26463677923664
40.5193790996038,19.900462475428583
39.60961835338222,21.77259535059825
40.424610146981756,19.053577737558868
39.242111115653934,16.316173928077855
39.438421265962866,21.370360725339843
38.423135556317675,18.462047239047315
37.97026479686647,21.471430088607892
37.44335184641915,14.963778963611725
36.285104245686384,15.529803942487773
35.65925783805506,18.367826807731117
37.06848683257351,24.67139053319723
35.91638944541124,16.49508088405904
37.83971651364688,21.902484753185217
38.607736250933065,17.103466170550554
40.11250735085675,22.287729421473777
39.57838491921105,22.62229340188598
40.60508503113613,20.518463683955257
40.762810135329964,19.03865432315
42.74569736922065,24.38655004685319
42.27613859110554,19.20561561105371
43.471417981905475,20.37859901044869
42.84330762763713,23.824076781796244
44.20042687882888,23.174209542437435
43.797305064542435,24.234903378262487
42.64884476991059,27.456843327687523
41.24475562443515,19.137018333281183
40.62427947056065,19.90007353040159
42.110616246507696,22.708799667107844
40.753460269203224,19.551214634370158
39.94093517171648,19.10917640668503
39.77477320304841,18.920040176511385
39.75084107691831,21.969046463783567
39.92667976071884,22.961023677922395
41.46952798865107,19.53249032362491
41.20417797249432,20.393880656660922
39.7053535274383,23.631557126314615
40.39226094339332,17.61859802258789
39.92391076151471,19.10977855529913
39.64709422783898,20.539173379505808
39.731398296077444,14.495436228262253
41.274492743257284,18.796267897822233
42.464566291994316,21.46394130406408
42.474021838938754,21.541353195138626
42.088598258632274,20.20567133272359
42.505464203814554,24.408212821798845
41.7136906714611,22.052745400575915
39.915850501576685,17.070575274171578
39.22000117882159,16.59596090827349
40.16432816083,23.007253661244864
39.455954960447286,17.268699350622327
38.919347728555884,23.828880875264595
40.34427812699681,16.7811630644867
41.78212485059941,16.412135667429553
43.24749396552996,25.57640804341404
42.459598459551415,23.48631855696582
42.946079900886396,15.173634171211075
44.286598963328,22.118767915092157
45.303355862401624,21.36099636346128
44.915751742951805,19.611566087544183
44.695027559440234,22.46034468632831
43.93938931339009,22.854977842757627
43.3976650264281,20.98718052038999
43.75910356405935,25.840725909267995
44.11920943709879,21.84530510972345
43.24013725726921,21.757539632848562
43.88733757682166,21.840096951097568
44.07614952544879,25.098315192635887
45.35707210805415,26.12613942639357
44.81554011316083,25.839352749339263
45.032217091898225,22.61248993953459
42.79007112193014,24.90735541550024
43.556503312872145,21.79426788777543
44.132202139767756,20.97154340917164
44.98754315661289,19.323678363756258
45.02774571107791,23.970518075966613
45.06184330173093,16.475202014994156
45.0072348961001,23.88929079967675
46.255456783898744,20.12007158276392
45.306132476595025,17.52590762668113
45.228752658073574,23.634500069042318
45.848122533651356,22.412447065388015
45.50940840637619,21.16765591199913
44.611695331281155,18.19464465778834
44.33773676476324,30.0295761392148
44.673022984683826,22.22608872526573
46.26704948598132,27.12354085345236
45.771572692646345,23.878527637114853
43.64588149039481,27.463486552528924
44.681720046246866,26.21570210305739
44.70466727196045,22.38936895390487
45.324991302549435,25.716904287630392
45.24059503947401,22.31070602721077
45.22464441104054,19.258446131951363
43.325572939885724,23.63529095887657
43.89367550902692,23.281797744924404
42.803390832767654,21.6202057865285
43.44948840063981,20.025032448877056
41.54635274112505,23.227262078036606
42.70321587621763,21.017496747689506
42.50890021731741,18.798181388473687
40.189741970489905,18.67319756427972
40.275081091783804,20.22305098674193
40.336581027282264,16.43854762580814
40.40376538862704,23.4154751138081
39.26664739923201,20.108365256458665
41.443241970677484,21.356535792650902
40.90331070470252,22.172418647989694
41.85237150373305,16.3835229108852
39.33500385372565,18.9560651417727
39.90046697182415,23.990094558645147
40.34197251894487,23.50309846412099
40.2734282046486,18.260628965994314
41.45456897123442,23.2660827982611
40.81217418783939,21.378525673539215
41.21240698547376,17.103959288733954
41.100939174055654,18.038965154295123
41.32578780274357,20.039893951700872
40.31091845860281,17.185863761090566
40.90566026595489,17.009264509533608
41.406683463097174,17.32570552130684
41.66008017360343,22.476809477742748
41.9279070907373,17.391585050785537
41.503050871531556,17.349953181684807
40.867364119792605,26.513993810618544
40.612762668186434,22.395676749398582
40.95014247806542,19.336135972113745
39.720463972567394,23.465157790960824
39.5917006457746,23.334153863948266
41.10356596901518,20.192213095969723
41.79794854048735,25.835078034595522
40.849497172281914,18.916472935385013
42.05569603688304,21.102780668238154
40.3782537646451,16.269063399315773
40.16507583097126,20.42338837427921
41.25493154265181,21.795446273286633
41.908476827572194,24.293294485380525
42.251276691597624,23.400688806730642
41.22620926220355,24.835205386463247
39.60265901302301,20.08245625014994
40.11801594647359,17.05468602389605
40.384458658513694,20.274456625768163
42.036911566280615,24.531062243344635
41.44987049303009,16.667397566416128
40.34865837722841,22.971379564019248
39.78327479548012,19.11528110628585
37.94718462343804,14.904217059629419
37.551319034611964,18.098933979187358
37.448942651554574,18.74349053542388
37.225935717940104,24.14773558959277
38.95237508149172,17.907114837265993
40.7465840901969,19.466090071959677
40.36734998092706,21.310857336215708
39.76951454321538,21.37039784431281
40.980976929677624,19.104579025815454
41.992683197564304,21.80951166744678
40.7253156402841,19.073847101516172
39.95680056749844,19.3645147235929
39.14093850168018,13.30471227926517
37.82296991545051,19.16962017522395
37.215217373584416,18.77395797454609
35.927304375777865,23.570181755099636
36.63062090243573,15.81893914656932
37.06701792257073,20.99199830370226
35.33001054957628,22.439392202065594
34.65209241241154,16.55477211692858
34.025370185579526,16.960814527104947
35.37376975570492,18.14201126651682
34.700571948054154,15.382325591521528
35.53316007555609,19.943475101528712
37.10731052081326,21.24096185934889
36.20656897188546,16.97954997192492
36.71021445156191,23.41583672817581
36.79025635963888,18.502060154669653
37.656688400347015,17.023081498523403
36.28406541678068,17.70128603954711
35.90563389499583,17.49586137627096
34.245706950407246,13.906463118063598
34.95594266593977,17.1057834953575
32.990141909931545,19.175777690899295
33.05103230041082,19.52246635805768
31.476794143255006,14.607053661514003
30.726628317795146,13.783619671025788
29.898550823941118,13.640239021168577
29.96034797515343,18.523482510284044
30.496786062840542,11.108373522808012
31.637879250326826,19.223833307087066
33.00522311203764,16.447529192866476
33.039648278786416,20.330164834116083
31.944778579666,16.20892042838253
33.17796203701132,11.274677847987501
31.94657986579159,15.806556930791887
31.958906098404793,17.17766698745026
31.27568591513736,18.105463991144042
30.668786828094188,13.681431653608477
30.870683621057882,15.560289502384142
29.747423518790207,9.813613683115683
29.662307145733962,11.326325699479714
29.581381045671158,13.659547167665366
30.64697327131104,9.546200241901968
31.789924596047918,17.626927660807116
32.58432128155216,19.06477169420398
32.658182957429865,17.7869153569619
34.40392538670865,18.92085088148753
35.40582546189381,21.10188158587373
34.17107955333127,16.085380761766277
34.5043489577979,16.220500352544764
34.99597042052997,13.823756180943759
34.188173850831795,19.62511593769059
34.46550365711225,22.733647197067143
34.17210711536507,16.64378894520549
33.30442662150468,11.729047473672225
33.39390890153019,17.91396270579547
32.799797551309005,18.71936633710844
31.60461747174118,18.56289460866418
31.651135589316308,13.588458089572876
29.826854251533568,15.666260477071585
30.99196786833759,16.460821686803246
30.67442041817606,15.431654747347459
30.791263214850755,17.123444915295856
31.784389925905295,20.600483836159206
32.75367806700113,14.960563075983565
32.48611452032467,12.345986911856263
32.84523228334851,19.628202449736676
33.844163749163684,16.331858431374744
35.2853820215563,21.67427685322852
34.52147106473266,17.926132696104055
34.85045557063673,20.877253140066273
33.788730169026664,17.89612125941648
32.91591987217832,19.000376093374243
32.85375266036752,19.587069604575753
32.65480585682421,12.655660487607484
31.56940940660789,13.574303581620171
30.667880311634136,19.286753181473355
30.585215709746766,10.090014689487337
29.137134822080785,15.777277642345634
29.284728446340857,15.783480328556294
28.07501986889544,17.62274569260967
29.46896189967985,14.72622599699669
29.624078400281554,20.495047288849364
30.345972921035735,13.205998784817343
29.95418566030843,10.719835307176629
31.039494296731423,19.260028149878593
31.52901330980582,15.57304911661214
32.254205858351035,13.563670990512374
32.34213319977561,23.60083181585422
32.94718177777795,21.367057777005304
32.823429782288706,16.62525975300123
33.416596364606825,18.92119476567559
33.093681228125206,17.34460188466671
32.75961075488917,15.593664165071738
32.89739225904559,17.251842131198764
32.98420960628324,18.044510841347694
32.91184125101752,15.316493114415385
32.11645938085116,15.704189143662745
31.834913884229422,18.84573672905347
32.76181493446918,18.697355633194732
32.87813298602892,16.169643722039588
33.201562450190075,17.36341689614908
32.67206631005971,17.31514945813769
34.05436933958322,14.839404643348841
33.83520999432617,14.129201872478362
34.37370199726204,22.753553156795313
34.341796359978225,14.74231795008624
35.5340489316476,17.561850272387876
33.94159074675313,18.364952771565015
31.85142870911357,11.204255525762346
31.481012015606975,11.797733486368347
28.93617241402476,15.55174001627162
28.10522843623036,14.482849682256978
27.333977310007434,14.712057421897782
27.020990938750725,11.90771410340896
27.628882551040157,8.251751281991144
26.21776405086942,14.557925961514021
26.693930554774134,14.249929889059679
27.901854932710528,13.666431223483947
29.481372716666066,11.17207055526335
28.322410818256486,10.995382508112337
27.927434526278713,10.753403252970159
29.826710567818512,12.767542693116683
28.800289701895377,9.288704131579394
29.928089454276176,13.75326215050917
30.29063458559106,12.825971616994941
30.84570376639616,14.961548695902717
29.15921011044279,14.719351914216766
27.722629937969206,10.371878143935515
26.823090504604256,14.541708299769276
27.43802732333812,17.835814577030764
28.242793441499266,17.83704769081738
27.434735990465676,18.053814659711847
27.725412816003242,15.099356521426763
27.857376590347137,15.16493003569725
26.875470592271025,17.21481364859753
25.753274367297436,9.929367490439535
23.768148617427638,13.416795336224107
22.576240298578217,3.2042003895865943
21.69723257764496,12.19878766495306
22.869695579006528,8.572669006291068
23.64723726209835,10.81689117093021
23.375652487708404,8.871738253140698
23.61634749884076,10.157921476494465
22.680032040033172,9.560745299371291
20.23322411037377,11.568932154258661
20.38935337631891,12.28611070191786
20.86309608957465,9.761360000215504
19.97336742602616,4.635140507578509
21.082364730491538,10.837609927847838
22.037189823880954,13.944500057308458
22.752404678740355,13.60525931911374
20.746537779138844,10.052710758002675
20.685540255151825,10.535019699404273
21.215534394841438,9.92436427838855
20.232751653906032,12.238590616771388
19.60414308878575,12.363849205593143
20.36235588799846,8.22702378716963
22.337239790478733,10.122496223863601
23.066242717433393,6.969415583284684
23.22252211064281,13.629096219518548
22.62943107507856,11.440501832750675
21.456650886895915,12.751866059660669
20.519707461591143,15.786150294811412
20.8249107174501,5.704597300375345
20.259787938559125,11.946696182510479
21.545622291859402,8.627839072108758
20.13657155814445,13.212739771299361
18.915613076694406,10.00969184759349
18.80918109213394,12.734808385081646
18.978990569229254,15.066318955279224
19.05213223466582,7.916468948883431
17.925083228802002,5.031524134060639
17.15149712531848,5.311664677306
18.07887128070207,13.272499082965327
17.684782345856974,12.337643552394209
17.18714992765326,11.366026226145145
17.822759873841427,10.139058527843332
18.227227802116328,10.970942010460599
18.239124289791487,8.335248799975082
19.93732811281792,7.230525456663833
18.57884855477752,10.092563537095954
18.966048586763776,11.214425380017987
18.36956283933608,13.393412835894717
19.381310082608024,10.90340481599593
18.424155304582683,4.780475829968456
19.09178852558242,9.356944677143765
18.699356589883376,10.611337183746766
21.25228552226481,12.076778052793525
21.495830003551976,9.36965714557259
23.723324351339205,8.971737654947777
23.05830263923199,6.55054685819784
22.462630160414705,19.46738078933911
22.832044374609325,11.593433623989776
21.1287812704552,3.1841029185805123
20.197720860858198,18.769384709853682
21.711537988330587,13.271760256148774
22.830914851318486,13.395634674495762
22.62337539518196,15.49344455188196
23.759016510852636,15.580680419112015
24.23081824501861,9.815015349724499
24.715748214538017,13.687483551277928
23.76816776539013,11.514489521464013
24.749530288215738,15.854397705460862
24.192075410863584,7.42795939589416
25.69930059555586,13.146443462372535
24.67798692895183,8.980131474267143
27.20224428567288,10.199594395239643
26.550792680207774,8.413132870153671
25.19926215986835,12.224844509148783
24.083377953742044,8.979305264337384
24.48012145795516,8.204499226866371
24.77979296511197,14.345056139595098
24.103225010529332,15.613143512699002
24.886060283412203,10.77128243731173
26.851370532282047,12.80774130587749
26.993661215606462,17.24431379398085
27.785210456714182,14.47423734315667
28.693186980034866,13.792479508193175
29.568605897249,21.745678235357573
27.85555996666771,13.423071778585491
29.399522259305442,14.329767134758471
29.394931273353453,18.50982344067362
29.57789014948619,12.608988499836673
30.838528378960852,13.381662584395375
28.229577447934744,11.978442237725359
29.099549070760336,16.99202260289492
29.45693419967706,14.469454446461944
31.193492246187418,20.2807594103798
31.63793450938317,16.013190919773763
33.06778436065114,19.334179857613577
34.2296567610462,19.21941613839838
33.10773515650998,18.75675505122048
33.122223470862565,14.813782213942003
32.4691084927741,20.06425502704839
32.474094351766986,16.378932663431208
31.65895165999126,11.48897050464873
30.206621586526257,14.252781664559864
30.138468933393266,15.549937081551045
29.87329221494431,16.562132617880813
30.401352827317396,18.95408070738947
32.11583827646762,18.0071784128567
31.80177098336105,13.138886612634197
31.631308906692688,16.963853355112832
32.90289320299551,9.793228595320276
33.927643179663995,16.978000842070188
32.373110258373025,21.394552636637048
32.38334853237283,15.212270689977212
30.890310619542184,11.03137799420543
30.038840152271312,12.411412748563897
29.533946713459354,19.616030489160483
29.368201575576652,11.000867469124742
29.05011558883782,13.441301519403012
29.228517755408888,12.011505979878114
29.52325819673335,12.46825356769462
31.07162002341988,18.61151265928965
31.838169715542172,11.301064863628671
30.73939049733381,12.296359242180431
32.064226291550895,15.723005757255784
32.34882780800831,15.36455835380084
31.143794138505296,17.368200952293193
30.124425721227226,18.445365464126105
30.135408129252987,13.273999690996554
30.19377094818084,15.093339851592857
30.502343621581076,16.276833003972754
28.938706702176496,16.024448488950398
28.564201420148134,12.344187840247324
30.601966437652063,16.088685744609844
28.824711306502714,17.80293392339955
27.430681581560794,14.282860748121182
27.413813466699576,15.486955554463702
27.65385975679163,11.37673704558151
27.02162365333878,11.300517857187813
27.11305276606846,16.71234851868245
26.94595425817607,17.789140251567833
26.03921990727872,10.89743533367597
25.939659837206545,15.62289825360238
25.559349047812514,10.945751552447767
25.841591288570363,13.974157334972212
26.463217736622685,17.408559354093114
25.506317877946493,19.132451506291744
25.33865572061395,12.532597574854321
24.219082837454746,13.793155580931753
23.79160159738275,16.06146243837783
23.84916700718259,6.877126815517121
24.482350918473493,11.531804737320403
23.62428494840685,13.040406074265375
24.184358627533708,16.657281615019855
24.018735239340682,13.823435067039508
23.6889284675124,4.367070113021015
23.386487610679577,10.662756674918441
22.72181832212957,13.604677543766774
23.00584134522023,14.209778316748254
21.691869644350707,11.970820022848182
22.075057073023036,11.65194356275606
21.468293267598945,7.297160147528787
22.855831425363814,9.493236681798258
22.286990475541415,10.836647994896204
22.530198853412163,7.956619646356295
23.1766265751129,10.803775601391898
23.8771118230598,7.850498388810385
25.364322564877558,7.584045039416597
26.945101292273623,15.254212941008557
26.75946106116888,8.977761019553764
26.26384054732305,16.694844857047695
27.65104615633344,13.994685648636967
28.047577899258773,15.245267226879633
27.929789647182734,15.5472552177409
27.95650523733057,14.211763088519186
28.825281352792036,18.400072848121724
29.63807147969237,18.132419538431257
27.540614703384644,13.61203025415729
26.774978302398303,14.406986357987682
26.247590055337827,13.192811882067732
25.249086272732384,11.324560248445803
26.386743961878615,11.933922775952837
27.631477898021977,10.762109554491392
27.52610429791333,11.332520460076513
28.976730344136797,11.52898157357716
28.714149873186948,18.121242844149325
30.14169774354792,10.677607963383952
31.003705151862906,15.82244258130585
31.318080635029197,18.674507710682796
31.952434323270836,17.956954765747373
31.58477843421011,13.012243096763111
32.84108016302383,12.663291167633876
32.612625966298346,10.265350952394359
33.325185173015356,13.96147436338549
32.68288781660102,19.746506098832715
32.077087197025484,18.096190816446622
32.369606048186654,15.685374675027516
32.6907581768029,17.821219363617224
34.13689713264454,15.35440119394074
34.1301438523773,13.68215776927562
34.646211559870636,20.87467064537084
35.20435117065257,21.250833595687975
37.36279997414105,16.30384680153837
37.69292093045355,14.719770078377241
36.74583457617787,20.569551531238886
35.44414646074215,22.995039911198184
35.184093247715246,20.258047847810474
35.35255903488315,22.15652955884077
34.271893622553115,15.32853727728241
33.17046766013193,14.536543320322727
32.26123403019466,16.57041869935532
32.243991905281526,17.314303424367345
32.83760582051614,16.8914526874816
32.11108627118183,15.983407727762128
31.267368217795113,22.99232432306251
32.48883003261063,14.922830783245677
34.191179729958506,16.366836469714002
34.686257452681545,16.558748252937004
34.07001671099178,18.09616540472168
33.439114174163485,14.493216849339559
34.068891679647855,15.53062551943553
32.2862464599531,12.25094219139767
30.63624554163851,16.989274672843642
31.484687826627855,16.156950513500178
29.97090394464218,13.172294654085082
29.10887584961969,11.758867773747053
31.055389320916362,13.852707534875842
30.47213956067991,12.741795473341753
31.710840226942434,15.758756091065909
31.336762826446602,16.621724711534704
30.166276022534994,13.407121058806808
30.51139665405021,15.104483514304238
30.324107884815263,16.656038667387374
31.069922695552517,14.421148526024654
29.534402337377713,18.390618752894685
29.972905317631312,13.385261967458593
30.134643807089667,11.808127112165673
30.874034025266624,13.390973292032019
31.092085941180635,14.611210571898564
30.077463676975224,15.769495893803468
31.35272057297382,12.577551597139383
32.21427159878712,20.67324011351483
33.09728950827814,11.268817521837294
33.6753078022821,17.933077939977604
34.004398375546764,11.339566114476346
33.411969804074594,14.82387155417531
31.62552628056878,11.68016653751532
30.039611437927327,19.04511426036658
29.84393963986888,13.838953881329516
27.57504059809165,15.258577932157312
26.88962332373565,17.514710451623028
27.674974610052644,16.143276918866974
26.689318410255467,10.997091910115195
28.505814411857724,19.60175724104024
26.779916983592074,13.49807655227803
27.37750730085319,10.046104034000491
25.376826109000255,10.361431788605218
25.63922230825989,9.925117565544221
27.2065329077235,17.255600914478332
26.8134862293289,14.004092274968299
25.4957840409935,10.113364347214088
24.28527370711789,7.365240939224297
24.849445835871606,10.039056655442835
25.62043802744816,12.249421817915463
25.93848817026097,16.24106375007815
25.353222007953622,13.746318251866773
24.182206227789933,9.69415390991474
23.258693179937982,14.274903523346401
22.125300336379773,5.266911686875304
20.441183527148873,11.295961318639897
21.3957277177698,17.08283522160862
22.550347592148277,10.866812120661082
23.745546651967025,10.876905663126127
25.34999777618379,8.990450127351725
24.590357845846874,14.394387515375804
22.637858442662296,9.243756281242336
22.738652979922197,7.649103998263967
22.350510324642954,9.66358027239688
21.107631922018676,13.382986062328838
21.412636413443014,10.353363764201392
20.83614069211322,10.747929998174234
21.365573859924734,13.014905650689991
21.63307220946001,6.804377109976569
20.653672111562035,6.991297907420201
20.51219672958296,12.091741046180546
19.845448205313627,12.263333222758298
20.037310126092528,11.38763594082239
19.82501021328015,7.486838049856393
18.7086007667975,10.674316717942807
18.976172973925106,12.794720559387297
18.593566968050425,8.36284589139853
18.278120507857,8.791056020923934
18.235657306830305,9.942795122275518
20.28477230334884,8.33204449765599
20.513890068343578,9.3892037763849
20.162471778098876,7.156300996183491
19.372015751010863,5.865426877179675
17.570006191119333,9.148658032825981
17.401040569856388,3.221049251046203
17.264041876414005,6.873883319865662
16.56606918064426,8.872600840856006
17.149002527079613,10.519972186223082
17.408949045954163,10.949191874485312
17.934410292372554,6.1446619509471745
17.549585048800864,8.72342670089539
18.91419519124995,11.386196829960152
19.37171024433809,9.411532579010514
18.623695325695657,12.33827065730635
18.51716199697324,11.04813266016755
19.399630072850584,6.917064850149341
18.664558002797705,8.55878661886028
19.822733730632674,9.974574898746058
19.304371521800213,10.14686168175015
17.40000643282025,13.659631619045559
18.008858283665035,6.781089851457415
17.400283990892035,10.100432100385188
17.335545945676603,9.142811904377842
17.08250637459941,12.72281551636025
18.033407257879837,13.718861200374462
17.91978014011406,5.097471674172328
18.667574822351625,7.801933991686424
17.70178494441772,3.413099036913515
17.65434357031716,4.237510482101193
16.951973855981674,6.067935015240546
16.82594123134083,14.638184422765995
18.85405349527807,9.777012269109406
17.96641063213949,8.779076416911265
18.221410616382055,8.751708645508446
17.750989167504994,12.079157572085355
18.042631505030265,1.8170166246532364
17.081731765336606,6.217211216052829
16.405916116244555,7.908233293573737
14.571125779028636,3.6755514795071003
15.651703099650065,15.879439320182893
15.565186862430537,8.24379334516123
15.67667115415889,10.193611491721779
14.244689164358132,2.32110864337384
15.575204793245454,8.811317196529032
16.522249884947882,8.106803758085057
16.020241502984696,8.947041918778972
16.150824604956785,8.271095328691933
15.745169413762907,10.850895293497366
16.534790918024747,7.192291669513306
14.239205360305201,9.741881819374978
14.286659469894534,6.511322104090643
14.403040238352997,3.3393638333048017
15.105880131160689,9.708495329032631
13.962309714664253,5.069808938763502
13.09356691889991,7.428142835031576
11.913159973958878,9.328301821171465
12.706201262695403,1.480386072842271
13.001789666333227,8.59248509062932
13.944873085091386,5.457761475055378
14.64860382309809,12.752570753355872
15.206345818642818,8.3067670694092
13.98741231729817,5.628577271520438
13.71385338391487,2.3733000923992726
14.954031799632448,12.04911220266086
15.234328925236746,8.160517528516925
14.230055847106698,6.769172782390727
13.357841970556587,4.159389632954937
12.882969915664022,2.865973354358905
12.611399357801808,6.673752237228996
12.695847745949356,6.34788378093227
12.682517833987093,3.3543430972174777
13.107018735436052,7.712394364240978
14.11952889003596,5.899428195073559
14.725479420047186,7.65259155205308
13.703376366676085,6.506658397389092
15.702075330744735,13.109272851536556
15.479976811198949,5.638136107376031
14.817541914910937,6.379530054616616
15.893587204975784,6.265922206097873
17.260912683384333,10.710268156368922
17.743358814416176,9.913896356599126
19.03185841684335,11.097362062577481
18.88689454463677,6.9315442462339405
18.767984102911324,11.430424805669771
17.717890644697974,11.586574822297091
18.76252561211622,7.938799575464312
18.993604118684217,8.627439340576107
20.65438621216272,10.706800579539719
20.400694402493663,15.944159891843578
21.567607132588027,9.784941011663573
21.743159897506587,11.964040857660818
23.476938226318126,15.401941517751478
23.582871915117035,18.60670281543235
25.05951327024337,10.2837692398944
24.165955766465732,15.402340324138617
23.85591689360247,9.503617310717223
23.44062216173041,14.347004567200159
24.564706597550295,14.097382505404019
22.623640820474648,13.441315878817834
21.589456311732057,8.937991281114288
21.89842105858227,7.679064156200626
21.940243163372095,13.908674883373568
21.989175923310007,10.134115294518779
22.491368661307042,10.285721236314242
22.351374270760303,10.810504915070364
23.076599183438386,14.041671273950538
24.414013628193047,14.73696799181688
23.58174800306987,13.093810279360639
24.882755278124677,15.03594381986187
24.191621226002354,15.668506516769437
22.967009142356908,14.622578542423252
22.929131172392125,12.294017944057378
22.84958156735487,10.36504097123099
23.13689035428363,13.031437175638278
22.032691060842087,14.81329123040552
21.935064429244235,12.274329896460932
21.353465459590844,10.018034457508877
22.395620798333265,10.461469180064014
22.4334490732484,11.968380886292147
21.80824589207992,8.997460583449858
20.7657273557398,10.427678643707512
20.720397891255935,8.557311350741198
22.58031787952468,13.457236969893511
20.86952264898369,13.366608722210348
20.1769745851946,12.388153127895993
21.338685925443745,11.466646875310587
22.293040923697912,7.174900197205144
22.052987172689544,11.577849627365831
21.89441041984395,6.630111090446189
21.437657068640686,11.951812280601052
20.542435320177955,14.059185054833279
20.23180658442128,10.026491908547525
20.722461081024314,10.812963700584353
21.054505271096197,18.274397633122742
19.580805659370075,13.422354293901439
19.366224388714762,5.784780134718743
18.70926465055927,7.951075329007653
19.88745671276993,8.681839644663928
18.536957681383235,9.918538133576996
17.401192154695213,9.883391779624763
16.075380477086217,8.102346138454918
19.54623413154279,9.364791553317273
21.25772608527382,11.967814968590028
21.055536912687465,8.939827592573714
22.02047032974793,7.6510417213615876
20.348858103445576,8.420836465143333
20.138238701863084,12.69472422634914
22.418758385072362,7.879641122221856
22.28484855264211,14.631542623681172
21.00256084069286,6.7197434493791635
20.406760935566915,8.411417715188302
19.83481121749671,13.155829918834606
19.68603714076248,2.3629599361551143
19.54210707493844,10.743504930552678
19.06704213715203,10.428904980199325
17.593186457634214,6.854926553650915
17.554924919700813,12.969396542444581
17.52735370967624,15.76350191685207
15.953987289551879,8.907368493447848
16.50404608407887,9.919909407667305
16.336349068180688,5.378802323367922
18.041075160195383,8.992618364836495
18.523651815633386,11.131502297817491
17.890164450668664,6.370320229947315
17.019621673310773,10.116672254237345
18.787053444643337,9.062008425909536
19.96070769407923,7.543707075637839
20.528697221674626,11.463332017651792
21.40133642685905,8.076307170771074
20.09832162584445,7.966623129939682
21.29297070428569,7.168722921416661
21.203027475283974,13.224739154832475
21.222621786653797,12.74613512110815
22.300706250200896,14.935545950093406
22.9233759056282,14.625864582290166
21.48775404663249,13.221752637074065
22.22220678098776,10.041319035240607
22.135100427244858,12.31653750193175
23.387577085595723,9.270702005717514
23.672796628195485,10.226284786449076
24.389293192869776,10.230305322333507
23.55950922229869,14.712074987897854
22.872234352354063,11.780968969274836
21.912461216979295,15.401107896690135
22.387524926534272,8.20933752769129
21.633780599699048,8.33509329014844
21.485159393088363,8.747294696140704
23.81681143443204,11.255721965035098
24.95557301470213,16.439131882906914
27.627623752113475,14.423872951524656
27.22948191864163,15.81558773962879
26.69801062504751,11.905690317578651
26.61451060787292,8.176509970848123
27.60866331303766,13.618729922709361
27.153305921325504,11.945043389495691
29.517557443798466,12.39272419159949
29.008414236554433,13.865622337233185
30.744213091797473,13.755830263034916
30.10785279251137,13.471731528080074
29.62737744367488,11.644951717797642
30.32833542417114,17.356615236370942
30.633122308954654,13.757946384547687
30.61944979012648,14.989506299189056
30.465989165747807,16.23564123109128
31.041093657522666,15.367956624582218
30.760446552110686,17.22392978602085
32.8845295559514,16.98980699417343
33.928611662709756,17.75787234434597
34.69035769757852,12.206012635947644
33.95856049177423,12.434090716360641
37.025857512319604,18.062857288912674
37.566004941914315,21.11106466415483
37.112614300812375,20.56620828027838
36.39545941973817,16.95783555316922
34.059540585293355,15.302680473148657
33.576740740985265,14.82126482381872
31.685776626191736,15.996614058247824
30.32247784502219,15.553438421849036
31.73221800589504,15.245382060686406
31.44804084823179,15.35260076873527
30.67561804948219,13.459218450117211
32.412834549276575,15.261211894900226
31.799124114925924,14.383781532502116
33.87981009045304,11.965162023255257
33.63993147806237,13.061688377051173
34.06969284122216,18.413297802492725
33.73869325273572,15.38215971187692
33.22397995989433,15.210456050055576
33.479484815746474,19.644193614305465
34.90169990858593,19.181875188623668
35.052132214704095,20.75372292278056
34.110697747407286,16.376155838082358
32.424672634548195,16.122906107239093
33.691018788789684,15.230088431700361
33.03285088234978,12.966807206222924
32.02148352096269,8.871509613924019
32.55121472498207,15.039997412641112
33.09997180623683,20.418636268799585
33.763153375568,14.951156375648916
33.21476574448073,17.67206997238146
31.377822878888256,14.122342039414907
31.99834864503478,14.214873321554027
32.020919792713855,13.707929790832253
32.028710798604926,19.54228497915023
31.185251997928255,12.605459193098321
31.778297529055454,14.850158247976964
31.893882920936118,16.395951569628334
32.23208349313859,15.816008734834938
33.5125530149293,15.07168129822662
33.32880038686958,16.89316263571587
33.03662006289399,11.911902095683395
32.75685424496611,22.535674628103376
31.183237381447334,13.303313844260405
30.823353748737365,12.036746281966167
31.818419873823636,17.775200303366393
32.60402193430246,15.824110684356198
32.03865285048314,13.226521442975844
30.808227797926257,17.720416907770268
31.240341768848573,18.013625211810837
31.25985001654265,12.979327773333667
31.394101843694667,14.684277530114295
32.848524401556595,15.458148953835305
32.60367788590132,18.903984569297517
33.69092490144933,23.37963593643546
33.96831038136168,22.246431917685243
34.78896638015455,16.42651914590422
34.05715170674873,16.026287923007988
33.95819020187902,17.30717435476401
34.23563797647431,17.14312987899832
34.05445991882009,19.53244523950059
34.09447679184961,13.231818696764675
33.782911301415794,19.46725154579144
35.55365899298242,23.00187624377634
33.28363507093993,20.23888758053691
34.05931396767409,18.41047947188015
34.132279822488094,18.09930245249205
32.96917011132131,15.386103800955695
32.31287774666294,11.495965632747335
30.789586221834796,11.740045914089027
31.3664043612064,13.286326601573835
32.08098515258754,11.298062963418872
32.47968874003948,17.30793650452354
34.106099773497775,15.091304847691443
32.401068910907654,13.662527953643977
31.094219054938,12.941892575200827
30.627490645037568,11.168279385075893
31.321489792164705,17.253561268703287
31.765848632461203,14.724645428109755
30.679941626380277,18.089956251856233
30.6789073872734,15.283376108474753
31.420623451099413,15.893223092612184
29.91612780022286,11.397985406859485
30.438921656224878,15.817076864833425
31.324286584106364,16.634466926759615
32.364838265464485,16.32688937603539
33.38301418727694,14.981776497216696
33.021991660136145,11.977835259087945
30.84393680355629,17.746165315273036
29.39772745887814,14.718599391092404
28.428424841653253,15.816270559906773
28.113721239706063,13.709455450431657
28.785416686804815,14.817638563841047
28.750340733038975,15.822797785843592
28.98358609565372,14.363673390872396
30.311403622713883,20.416951273713707
28.6685193589826,15.146059823330082
28.85737456744996,11.109088562196941
29.456759346585788,21.66764459998345
30.699323724635438,12.944478407804292
32.857614068431445,18.252746408788635
33.85229010282173,15.290014096219924
32.743551343828905,12.039210123129791
33.28834940171891,21.63311859068732
32.391360588801,19.29236907231833
32.77410615794512,20.02550433393264
32.11146011101334,17.68538755356029
31.5461198563732,18.25355834982431
31.783383250549985,16.664709811519735
31.123339794143,14.753431869037833
31.16670359642414,12.285185310822113
31.07279316519292,13.029643300189523
31.57060135237489,14.952238182995494
30.941557831072412,10.695755628276679
29.74541990805976,16.79589767630296
27.93066794570148,15.741858689012899
28.3621000790542,13.45933347338987
28.962412116091155,16.987935698546654
27.871053258912703,14.687548464419068
25.962960984154456,14.020536704774429
26.616203192076185,12.777894023627606
26.615821049673322,4.583141850301855
27.3741774063588,13.18605982118452
27.38182250985765,13.804543829285695
28.618044752302882,14.17002387910344
28.98018917722898,13.326655331090313
28.884836145688084,14.57145247613845
29.847685944004258,17.116173250142086
28.705503379468013,11.585876615831285
28.638235897775424,14.29021806549641
28.736016353448154,11.653033381174172
28.405878259576728,14.459969688910778
28.70993939424545,16.40008421944642
28.287746563724053,9.513590276129278
26.605692185955785,9.597310375421142
28.527347305078365,12.848946387803835
28.48784081086226,12.546109338470643
28.193214802801318,12.288512152959429
26.757069266925775,11.26917571733403
26.772985595817804,16.478111665687607
26.55557069467096,9.099968610122875
25.122020698857057,8.035000662971893
26.268576437471925,9.236261425738508
27.191418787925848,13.382688079216349
25.35454037170089,7.905925230069386
26.118994759044117,15.654064343616486
25.36397345997808,9.487744115285661
26.137318657927175,6.835036743866757
26.658109221466642,11.212637635767916
27.681224012267137,11.676904760481786
28.24853942403391,21.327359375572946
29.731429572667473,13.969584336057672
29.420589498634158,12.017749028147328
29.105451210446038,15.175120388290786
28.807753927950447,17.329499566641047
28.397225833828358,10.169190969525078
30.582002718843547,16.559435764832365
30.784212634557452,14.594780778570172
32.0907504245037,14.774969992041667
32.38161933298429,19.947876498244533
32.33764155147235,22.062625655703673
33.3135737735473,13.441581309835705
32.71633792933822,15.175016922816273
33.437476728740876,16.226864608982247
34.76456286430765,16.561874179812413
34.92268397549196,17.792554114532695
35.13983006879256,21.02432128079863
34.80282242935772,20.3417874816425
35.55164350926576,17.335944946069542
36.548843368317186,18.49328750698873
37.67235844642228,21.304622746817387
37.33468663781153,11.973996762112462
37.41694777613829,20.2985665520607
36.637148596078866,16.31390865134807
37.077691920876106,19.187940167898688
37.82540322427717,13.420989998350144
38.00456823669139,20.182267476155843
37.96052236608189,19.736308257682136
38.39522437206656,14.736384921021465
38.71010188562983,22.735523920840443
39.203110810822565,19.57765525540544
38.53342173338076,17.113042777328147
37.73125831720795,15.775957451067107
37.266441807701554,19.185002780697772
36.393239788284326,18.427442196115372
36.707630955670155,18.51643922004886
38.694577325600065,18.390578287371277
38.79516164852583,17.477668836969443
37.19044744004573,18.078297656605475
36.40615127473481,15.37693069972083
35.42878315359909,14.52209256769857
35.916731275947534,20.123725366859368
36.13427479046327,11.950488324366015
37.875403400849834,15.5153994889762
37.97443744925859,19.141054952961483
37.82734751620968,23.743614374643215
39.063115276684236,16.353880235345223
38.121202184004815,15.867790572776448
38.095377331441156,14.803999144092248
39.22210102851461,17.73028202931515
39.46318245031381,21.244225986765453
39.87804935001488,19.638017784326795
38.96536673970574,20.82043841963727
37.44049149452136,17.91101306893482
37.13833457156879,21.02829393543649
38.11940041884223,17.705926516911948
37.57025019208531,14.370338411994945
36.496016255617086,17.401036311794332
34.95603962364357,14.83195223235001
36.816975873849145,18.23905665410374
35.259159721814676,22.266401047543177
34.63945546636411,22.459512214499227
33.482540205484604,13.46739105434816
34.14707788740353,19.33066667843381
32.46027228924789,15.899932289079482
31.058908576920647,19.543022547411155
31.25202686554972,17.375236578640166
29.64622172637042,13.762860855494466
30.152849184543104,14.453692094951723
31.319095415864712,21.569697229828552
31.42643414520876,16.862662600133188
28.905598837182964,16.13492686226006
28.258564308239343,16.00570831499602
28.005117217400855,16.766582908042004
29.334146378706595,13.517108213741329
30.848258036983804,22.106502171917857
31.85570266426273,15.384674571684537
31.914201254670065,17.577314447300186
31.68521745430719,13.788168240739084
31.592156605295038,13.70822745356425
30.973909347793946,11.04872246607823
30.54121153396238,15.222226925370318
29.960751851151063,8.357355710146285
29.942342099005188,14.96405720442145
31.221637080948494,6.671514367256053
29.888262407373677,14.404197366414293
31.746361158014704,16.913482262817716
32.37348993751993,16.930646777769127
33.28068402259927,16.79030512516295
33.25641548460975,22.464963993068324
33.210197514743115,12.105963989663913
34.4426669313303,16.467852889196458
34.06253612724761,15.569473750676718
33.15754787474917,17.474580897475196
33.1115747426821,21.810073829942024
32.55775852186168,19.405941692188875
33.916509141466705,14.902385865113839
34.08970100090279,13.854484565944794
34.65252614807437,23.940679790273204
34.744900691929296,24.208892336162897
34.78265909668881,16.263516554482724
35.982247007356335,20.164453936298063
36.34895993524113,19.23518184158237
37.88868872086713,22.095425145271562
36.13052732156943,16.503452183630966
36.644329855249524,19.96239523571925
37.600637926538205,20.00160531706289
37.61577940500016,16.12333076313693
35.90292346007218,9.07007002668604
35.949280793656165,19.66274970652169
35.73990205121632,19.269996853235536
37.108136931148515,17.452561571286356
38.360806775132936,19.706608246946573
39.50573473125091,21.784100719219143
39.850171809649794,18.001412259125377
40.309610714842485,16.73944893874781
40.684008218621315,22.488207442103068
41.904490411752334,21.014702399397688
42.11149775094472,20.587945048525288
42.93198231791631,23.943865194268696
43.998004522762095,22.968500589745695
44.12650045216132,22.658773724956518
44.515989114297966,27.599904781614082
44.07234839264451,25.381458035826572
43.19451865309467,18.32850163885208
42.78591152928924,24.062352409261564
42.26674466599539,18.61994560782497
40.92721655407953,23.29028961939492
41.258842700099066,20.639094903646082
42.282946403614886,21.763154706629944
43.366602435992974,20.002955751113372
45.04398025465544,23.66599610684868
45.00044753560434,19.01038336580821
47.4109375858066,22.602345192551855
47.25205658094983,22.87631633447092
47.65061254177376,26.7848315746675
49.16517416726356,31.27202011216246
47.751003185497346,24.90516209932994
48.33591268751219,24.74793256412141
48.88260666471009,26.962746303933205
51.196173932452275,25.24805971164279
50.78751297977471,23.795492546700086
51.14924056389865,25.652914244901968
48.90810282404043,29.85126249146721
49.08138862747674,23.10014571950648
47.6929681176379,25.081592544797545
46.58817707769742,21.781768229670533
47.35927389048457,28.151392796028386
46.84645948400258,24.99667689348816
45.64579512894521,24.410155392607813
46.495698688590835,23.555617820234037
46.75864169837805,18.939334612905878
46.45703648086863,25.312878924894047
45.00630258982911,20.93020949815109
44.35839346888177,22.234618264498536
43.114135101935204,20.718635580114967
42.89068804533974,26.140494382504162
42.58512943738821,26.623454720322194
42.49993325461041,25.209520589925614
41.87147891854202,21.447363700482494
41.616054123818884,20.757602752277798
42.535722138363795,24.040519767674354
42.06397630741737,24.913876683874612
42.95987208332331,25.44427883763205
43.755546447826966,23.19549570680951
44.53145565421166,23.54537849925819
42.78630151999582,24.170131571867472
43.58699416854454,22.332377512789417
43.722794059104984,26.524239271673885
44.17000403133541,28.10895001372244
43.90848222557442,24.19977453497176
43.63337204930711,27.87898940888511
42.52268665098765,24.46059480028945
41.30087173251587,20.64994364174657
41.581951578337666,20.94526736723709
40.66859929136752,14.902767433515795
40.155900074272715,16.541420814210188
41.05096855665357,18.825106477220626
42.330506790537704,19.095970392862284
42.17928115497658,13.213144562602588
40.18667566673907,22.78924261540225
40.50163348671101,22.108595232711203
41.42463098302314,24.729477148946906
41.49989724441308,21.26541615303462
41.146273995295616,21.999266025900255
40.05131637098861,19.171359042689176
40.24292248100044,23.635551593720827
43.00360253985357,25.072263422630428
43.66943431116841,25.936129676131642
43.38442310222594,20.76328016647018
42.52104815414371,22.52854573983714
43.00599634882804,20.80358115220179
41.68925555172832,20.822469177947504
41.22548803975697,20.90218840724959
41.02623230966604,21.35930599024092
40.80770832415861,13.63121963336116
41.27094422683387,28.461494139084685
41.27569970566958,18.668670576945736
40.13087896359312,21.947319376867682
38.08926012307851,22.245253864349273
38.25049653145994,23.187086223179108
35.626101650320706,12.876820367932599
34.25929854520721,22.155907034858597
36.34023358508264,20.03622806149748
35.627505624059395,18.8022204354015
37.08350237390261,17.765280728118857
36.466548549772924,11.078198380460897
36.83848904187089,16.116734180669514
37.54589335517526,17.783636069551225
38.71075835270004,24.120123106967423
38.45047462117944,18.18150984506606
37.3240392209318,16.727085093061817
37.32356450681736,20.067746560875875
35.82118638279639,21.35879976479813
34.346191491526454,16.873110786379595
35.355176084599336,17.384413273894275
34.50855936946318,13.032943108939195
35.73909801749201,19.329038896554415
36.915708997081985,17.687635761455883
36.12407169089312,19.45823470533862
35.71777735449037,19.851134505208258
35.5136006737674,17.25581916945778
36.57736100172982,18.72095011054105
36.646398292553584,25.222151737313304
37.90000337643701,20.557238741584875
37.96194348925098,14.307324395821881
39.19918862678959,22.84709147351876
39.127299317265646,15.164007734552925
40.57924513749244,18.129865651277406
41.55398920925837,19.89878207000069
43.05031961720541,23.0764270647201
44.18973429256261,18.649639482368837
42.68359350656345,18.030990017279965
44.72483874485733,24.572107390092842
45.030580230886734,19.9934123644541
43.76675099038602,23.800738890306597
43.339860680491746,18.566847895004624
42.57841788107505,17.82613512875814
43.36932851755066,25.39547587254775
43.16962441608881,19.795370408460517
43.32591484617883,22.112110419503303
44.439332146919554,23.21140112549057
43.06335738093009,17.237549900732596
41.72543908479746,24.282445203320883
42.04080323858766,22.605091251608307
40.63727100964907,16.807629061573415
41.57784800334683,25.177099839861526
40.50522834004353,23.640145867043564
39.61676238818398,20.92504951036692
40.47239732886427,17.68286631623048
42.09859536635705,19.402103838512268
42.12520077787753,21.363523056995863
41.7411907782179,19.604145576098283
40.40252307008821,17.945278258112864
40.09848714811708,27.538985771525077
39.687606155196576,22.84164220671441
38.61344087758479,16.732443187398108
38.15893929476315,20.10837510894092
39.04935226185864,19.277851147456253
39.18807794037502,15.686015930302545
36.673452976897906,12.969396528241028
38.32211022960907,22.669117704867624
39.44894477395281,21.07164661445728
38.21769100959265,21.18746877487306
39.46866365253123,22.76907003924976
38.30356211289159,10.174337843065288
38.88485310497548,20.07951113472264
39.071150989713,15.553064393212384
38.149277760272035,15.639729742599792
38.53479900299506,18.4034079927468
38.71011693993938,16.95003606944662
38.94164221743238,13.82395704893837
37.69968846129201,21.845036000104976
38.491409810986454,17.466702547747786
38.286611851033996,17.12555098127698
39.68569853859929,18.64245856371231
40.574423730516855,22.297038192858402
41.30205949237118,23.218646997557556
40.27614141272953,19.539865814504306
42.295233922625584,20.061865955507855
42.70781632625854,27.19628876308372
42.73781629191354,22.64180563487509
42.225985297066565,24.183602996814663
42.25211584970841,18.222522944710818
43.39614086344326,21.19393907785604
41.42365636193505,24.79461823563054
41.94704338913605,23.61693076057168
40.750402764394686,15.727479186401693
39.903873414833576,22.62511875277105
40.4090937833705,19.69083331848191
40.9848634101571,18.065752955238654
40.78992142628848,22.36896215630165
41.18030547451005,14.324541459228913
42.723740623234704,24.167340239437173
42.89717854834933,21.590345371792445
41.87997940225598,24.25474256245801
41.608861317619436,20.609264648462776
41.30476550280215,20.687734644025337
42.77216962968882,19.301297422885256
42.460388684037326,19.484242172890113
40.83632843211453,20.127416588111362
39.55653217943125,17.811591669436584
40.81309542305213,20.809001958132036
41.35880657456508,14.429936563681643
40.28310078949552,22.87837790457199
38.91215075219356,20.080508971972282
39.71828795252932,17.887803186279193
38.48968853909259,20.523023194470387
38.28436395613606,16.098890137248198
39.09662301937366,22.441614326652964
39.757019108751585,19.520667106208258
38.82418339885767,19.175843930681516
39.36608547977746,22.47397632397297
37.77192032557633,20.10338953228873
38.00505070680002,13.972832365894277
37.4005250642962,21.824552770019437
35.48787457997005,16.353551311410904
36.721379177610515,15.946284378957722
36.474144869612516,17.456891772533137
36.881456465606426,23.332077456484228
36.39650059862399,17.08506252282826
39.195049993324304,19.66787281700581
40.72792245512589,22.82649044104075
40.49690754227048,15.482051895237532
42.474572775222754,23.688863699069415
43.392080042043595,24.528493503574097
45.023585159829636,28.75482777093676
42.99138543758849,23.346959274024716
43.28529207779927,17.59916589997586
42.20162442861778,18.69702500970493
42.054122666394264,16.960922255982005
41.682961571560305,22.471183242454437
41.94460842786545,23.868767690652742
39.91957600386988,15.99719642231239
39.53826033221772,21.15204822602411
38.071825679183625,18.549878668227112
39.09910309286993,16.871400777177055
39.352274385721195,20.71217838157931
39.961184023509844,17.7362038472051
40.95082852542245,22.128049627471707
41.69263884281671,20.47286718702387
41.04065735307494,22.34265981594054
41.09675188400649,17.47243637344424
39.194878904881264,20.795064120571748
38.70974531628362,17.381673646941834
38.297792607584235,20.37590765963179
38.01955604940099,20.58916816543698
38.321337080278305,13.5395522837099
38.29301365089985,21.12022456577329
40.01094833954714,17.434514918778756
40.9608180838607,21.48706769540235
41.02227623474522,18.641578270715495
40.74043855284089,20.704681951509265
40.220584403128015,18.522962589446223
41.439201928365044,20.077335728257136
40.688782039470716,23.056720963495486
41.61838350221587,22.01676781112961
40.531765703692265,19.287218041948073
40.45353857622998,21.306381831988034
39.187700865201016,19.77400945506722
39.65532123561145,17.99303474877492
39.87668543626367,22.66171135380191
39.39251419239868,14.319187723093103
37.80448576817784,16.810641382229587
35.08486547566723,15.36071929738105
34.52422256897153,16.494291315549326
35.52581236145764,15.769477803004145
34.55095774385392,14.86869288877023
34.765800283524506,17.410877776769386
33.807010888759734,13.853827244051208
34.40775076754434,18.322317357646256
33.45879405578336,19.898887402827434
34.705466987307354,18.643056643849597
33.77373700925863,14.841173943650888
33.45923553411509,15.556017335510463
35.14876006814243,20.077227857810023
35.427271141634186,16.355579751656656
35.52415048393278,11.829953427991569
35.393687777841826,13.635823578201304
35.81772135324323,19.162164095024973
34.83951282431042,20.63991015792759
33.734060736829164,18.61559522073278
35.23241129687757,12.822264042563235
35.25273353610122,14.626379727244469
35.48597144764504,20.634402671409678
35.49055695560689,17.801140823946824
35.63353003640157,19.781406902365482
36.83626305026189,20.871794016353135
37.067571046508725,21.078353356472505
36.9879367923589,14.292278731449763
36.40373076152269,14.701769122756215
36.62325913047285,18.523795245762187
37.7960266891536,20.350857005343244
37.315037579609424,13.234096380705349
36.93846613594224,14.932579967205054
38.182537931938846,19.755134179767488
38.464943266852494,20.905843817178997
39.623536202864926,15.664153629219744
38.65072934083394,17.927416276397803
37.97798656416434,21.298279932148347
37.009938885997855,10.433398893491193
37.49740718597035,21.039729750145256
36.057971965917886,18.94871248854878
36.66694974281341,18.104219352741843
36.70433146345836,12.902083573570645
37.28002897315939,19.276693643083526
38.18907166400597,22.064569891604968
39.246173663879674,20.06113545818818
37.00097911844138,14.972717546055755
37.71453597505117,17.454212145595097
38.92523996475977,18.36361787232041
38.63323301192662,21.743844443925795
39.42479624269895,20.598228674695218
40.171034228369294,21.12257400105496
41.02899927539438,20.270859053196777
40.07113807026652,23.079846320333445
41.50669414285281,21.086857205297726
40.335658452510906,19.027855867070443
41.008135256894164,20.92659147203266
41.820507173775695,19.90844751533231
42.56932284850109,15.328612453970706
43.19099593637434,21.090992568730314
44.907515389126615,22.468067590589776
45.83962569738819,24.666091523515096
46.47146474375173,28.57568353893716
47.89147537529479,26.98484470908739
46.72549460061788,21.59816119967435
46.53489334252075,22.320281471610542
45.576775622323424,23.242706000986093
44.514655817089796,28.91695113144854
45.70897724167336,21.329428042430624
46.06365903099144,21.7316511904945
47.77780227825583,22.476581613451977
48.62671068033778,21.567150336256077
45.800478891473,24.436230812896994
45.58162442387169,16.72674025277221
45.20891049319289,22.99901890297891
44.628241640351675,20.652398294910604
46.39224106140552,19.286006155742278
45.900180493680345,25.313656976470405
47.03160922853828,25.10906193841401
46.982264515748504,25.897317941001894
46.90309104427684,28.914741725514258
46.336796557047094,21.20524731300854
48.10362851469953,22.71762035628861
48.117708089406825,29.359135932399717
47.126893435311615,27.381254181973297
47.31970474874704,20.851600604118293
45.915076721601125,26.145523828073497
47.27744510268131,24.519470091125736
46.10616897319709,24.700801394486557
45.45926840954457,21.73661633613367
45.70892294578765,24.52715424375856
44.716087449274305,19.265126091581845
46.2153801826637,26.758376137043538
46.21227837184134,27.26807555151945
46.35322264742924,19.90536174471234
46.46053809927849,27.923648141252563
46.48061831288189,22.81698356851645
46.6341737028533,21.242723817662927
48.63860865484171,27.489426430849278
48.447831544349725,23.458457819379955
47.48349048150343,24.288221365788772
48.79042514568657,27.9200506896251
49.80783843983027,28.2836782949897
49.41255317989315,26.019888144683513
49.00904489216811,30.532417431805097
50.343115837581735,23.54600046383184
50.541263687773615,25.291361567630414
50.52412698903601,26.26695218675715
50.422195373796214,31.1027541139871
49.80941611420689,23.142700269328316
50.464789329269266,23.796975839224608
49.12138045459719,26.926646842730825
47.9802517201772,26.34699454079102
46.18476271419167,26.387871476356292
45.5870255099776,20.854247945479447
44.46048510247893,18.79933439475725
44.732348691427,22.494991720363828
44.002035689884714,24.691239345722686
43.814306377930805,21.205016825048816
44.46238572015106,19.938429794579797
44.53166355667465,19.413861928744666
43.8685299713843,19.155010743146505
43.33539520042443,20.67983670730427
42.57976560843591,24.346946441853973
42.63271726383563,21.86992355258106
42.73394499988559,21.78904634387148
44.088114313585365,18.66464809132918
44.85975980072617,25.302209742276123
45.26127818673622,18.184293512181906
44.67930273199416,23.186082590184153
45.053773328933346,24.83857474303006
44.03935512664829,24.455615722683405
42.14649753976321,22.110651225409754
42.64907183169146,17.774228704816778
43.49978652852524,24.700036133868636
40.27401964040395,21.36536809098851
41.25109087244375,26.137882327014673
39.553412704736516,21.303095861234173
38.46614707552665,14.983165900058426
38.87974877007713,22.11000627587288
38.606826916903735,20.865425309768334
38.47814672005314,15.13424674922554
37.323535028401864,14.773611943240402
38.5155737721381,21.306337417475042
38.306358075561484,21.561956565320838
38.028043072819095,17.039712835575802
39.64161548805681,9.797791966672868
39.61859032621645,17.365548487289395
40.18708445333166,23.64601030522432
40.977750508480575,19.491796500085897
40.976418352124604,17.147373242987733
39.648162965563486,18.490294357973777
40.24063499379102,22.659123113374775
39.57528043505255,16.20036909350256
40.90647499971955,19.517817657677163
42.04785317386083,19.837911515002908
38.96736715067404,18.37360692161675
41.020812253724976,23.55583624876357
39.75067676521845,19.755710832830495
40.02047066262728,15.88640819116035
40.45525346808408,19.406546216573016
40.40690462804606,17.413334935657286
40.78253532747959,16.934803268011617
42.1512150855633,26.14400516641511
42.50000324648768,20.041417895160322
42.36327411160116,18.754867357887544
42.50923654777097,20.84627969295162
42.50794807057202,23.73969491205407
42.400335549855264,31.216673703611093
42.39253350586272,26.869488344237972
42.314490974907024,21.41398396785323
43.32215071746678,22.456896842293904
42.76448147010688,21.6991779954848
41.790613083645454,20.028050739853054
43.22464198765723,31.972415730788637
43.12378934747167,22.27435079991275
44.585456109766895,26.72727129902178
44.88191258625773,16.943078434341068
44.18419635012062,24.23033020088798
44.79073352837111,25.271235086935636
46.88332867674918,21.56707214211512
46.291153357571496,24.537933696194028
46.14200792038936,21.240134748022456
44.786832648137384,28.39106178530109
45.251638447165014,25.774164496720935
45.31082306302759,22.40401675593975
47.70273286152112,23.1310432582979
45.66047732930179,23.2883574363928
46.36487714621696,22.010273296252826
46.65751311738484,22.115048869925417
47.446365336153484,22.079321657626245
47.39622290070728,22.827894439783638
47.82606352625195,27.002373374065343
47.4511417189237,22.54913485401726
47.23120580093713,21.69845189948743
48.268328631686146,25.59611989964062
45.95746961555993,19.78121121125422
47.255935923371055,20.692493922848033
46.72837810825207,22.04041002641116
46.850735370288724,27.259864431101
48.2221078910271,21.35998312036178
49.58920289316589,26.259622551637012
49.96451220636852,21.181876978639824
50.073259950086815,28.121205865492144
48.74157575066509,21.504329712899814
48.8909456282532,20.49832940453346
48.72699042213116,24.964176669355073
48.30335006067925,22.868285383785462
47.28888083516596,24.971767802661244
47.289145048206194,23.363635746945707
47.840589397669326,24.643551060667992
47.23276550702208,19.463146249588657
45.635548182840104,28.45359979703501
46.15236561063261,25.50085215310571
45.10057032095793,22.06344630096311
44.41234937580332,20.56115191630544
44.015131073462996,25.503084123211877
43.465131932933815,23.650366134103308
42.304321421695775,18.941975940141223
41.40314933209661,24.34061692157476
41.235731056769545,20.734871694214917
40.62758011414363,23.719258918709986
40.658768270993995,23.09210229392833
41.35211363826384,21.687784712191444
42.36987650619333,19.643371507206204
41.2342704710448,23.446120041984248
40.478685015888146,20.312683282370635
40.041946292708744,22.00154739323557
39.64226417028067,19.207690650674
39.85966135786353,25.24137731562799
39.76437063498949,17.12381649428309
37.83421246485555,16.545226631474918
36.11126363883551,20.918828707092125
36.20404115823016,13.16966945621818
37.14442641577599,18.578385988264277
38.149092156377876,17.399364032337154
38.41089052133281,16.15904959102325
38.62816013103366,22.17759824938326
37.16606524791098,20.695395822337
35.489836570486,15.497294751137712
35.246607501147146,19.91940903133003
37.876266680894986,20.685080400316547
38.7815534892658,19.1171834770365
38.24296064007834,21.850103514432217
37.380154617441754,20.81162827699963
36.71351624950113,19.675022199625364
35.881309812762666,18.903828743494863
37.059037693164754,20.560668673815602
35.86398762758364,13.699478933077813
36.24540348569041,18.302776333449614
35.53841419022959,17.859042806654806
35.735317755394256,18.528363544317486
36.72648264718903,17.342846436833742
36.70826440199564,14.200398510716923
36.74379146373913,19.600679198187983
35.871709765403416,19.505300675814567
35.124092698745514,17.343168343114957
36.68869206919497,20.02258349958474
36.04496994226976,16.81298458137075
35.845927188212364,22.28801094671607
34.64032695070163,13.17015740055449
35.03771596952962,18.062655977396105
34.089482857078075,15.032404982837024
34.30318160685481,16.162121585940824
33.866532759985986,18.30257203956654
33.12034295752581,21.370887318045586
33.445977848046205,13.041555154627478
34.198201958424654,19.544433726584646
33.0417277007664,21.320707064057252
33.992973284932546,18.1932166622662
34.14419488601596,18.48892860922861
34.93157936448742,16.887880109574027
35.97760667000947,15.570093010494107
35.43503113676056,20.400316706021716
35.13409106856858,13.065523296380045
35.353432760880516,15.336260689759968
36.40346709290539,17.091986713592444
34.021296528160136,16.050656502391927
35.61970644123489,14.016473314699489
35.34540654098793,19.809178249685804
33.64113162283415,18.228911301823427
33.418016554935356,18.445040597205768
32.36165505063422,12.427677165640223
34.19592827342133,10.426836464107208
33.700085459324065,18.340619256030312
33.03979030093784,13.839957104553713
32.60884249671799,20.357578863539352
31.624339567522533,16.864675310451826
31.712856865067707,13.744504855677079
32.22012284292089,12.760340325640033
32.28839987712451,12.540475727349264
31.32321197754364,13.011012637749692
32.12920824758109,16.872590798960076
31.934003145953685,14.232480738447356
31.613730675786304,18.437570441454813
32.598644863996434,19.502374889482844
32.68836509960766,13.442718605439818
29.876948026941513,13.603463742044376
30.340850465124056,13.440943952499518
28.397554524044917,14.592948601185995
27.137748719600285,13.4194326524011
26.688758703395997,16.526655797482498
26.756086345588002,10.350635558593773
27.007386869703474,9.181682420457019
26.50376090222291,9.794051359951824
27.192989349129057,19.326635481922924
27.503419111374374,10.628934265887374
27.09506376180504,7.452078411936866
25.408426719676115,12.61823248271497
25.794218621655375,9.844847659764806
24.50477603719835,13.990708155844114
23.57401339763652,14.384908960011535
22.91575250757414,14.657733298203329
22.1293981522223,8.758724753703289
19.75944532897273,12.893475017978597
19.561621106778762,11.197815947319906
18.493056648728025,10.963089905630337
17.634597006804096,8.243833554934842
18.219516946069863,10.119482770610405
19.831086949299976,10.061654484571799
19.95463140872796,14.510863865337175
19.073180446820327,10.099087846226418
18.335623070447717,10.465154735183848
19.37042052417423,11.152993479983474
19.26515975059234,10.129568591855918
18.00710476102679,12.281251563103854
20.135523740346976,9.669945385656053
20.84543792135579,10.678632306553228
20.121325370739573,11.082745236014066
19.388490546611695,11.147900513690917
17.71932092251774,4.997200631914442
15.524436437691216,5.361596895948191
15.577128099496635,8.190494875404474
14.622797036654061,11.012413256718602
15.849005806828398,13.0509420364109
15.114385343020372,9.810328786025018
14.900571291955577,4.972221691849009
15.656236299682895,4.527346922869026
14.157124210416574,11.588466499798974
14.560388886816988,6.535875505698222
12.834442712860998,2.3489160005496625
15.148653581352383,5.403062962363903
13.72701441633252,11.640119466919689
12.77402367888701,3.3402654956989677
15.152592274968466,4.319844394734902
14.615755992823216,4.04201169987753
15.263943186322917,7.0210423580046015
15.121071287436267,9.149422058501155
12.807702540807608,4.3602994592682585
12.841127169610171,8.330472742836617
11.814258452538187,4.466417800962335
13.509943162842664,6.916401372994137
12.35187956738593,0.9633331747687004
14.012811276930622,8.720596817612526
13.573593876890243,2.23790251585622
13.917258864211338,12.126019787671833
16.427361891379974,5.102964946691088
15.95052302520598,6.906260697025245
15.497128376969037,7.4332448430168006
16.068192599638902,6.446603343310123
14.95527748372019,8.014619026399048
15.728248552531536,2.213204233055616
16.52810808922615,5.831071325209894
16.466761545290556,8.012110105930857
14.592021477025352,6.0366278030060805
12.18620875970912,7.290576355455206
11.246602963317946,2.98378256061378
10.69545514625988,7.621676478600356
8.257226463683036,4.273083265317443
7.882850084788795,6.280291077423994
7.842160559957327,7.529054094596354
7.786117156751347,5.74730740372376
8.978920626017235,4.632240458905796
8.386265271444138,2.960267151560101
8.597475600094803,0.2586393216416285
7.6627755547335035,1.1307957182741042
8.567470637009182,7.389306936921083
8.21682837739111,7.257079816520241
7.913920097070383,4.494540887332546
7.907126933933444,-1.5625707173963184
5.758004279586592,0.3184108884763335
6.6028379975266684,9.543652181745724
5.898286840836873,2.1657692725429776
5.579566469696293,6.532511298403694
5.296654230279433,8.07488702519295
7.8567781812291315,3.522170704906399
7.77246538247512,3.967993944302738
7.102336116215963,5.670695034697484
6.925706526775905,-2.294338312273265
6.576073014068872,2.6684857782300817
6.190350036941365,-2.9039030232529925
6.290238201952996,7.744700221049419
7.270698314137301,1.5742190427782607
6.078157771301013,1.5844661006823677
6.422600767623823,1.947316431763118
6.220621595385647,0.27635649563864995
6.252859495650414,2.760122163741254
7.170207868022144,0.4703452558013743
6.956640382810472,2.850882405580262
4.305632507491206,-0.5680866739864401
4.9395247801882975,7.04123180956452
5.613726553745512,2.603543789642248
6.254675362344532,4.301983687209031
5.50592019844477,2.2720817166827985
7.198343906995194,3.7632028537389806
6.970873278368166,4.314486407410689
6.084477375905029,5.896911125022937
7.98555473049107,3.6241666443153537
5.41928443799859,2.3889863421295128
6.053542549917586,2.824007550972915
6.550947288314311,3.048999562820795
6.172951573816833,-0.19517400747059588
5.349094873428934,4.709309747186865
6.849861263192988,0.36180970059301476
8.071374611650993,8.543847400388932
9.748210972461623,6.018665437677175
9.825715104307957,2.6075709239971925
9.785602500114754,12.25849823215231
9.823586241784724,2.47450879588775
8.535125187911618,8.858987229222093
9.938488273951211,5.2864808556007254
11.21995350477993,10.06320067243819
12.058192350378222,2.8345306901509573
10.729261172312746,1.7621745988550757
10.617154362224575,3.0318160902618523
11.059986306659608,3.683254020806271
11.666748546702062,2.5993282253155052
10.974514288336774,6.592187966488274
11.733422916267196,4.208770695568707
13.502663671242885,7.35862437179604
12.294220069447679,5.887373384417993
11.874532409230524,7.248656922281024
10.513578294080375,11.399226086900859
9.022939091508404,3.526393358009315
8.348484682123996,6.100260004077739
8.633215309655284,4.028586623406037
9.115430083345274,2.598285592112319
8.952376358842782,5.01819420121154
9.902804369744272,9.584893825598199
10.53581484549202,5.958186928362305
10.022090613802582,3.941996654504425
10.570086408355062,-0.6237047793631723
10.590422263132892,2.839521996602598
10.600390030698708,4.213522816359514
9.43897688925639,5.691719398245292
9.985265262524956,4.049380532683353
9.197235913837497,4.104969157954122
10.57121323780552,7.5280353210201785
10.31812296949507,7.948040354434326
11.027052196556069,3.47834853851779
10.548386954902174,2.8304392528927265
8.815425138923977,6.636159843523512
8.911590677333859,4.201806882972838
7.830964545673404,9.002405316943287
7.703690582109169,6.112111491320057
7.230232111504117,3.400475294471153
9.228700357218466,2.414955612053788
8.933142481178345,8.200084783688084
8.806849795049645,1.0998283014556476
8.59033688602263,1.841254711438296
10.21435197210501,5.880615131236771
10.346387948288884,6.0059577279836125
10.334244878467894,12.399001072540596
11.992496270601304,10.030115631047245
13.343985269292773,8.172011769312514
13.106399779001018,5.602904007011556
11.492155536340777,8.567850962487238
12.184216968864817,6.611558655940892
12.149842844653268,8.915951901412733
11.338171797536772,6.908568164693855
11.806355047490888,10.079001049486617
12.044407563605146,8.415864422056455
10.898971381226232,7.361282564680309
11.656878670801937,7.760222142426018
12.042011993500962,3.6039843226804145
13.454906450304028,5.721045347012261
13.304369325001876,8.059442672825025
14.786036204007795,10.55562094572642
14.825319446458483,6.904123656526107
14.728372534403707,6.684368236124836
14.93892706900756,11.892859771488368
15.60198064087779,4.96947216953571
14.74227820435998,9.35096525985666
16.107420642418322,6.885996810448716
16.520597263220566,8.091192477125665
17.57599571496004,8.656637988745066
17.88032899646284,10.582309446200902
18.467592677402866,7.493321222983228
18.832557891729664,7.913382062725677
17.559975082285757,6.213344119628208
16.09498759374066,3.7500541453217444
15.791282457724547,15.638844006799332
17.890673117666505,6.360515874966828
16.866148866021426,3.3872190513238394
17.403619729009552,8.467678718250756
18.593987979332617,10.19653302825486
18.25275279546285,11.813226246961108
18.92886303662975,7.767910065258903
19.17001285703388,4.566229471631714
21.61828186929012,18.410167422005774
22.756525831285046,9.17179234906049
21.468418612865808,8.268245978033438
21.344950210766836,14.055319246913761
20.101880908906143,7.927201168750866
19.884886100855866,13.130870268126234
19.091743265917394,12.436232341300418
18.150426230634437,12.18413205060326
19.67093454616737,8.98273871063387
20.13491582867989,5.472070503692148
20.689929157688056,8.967119092375736
21.887017675803307,11.376096726866875
23.294642936583195,15.502013512876786
23.682334218896212,5.946334330863973
21.850740198242853,14.278230306874786
22.996449114599802,6.4875880972143865
23.487351822590593,6.135493988549093
21.56659688424012,7.308727014045079
21.168292315249246,12.524844882129795
20.071096655804947,7.155950526230834
18.849996237650128,9.657729835839262
19.72844409709476,6.491318380392121
18.977693644383898,3.9769192486282012
18.733347436885463,3.896702771730907
17.93607991964052,10.554456248169782
19.017741786476922,11.423793670617833
17.46941071811198,10.07423452373526
17.23136239507307,9.243375938155589
18.026734932003432,9.662647442069048
17.86716993080689,12.602995700262753
16.913892022605634,8.706726017786487
15.208368636616791,9.458079792705222
16.28618186692844,14.415569981256246
16.797546889803552,6.753738857232193
17.06020184284782,7.829478721870321
16.936974891499222,7.238602694156741
17.645981080625024,3.1263103848024354
18.130455413363944,11.57889022185164
16.528092762706624,11.889884864634453
16.374028965534936,11.197508493099075
17.278305595947334,13.960909069880373
18.599779937871567,4.550930960963713
16.11427182493323,5.470090080301924
16.70727534015165,5.56633749606501
18.227989744078787,11.416208289774685
18.617171718639177,6.789655789919089
20.053216510133012,9.50300874722734
19.722155731592547,10.786513361675992
19.858277741185567,11.40551174534616
19.51599771228261,11.336932567779836
19.003310295071998,9.430083228579715
19.655445026876524,11.747433975796575
19.447862540305728,7.384110140190131
20.358952517289456,8.965026616361541
20.858395338688094,12.04042748148015
19.704558710456823,8.8608987144423
20.571210478084296,9.47976339964449
18.11828875054421,9.230332442139181
17.639856831635885,5.776212855780005
16.878617074759504,14.364816671689074
15.679903935085175,9.730431605338772
15.797904302632773,10.850011108206255
17.052504292280034,2.8478738500574456
17.750331164859976,11.251703612271436
17.974006116574316,15.644232733839148
16.632129167530625,7.169344001140959
17.08097914617364,8.196220700170803
16.449934234634572,3.295185044940779
15.822874430895789,10.350515382818388
16.06699865162184,9.106385467482394
15.233781293381044,7.899578430419142
14.416254373936521,12.845042843571136
14.690260922361555,6.4370414788571795
14.018151152169168,7.135108168846493
14.798086154376298,5.188850796857523
13.404340409402849,4.642327130498386
14.116355000851872,7.077649858416707
14.72131668541314,9.61509972470906
14.835252217359624,8.43948575839377
13.791073182192617,9.805234653472361
14.598264729785374,6.401808559806308
13.855145399936749,6.3793772361598045
14.941279421319177,7.8905235600157715
15.441284455105645,5.073781932523247
14.40562464273519,6.786309130544279
14.79781146235542,7.050104788878157
15.487621231728586,9.032900823702422
16.14747873204591,11.265670539131369
16.224867289655016,8.389385733560951
16.36612908634895,3.3983571510349115
18.27025202522979,7.444503467768047
18.67794865642666,10.704584200518358
19.50992362139738,5.634554349575988
19.780743346869432,6.80376350525729
18.37117019544805,11.502259870049759
19.04104728414985,10.741504302920548
18.916594428954937,8.535335009916912
19.055567542743116,11.021476318906114
18.91586262915229,11.217905510738513
18.156286306834907,10.066558228273355
17.608311388708227,8.807496461730235
16.871991754725386,7.81512360885956
17.36992534020351,15.409498310295232
16.77876159365758,8.486659088093996
16.38101901540737,8.478993741488091
15.221165324333924,3.403697820995496
16.230420426373197,6.860148816253492
15.91632052239879,6.945567493331026
15.883979532480152,15.339103880579147
16.286508994068758,6.538621283238885
15.399327571981448,6.777345556972966
15.408286069448202,6.866832879587958
16.090618961402747,11.472148705807946
18.15463711724931,9.8500763714039
18.282120628974,4.890796925614595
18.042105120211374,8.418890908781451
18.342477920609753,7.876004265064262
18.016246816655276,8.354638105808952
16.544974475872905,8.544899206633925
16.257540860404795,12.940482533193983
15.826765465291508,9.022326622614372
16.03832057599924,12.183665157749022
13.075497727644237,8.430029922933123
13.126886826705205,1.475765936705792
12.95915655490657,9.93515665206933
13.08684878577972,6.187666752740869
12.605538780718842,9.625800473827699
12.56392786667604,5.870732481850838
10.843924634487964,3.333659446131569
10.084795610604774,5.702426052977263
8.99221741373141,2.127368905004916
10.035762007410117,2.308383314643878
10.459680787358685,10.48634562840563
9.756739148060221,3.475845323205281
7.845620532417062,3.4200815620602736
7.798533587464182,3.5155444231876305
8.183219260649961,7.281306587140829
6.957449186588836,4.112538387446941
6.90314616665623,5.513766776673478
6.543649292094787,2.0279611945318017
6.926716470207839,2.907187583177041
6.967331385235994,6.91182429006916
6.380402564209051,-3.956755731754236
6.018137976050084,9.265688777710361
7.368340827177638,3.837319484499175
8.091945772472123,7.545760430326205
9.330877071897099,9.483864750182292
9.536594005657733,-0.31628048263094577
9.819693735484634,3.1288592086043656
11.253708086097282,9.604045297686174
10.784587605197512,1.8070178080495376
10.896661372677258,1.4774252515669648
11.1299382629331,6.732734769909575
9.784527593889871,2.7509135014039554
11.861663772803162,3.1992273529518633
10.111187510224806,7.740655368291407
8.599494851108163,2.774243685529793
7.628233256746481,3.024193301511848
7.769483624718278,3.5235433414694013
8.563423436991705,5.224885885172072
10.219598562075976,3.3908315271352256
10.846226924708017,6.726654547718166
10.064684901119223,7.387961156596202
10.513319432239435,4.554247036848412
8.839434944513783,-0.6811778141869524
10.320198156774467,-4.7198716575177855
10.133989780870937,5.770754902666583
7.659556745877707,2.5858811660371313
7.509362746959716,1.57968110305695
7.874268774581951,1.991489994443129
6.531028814282052,1.5975081999250684
5.849964381524747,5.819385248324625
5.362906364432795,3.886865534680302
5.249943145368069,1.7769286562326647
3.849446608738893,5.27539259849325
4.377683729341012,-0.7975395220584081
3.9271088572473234,2.9205720271167754
1.4945986071089679,-1.2982286716069582
0.22284699306463085,4.200489095082417
1.3894494665779105,3.3710826482637684
2.9825543910177554,6.135931220048223
3.537131641427353,1.86114788577181
3.4639258719022537,-0.32559545129264467
2.8286969602499967,-2.706371217019005
1.168658469270882,0.1841972259800917
-0.42300448404295277,-1.5377537233174339
0.9577915322613537,2.5805106736710486
-1.5971496205870623,-7.025148416778329
-1.4968013218583902,2.65632346338795
0.24219506211975594,-0.24850962646234442
0.7352629764387322,4.259812248510368
-0.725338162539541,-2.154751989927549
-1.0837107231672858,0.20293901387872904
-0.5219416157265506,0.8475019221683127
-1.5778201863801578,-4.372782808348928
-1.9414983205731091,-2.3634344403057934
-1.0407554658578848,2.1959434257378687
-2.1314666014049424,0.38103474644835233
-2.2118330293010553,-6.338024725170811
-1.8105992835768796,-3.4383288864740207
-1.6972092005375303,0.7448341867846985
-1.630275545662395,0.9231301046952647
-0.8563141031057606,-3.6995108281288718
0.20582921825883838,1.5753536667783572
1.5574174148429443,-2.1644621268435382
2.9797003005932567,5.452162281331768
3.5992974743134756,0.40262726299180907
3.098597307896468,5.382828307398174
2.298925150813197,2.187332501366923
3.2494906659786515,1.0710462159139646
2.7099269632506906,4.379535064773248
1.3305327868121863,0.521948405941514
1.2978302511893591,2.0185475380297744
0.536439311831868,4.968581220961536
0.30679052067821266,0.7464813510164504
-1.4144464018545002,-1.6646007008318668
-2.0435264354347087,1.8945322245081955
-0.9550327872494841,-0.5105087139209059
-0.8712250049440315,-0.8650722465061962
-2.086034928886183,0.3573312661416288
-2.835447758799307,-1.624464646233088
-2.1783016050739703,-2.2945061548256813
-2.245550487503461,-5.4128169170909715
-2.0094832132812273,-1.479133697756323
-3.6678494690087358,0.28137753912600405
-3.7624912512442545,-3.618053909313817
-4.2053106340434425,-3.378413394570668
-4.567398159457485,0.2154617052000689
-2.764119863179891,4.339311643154337
-3.3852177501736285,0.32115385591426127
-4.177607614178018,-6.1596572861100665
-4.454269595703848,-1.0528302526532574
-6.008242291966712,-3.5109639367432077
-6.901772680010222,-6.4723693348284295
-8.37492872123319,-7.073050377203968
-8.617111720282733,-2.931075111488172
-9.344283057963331,0.8348422179779309
-11.366479022078861,-9.076477322874226
-12.109756935314213,-0.9615266393715034
-13.400857957702256,-8.486175392850392
-15.707547189806764,-10.509357354859825
-16.147538527019048,-13.26410470416037
-14.769909607124266,-9.19121011105308
-17.877395630880578,-14.860039805606016
-18.124635188321623,-7.376783748828455
-16.629925655116388,-13.770394705146977
-15.537792895185024,-4.647990232163117
-13.962019772548972,-5.95379235196562
-11.840404719631731,-3.163522391907368
-11.227313487507107,-1.9026717030758915
-9.376727127202725,-2.734551718477961
-7.7340856357257515,-0.43581862861037646
-7.868903327942543,-4.462571853576864
-9.117205398791674,-7.217497712927615
-6.4505715803169625,-3.6074664616303225
-4.80319326881731,0.9037606395189393
-4.467745453185384,1.5015102238827867
-4.9536704335887425,-2.8820935594615387
-6.175620942672399,-5.116782199457676
-5.585511164701272,-8.19468940814038
-5.555562517955999,1.8825363074211503
-6.03529148236957,1.0322064922661913
-6.144594475153694,-0.3743760289211564
-5.328993450687702,-1.7694588525206898
-4.920163679157538,-10.87995959294419
-4.2397489713339445,-2.5070646502709266
-5.271070751036696,-8.057475013126163
-3.29360699523115,1.7585634462803397
-2.4253704666136917,1.452137507788256
-1.9486034792058553,-3.722187081819171
-1.2724804271900398,0.33225447654150664
-1.7422382539347963,4.906252733054949
-1.050344061897984,-0.3681375110596935
-0.613854874382088,-4.628320242587353
-0.24187893426309304,-0.43891967888947153
1.679355028635661,2.7253824837394887
2.8111320201126064,2.2685958591213913
2.562960425032077,5.311866664963881
1.644547994686203,3.0599195651204947
2.4412601963464597,1.3356474547967718
2.0531998833455707,-0.2409805510214167
2.181044537196314,3.1200925662939163
2.1807839707177386,-3.322533924962432
0.8066297584169462,1.6807912956188416
1.6870624402537875,4.549885664302907
1.6254636566756706,-3.8223795504555227
1.1151849982295934,2.065891995471918
1.526073510223887,-0.0964584698534936
1.440715689915996,-0.139672882201908
0.9222489971242509,-3.5904629739956446
-1.6181721809856389,-2.8219886028404026
-1.3270501780728703,-1.367408674355799
0.19902620076706468,-1.4946731325581368
0.5162131107936165,-1.1733620373476903
0.8496463377563426,3.8881682415388994
1.0038281609759343,-4.515185065244852
0.8146244301875739,2.2689197209744396
-0.3547280097476232,1.4924810792545375
2.653233177459711,-0.9323080137565922
2.9940857972333803,4.241322845177876
3.176390168267906,1.8890371741323524
3.9738236955864084,5.48132090248026
6.531884884759277,2.2564880883235157
4.876011728924578,6.375851499743586
5.674681973772808,6.220355431775391
4.545343043005088,2.172034956293782
4.127328117263122,3.107923450231832
4.302158775926577,0.34674537045126463
4.003891158860498,-1.5367147945483839
4.250229457852949,8.441638298170105
3.7192006862156246,4.043541294922775
6.596110147487892,8.020640275519044
5.992005996673643,2.1522686128001727
4.357109702103601,3.5416462608985073
4.70908458877932,0.9017560355951004
5.106699156160521,-0.7534151809615426
3.801645404310031,1.2123156184192219
5.030800270682065,1.7152112413346878
4.983487753611911,0.36670219967545714
6.222083553461842,4.602684293242537
7.043357509640883,6.772879905018122
8.857729656052106,1.10654763428792
9.288918598673273,10.198912086101306
8.67523315533886,5.608957704253529
8.426168626828257,9.04500923451769
8.717146680587852,3.642471671878889
8.545723876358347,6.257665452865439
8.378325158330046,5.03001424245324
9.102984004128988,1.1380041219173256
9.520279578538455,1.7059298889919976
9.527992387404083,1.3826375474474446
8.559329900449073,5.937639674492953
7.51966298954598,7.12113444865325
7.988156389304276,5.924189959608002
9.260084254274474,5.076092794309017
10.225505696567215,9.146913953965752
8.828064654163395,4.864870468143107
8.939692255487415,7.915368645716569
9.303722616789432,-2.2069679452169115
10.313913760148855,4.458568438481514
10.885803617455778,5.30311646713655
10.410659057448576,11.615774953295091
9.472163019427498,5.739199923522323
8.967295413347319,6.134450834353371
8.89448685699817,8.838453497927837
8.386433979030079,7.467330001044694
10.144511943662476,3.588518483792342
12.275045454965305,7.976001217375856
12.063181389961239,7.719116496162809
11.881266190559302,3.987388134288489
10.267539844314639,10.166255425717718
11.784021168915784,6.6208557826413745
12.625491025628584,4.971751906209477
13.654296627695492,4.842387737911672
13.40335636590897,7.8875342498420675
13.192150516669079,7.386816023630144
12.939915603335153,2.3904036682164946
12.986814370297,6.334637407990705
13.824872956630845,5.687921756343344
15.032310577142336,1.1738469915095813
14.750387022049834,6.195739736015483
13.73284012577786,0.475943442858906
15.109192451134787,7.773219619385011
12.826599105631669,5.019072050684783
13.242158648330356,8.996342548549995
12.474156931584162,4.631231465292387
12.456374259706632,10.524532911552779
11.18582632905784,3.6361139407968803
10.471795465575372,6.797803451824314
10.718658983036725,3.7805405294750685
10.215457998529937,10.436579671671268
10.932498485243128,5.134340708501229
9.434562100729933,4.191486115294292
9.213723094295155,2.189477898089204
9.438889759830584,1.9168746067688929
9.987858954793948,6.186130874377451
11.051665041078055,7.190556585094876
12.221891933661459,3.488013968334399
15.3733132204075,8.738275356791727
16.69613320701324,4.8564404105841374
16.500154550429507,6.948434865023797
18.38114894018201,14.642139924242551
20.623298046885466,13.139684208085367
20.394698531099337,12.724670654720589
21.204023135765183,10.249229091161375
22.101390847267634,9.525272170729243
21.390954299752067,9.228093047094998
21.8433479109327,15.170065819377509
20.720867384168333,12.210271569979255
19.239602131190757,13.002367134821156
20.5267465565547,6.378865938934142
21.638446565257706,9.085431900671523
23.64518594198981,11.496825920111139
22.727990221471458,11.764171304009277
22.405218216400495,17.731271729933496
21.67692450692886,11.674486500616604
21.45161172897258,14.152163314733441
20.060438352759473,10.58299725141167
17.960303259657543,11.675560656237652
19.639226493645577,10.002541731474675
19.822866889638608,16.09693440308007
18.845117196394163,8.879394187514023
18.66104857128591,8.824562617733163
19.615590620263703,11.758298150554122
19.095037291009675,7.0731445820323025
19.526552345429756,16.308311712009925
19.929281683733667,13.488116148892008
20.609412031245842,9.595056658783395
21.36979625351786,13.872180761172283
20.367105123756733,6.503795351077711
20.277874028596667,16.95149743161474
20.553619202285017,9.342162536887175
20.814530894731814,9.985181979084452
20.386965763853475,8.666370520773006
18.576432471963606,2.6408631382673047
18.713079118026084,11.152457383613042
18.284042838423925,7.236445773910587
18.36429804375248,13.741171829896466
18.35852938048455,9.93386017001746
18.193649708760184,4.929963701383902
17.30474694324196,8.04440165887904
16.50667553645262,11.608945577992937
15.671043818503744,8.77153802364614
16.19467191382139,4.443413499301225
15.684557893254357,10.605549634940086
15.267022044746163,11.44560527895506
15.449514516936228,7.008642151661365
15.449381276319505,11.472095445401267
14.631505807998572,12.39789282967753
15.19251257406947,6.992493064177444
14.968473509849062,4.520334589494301
15.37791931033478,5.776017665300845
14.036230043892731,9.378214276447034
12.90903938770117,9.436862216649596
15.086112010418805,7.023376431522976
16.054098106161128,15.008613163901208
15.99825603657082,9.746576736202119
15.645322238935838,8.65561088967928
17.71817127348403,7.856095993057144
17.044472094519424,7.339589858706406
17.64810123286745,6.455793761760108
17.662520136240143,8.671179996679234
16.474139802321783,4.436869429332812
18.267183546253353,7.894775958832903
17.999818863507645,3.2522988916395317
18.588164328457047,11.637978702224942
18.22140866352235,6.070089634269215
18.973492847882778,10.576992532154348
19.99439013208472,10.830930553817783
18.75261897623445,10.41002856127815
18.197844709062117,11.065944601974188
20.381414162636947,7.4723529064515954
20.718118029463678,10.925818157527846
19.725957717359957,5.947853147877727
21.148147914856512,8.81422071996593
21.901698964405362,5.457898125980469
22.673103402838404,14.366282680430691
21.799065078093278,8.317768413259934
22.62673250862998,13.03197267829517
22.837731635266966,8.392847312554641
23.661320412799668,16.942050988081135
24.212383847226242,12.050614629361414
24.238459820989384,14.548495024243731
24.009093773353815,13.719309761211006
24.69871075553696,9.062216494536699
25.930145726284078,14.466471512067079
25.34728002676198,10.269765061190839
25.437373208693526,16.70990269034275
27.587398016459247,13.890993181052343
27.652157193206868,11.17266562372706
28.89495539705298,11.761472368570642
30.534487481083545,14.97296251937821
30.18915594115646,15.92628812549393
29.391969055146852,16.01914478660706
28.69459348318066,21.695580351101952
28.78351844231351,11.848646906802806
29.454765102871082,13.795631042969008
30.04627211215448,10.393594978412885
30.69327441153378,13.795643208435285
28.114481198412058,13.576980389665584
27.114493704788245,12.900828184120737
28.66183220171517,14.531490350065964
27.62704620297943,12.295014734296407
26.61530243934655,17.66666713927738
26.738725063445628,13.037182160827614
27.74611015452953,13.871123750372345
28.954306286819957,17.437929633950226
26.820842629405732,11.123656680138513
25.60715014348026,11.002064874616067
24.75347603677978,19.401453053211938
24.834871050218197,13.734671911994507
24.850587307126016,17.51383428965414
24.00913495621937,10.060635404179129
24.580165657019297,12.912062394840607
26.266981809665076,13.969325714965857
26.945174574086863,7.9390290397969085
28.582911617648872,20.41662147060975
28.937866293100065,20.275707935497344
28.615926319762387,12.6812632120865
28.282615696792615,13.247816171043175
30.594697926016913,15.703904142283212
29.935817181095562,12.723473536825622
29.103892485502517,13.642980807769234
29.852067027515037,18.493360163922542
29.77143128961557,16.26418540560331
29.222266951596012,11.74467058828782
30.21565249332695,14.671827348631142
30.229639293345038,10.427091521555342
28.480704216407975,11.367623686871076
28.068969477812303,15.737787272911657
29.049394835459847,18.461537726243975
30.250480489265083,14.506524110356155
31.344604632511118,15.750211202181543
31.164888551494297,17.5024626741659
30.299367675790837,13.300467452653528
28.367145630274344,17.087559802677436
28.23535060033031,7.162761810187077
28.747926375805324,12.136244038944792
28.085512644478307,11.468055092745283
28.41068687307764,13.69217496407709
30.267598376652813,17.504971824053914
30.558534639261097,15.841408147802147
31.260879445566314,13.737756967788714
31.079660380217106,12.006737717820123
30.764953045944623,12.11048435550575
32.68718406896756,24.198792629634347
32.191087889406084,24.585461792918647
30.89137027178303,16.62156137658487
30.33470682929414,18.30927869997634
29.81464536222676,16.131462991545533
31.179571674067706,22.23531828118147
31.248487348274548,18.519728826936575
31.950941965723043,19.762586617720228
31.88880647512657,14.682607661490906
30.652206119593036,15.133830558905238
29.539716432536487,17.69289398769068
30.050675076126588,16.446967859659605
30.110831986460717,15.802304215131086
29.349869574566142,17.229039978638763
29.327548186583197,13.626738380997661
28.062786808240705,15.010257659940432
28.304145443405456,13.949422258008088
27.806874070944403,13.841763144678888
28.90904246878346,15.382623300700738
29.10172869312259,14.319432530354833
29.40323318081644,12.99382670014922
28.89072839791506,12.287565682152263
28.486278555869383,13.157467828576003
28.360096924076313,13.396703003415912
28.049341859469795,15.691434987636
27.163129188436468,10.786048344167572
25.928057854022533,14.457341096528715
25.967285669757338,11.261542258673082
25.6404761065894,8.972436118328794
23.28644378131296,10.93532964621613
22.626882912778232,11.39048855940218
22.088524450643085,8.64022646475956
21.859166231716777,7.201222756038618
21.437773002499963,14.115356386311728
21.279991169313995,8.909358559166497
21.789555974961694,10.945420370198574
22.123765341068747,13.177961607541807
21.300749764344364,12.60265876457387
21.828171197232297,10.250152963239609
21.352890531992163,14.00824638479323
20.469559953541033,10.969874008388842
21.763909997010042,7.353920287128867
21.129038302993106,16.165384998620496
21.18797964993135,12.318239173372476
19.866746378338895,14.609831853943412
19.971954632726998,13.796524480066278
17.871576407121537,10.281160505594684
16.123481177212085,10.129970429881366
15.294156105715347,5.905327074429975
15.16088414707205,5.4989157842697045
14.602596031697324,4.2980781997946105
15.362828222293002,8.336377893065334
15.80646323973822,7.1068561622290805
16.254366437323156,9.871990607727053
16.803746507115875,5.6877768960004484
18.21175769737226,9.1254207717807
19.52248660811341,3.0623680861729303
19.01407535898582,10.256799778851551
19.629950364706435,8.20600301857895
19.61765927932748,11.204631230039642
19.706313479347614,11.410738878017202
19.779190619157504,8.928955547064025
20.23307817268368,11.136521927832325
17.94169309516418,13.263852129432069
17.920953001335718,7.734339821619955
18.475950516550974,1.8950538651196265
18.53369409769407,4.950803788983256
17.099771387697064,5.934740277463613
17.640492036418987,9.941716648346532
18.097618556719052,2.5995189446025355
18.472562268079574,14.310625006589737
17.140406752248424,13.26293826654285
18.8253768447751,8.933902548208208
18.514061497810644,13.017952764826585
17.659016252907218,12.835692064595799
17.255202732200313,16.370681604757827
18.22067921099567,9.87174520907672
16.735519919346437,7.769803830764437
15.720736085797224,4.016096209874459
15.890817447723526,10.023013735485431
16.02440609504788,1.7090325288476649
14.922022664802242,4.5323690239649705
14.282109879259792,11.367639398234825
14.659886993392195,7.58674363281094
17.11975982613669,12.287736139642131
18.71968676068383,10.74023224658465
16.00181539971166,12.08588105299761
16.247696234569386,6.39934747264676
15.350639530922539,0.8441797790091616
15.583560961721311,8.188164775011522
15.998454250757028,7.68005574343287
15.415681343922364,2.6706610308583096
15.356465471410095,4.2969383417875395
15.060716579339696,8.088114954577815
14.953730506858538,2.38794284245051
15.335354793427165,6.089748653714086
15.443202874798484,3.5079726411620378
15.298970786162792,8.836295006631758
16.702253193246154,11.25101993123847
17.178406101645198,7.777901952172695
17.069877454546937,14.636170390344448
16.78606664168708,5.456880101191077
17.049012189190048,8.723181551087844
18.656082700751345,10.257908618970488
19.280027384283724,7.859950433189181
21.21407539890955,6.862219148639854
20.385512423257214,11.00367746512735
20.23258334501314,14.524131079199378
19.528496261432267,13.582859037316299
18.437397367791718,2.37396835070699
19.3501019849727,13.975934410808618
20.051946008401103,3.509279932146085
20.89385739161247,3.670995252113782
22.180016875194017,12.243901791192002
21.354184989267996,11.263787635983459
21.009511371991763,8.216424047357282
21.098028922910526,10.50595591723412
19.704821595737208,11.227424004990501
19.123700812677914,14.114922144634608
19.42556521408993,5.381000875292161
20.244001827165064,14.996016069693727
20.519398492128342,9.265522211470937
20.424635328122584,9.026717953725107
19.39254031378129,11.321877924218047
18.758108709698643,10.977827072950584
19.308735011945206,10.544893571803543
19.760247817359023,7.449387333157626
20.109634762026104,8.224760564039666
21.251570253119258,11.866311632188756
22.870214183042997,11.905489418099622
22.903682060332795,8.599173278714787
23.502269796495842,15.507121082333693
23.895715283659893,8.6255680321459
24.61610105392064,5.395847403203808
25.034662343475787,12.130643851770772
23.973722423702068,10.802905655026013
23.43982243268912,12.008963194752575
23.296481476734314,13.724860092132776
22.951265673747734,15.229723749255974
22.681025560081103,14.398131753359532
21.58039859189213,10.02590712618542
20.76869080988566,7.415197353622148
20.461888878245723,4.01610488661394
20.989058714389632,9.297857882412941
21.142207393950276,13.12007725000132
21.56953705256029,9.048442864897842
21.15822902165837,6.1873814039078345
20.296475918232296,8.658116133697789
21.117656505469206,13.968990297577141
22.10576232239358,18.463974384460666
23.13388958106437,13.827689741885031
22.290101167610405,8.449230902388031
21.044992705533527,14.741029324568196
22.325682507309207,14.88296005828733
22.845504312912695,14.733873270633499
22.816481372344683,6.975572449296187
22.326962035904778,18.68335864191158
20.42333550062856,9.487745740316406
21.52389596334391,12.312733181803164
21.540067954060106,6.595771133734142
22.420955277521404,11.672343748569757
23.802892686529614,13.26337436306604
23.003321866937856,8.98278813807972
21.435436310955758,13.545419090181134
21.474070854252936,9.019513625480306
21.62880741497336,8.577582763853849
20.37715459283595,10.921020923985699
19.115896649234976,7.0706817111779205
17.028465320814597,11.456917985347674
17.592225284960385,8.121665038379348
18.41193340088796,4.9903632924698424
18.19146060912267,9.718358966393904
18.55336701650117,9.961883546204946
17.654088972527866,4.421569200456423
16.5705699849175,8.62548282409847
16.384054374675348,4.538616056645227
15.485404328274116,13.657502077965106
15.528022806082143,5.133241997048822
16.194896402874335,8.86520654637425
15.567485347292134,4.361790482808273
15.890419883178117,7.326279537003998
16.59281882656853,9.771915980996683
15.895750741062981,6.255959168672423
15.628484720290448,4.922996913856781
15.545744603860904,6.642172438532208
15.546905726630921,5.179041715525736
15.46308846935189,8.76951816609691
15.508333231043213,6.451943607110075
14.895648375026598,7.124475154787734
15.182539055448181,3.9327216797961055
14.671739482651295,4.511408564454793
15.62375760734972,4.197248631455368
14.549823173792666,3.366533078553924
13.20906498503386,5.669065687662975
12.916166683607097,7.675060569672954
12.102645744403835,10.403270839600946
12.16296036384936,9.010377411449966
11.47292154341977,6.336483587604871
13.735981842423538,8.82011875873324
12.650965475811716,0.8935438538389304
12.210497179108108,1.5819103448683665
12.16727182604247,17.876825643151683
10.172551389356524,8.495601193578407
11.068810982739121,1.4982195224686778
12.933702735912117,6.764673003383724
11.628068879637,4.0902919567912015
10.461083727386614,7.414238138559163
10.733290834189814,9.526523339170655
10.998432044022634,2.517574483070197
11.14148053184666,3.8926368900641415
10.330780334760185,8.437471407900674
9.401211575357081,5.109662816955026
8.895435590546686,4.411904436678609
8.48249038146821,7.33175637841403
8.62705121156914,1.5913676226267746
8.396776387000816,4.236825355473616
9.454770640888613,-2.9299854201391726
9.630129350780187,1.182683118822947
9.40496888707222,7.27124209233679
9.960883236712032,5.389983275679554
10.477689031815745,1.1441989015233505
10.569121027145432,4.336491736113634
9.782325353790146,1.8987673420490498
9.776490441734014,4.094344556275789
9.753793837634937,2.782256904785616
10.391700901912193,4.113939311563346
10.73854234656855,4.209404955472044
11.547776504623103,8.096081038964332
11.790546274783921,4.101003816945638
12.590392293253894,6.715007257416217
12.796438324197332,4.622736270462984
12.763198953326768,5.8044940938488745
12.274292513623344,5.652510551165392
12.701428480494021,6.995476308904871
12.634957952650142,4.015899911877417
12.410094571303066,6.350877215118881
12.611591225038607,6.12561045219494
13.152257331948675,4.948895270981806
12.396394133487641,3.7889431551604047
10.438451238342669,8.693840975859663
9.211590426083578,11.123770998065694
9.159835683487959,5.026007041827425
8.878931470037799,6.252838022396
8.679414575697933,6.507231187449316
7.812180052356841,9.62005850661242
5.829585898103364,4.123837326751696
7.220455260809677,3.808078204172135
6.242991982512392,9.984383515722511
5.51424695145683,4.116379485380339
6.698857332826953,3.9939068373095825
6.781054964709946,-1.7349997126250627
7.589384155582756,8.479050561485174
7.244320594148141,4.5355204967112694
7.457456041445034,0.7723901492541518
7.900405793384147,9.27807395600967
6.601341106010614,-2.341089038506859
7.729393244992968,4.465986002008064
7.027106875893241,6.597225267056995
6.23568083919279,6.0795493834545615
7.416064902340915,5.7033426057785945
8.354120782087012,1.3045310491173852
8.383773530196597,5.155748650682446
10.064057916489583,6.83304790737947
8.6262237183414,5.576262146879991
7.201196527254191,4.8612595187696686
9.11887916753241,7.0714295586266385
8.461266379989311,4.7040342260449695
8.282049648412423,2.2458554968175903
9.148483094239536,4.0137411923958854
9.864221839678477,0.6487177725454591
10.599723480540924,10.239991523954545
11.775879648108258,4.200948937366702
11.295921055977722,9.283481501108483
10.748470161636979,5.307277393412725
11.268380245866767,9.607983575605886
12.303484099815787,1.3100449425448186
12.353277806127288,3.4896694678928513
10.607840745978464,5.795402674234786
9.981920491967756,6.935326580496801
9.056939182970003,7.397251055893049
10.399674741428505,10.398774217323645
10.491806522450839,3.494060391321364
10.396290898263302,6.750039001034061
9.992477911883261,9.605520815697368
9.804044239013892,9.714114835347516
8.129090484022894,4.830663708112654
7.9794104314626795,5.165275128388197
8.063291138268847,4.34754587565127
8.750838265744937,7.705671806693739
8.474377018196694,7.418411445162063
7.250855690389567,4.410562289517722
7.754187782298463,-2.4094211192210016
6.806025748476192,5.865106022471069
7.310974937987284,7.679121598508846
8.093177905437638,5.371192382257234
9.061891433395198,-1.1684860813251445
8.890297100422774,3.7743993104097004
10.16861225852392,4.149927304248855
12.458054224390601,5.394632732932357
11.645334691602287,6.496277807536454
11.88697737633714,8.147624195595068
11.924912400625361,4.2414789365117
12.838537476811949,4.527127347274211
13.367320286661773,-0.2688058671274103
13.387911132470807,10.873530465609916
15.462264415664784,7.429257138464831
16.023879046616813,9.0172138538395
16.766809908670183,11.101001615634297
16.25314856488008,10.827640387900932
15.7917114248038,10.660465429441564
14.962837522204824,7.465882178659987
13.203818084337808,4.670025064758985
15.008018336197027,7.079851677723588
16.187621327109046,14.418313082047906
17.57289592943658,11.22419766275815
19.592745404405118,9.637994716425881
20.337215520123717,8.65660994276941
21.165280213738097,13.782158212072835
21.042674200866596,6.80426202969696
22.05830330063223,11.495395657129482
21.438984346448997,9.251275364621986
20.242647196456932,6.557618564341055
18.838698616287292,6.009374868750177
18.192142365798006,9.98104425915541
18.77647549273601,7.384920327471419
19.289967607439632,7.664724025777062
19.87794159717033,13.170455055056513
21.02245279745324,11.962639106789355
21.283516684374913,14.046123345324474
20.91132322355611,9.337678871505766
21.063136285947646,8.123002177803627
22.73551477700593,10.63974071005932
22.164558037024495,12.559613606337441
22.034908878403208,16.91848107467978
23.719257682925907,11.132028772060117
24.29506928542406,10.137019326039018
23.52503631168569,16.446541442622973
23.403454706273884,13.060760262068513
24.066248534402504,6.759398319791062
25.15597304552361,17.153670536757918
25.804117186080642,14.631135676132107
25.753559968596075,14.806151046312044
26.284893504728025,14.878577974455196
27.989200525585307,10.182886373099999
28.857655054334014,15.312220986620403
28.034348695465564,8.369520902284567
27.120275841884354,13.128453724901968
26.54736408710916,17.875624887000697
27.413962815207665,12.80466435688255
27.93077940086683,19.163832777504993
27.875575768017804,14.82126225219192
28.680211526480523,13.595764814419162
28.234198975824153,13.2780022562842
27.853369561017075,13.388788197211644
27.990028225494786,14.375698152550594
28.633108079143614,15.108412806548815
25.979105655331274,5.016862945135774
27.34245805484109,11.063008215904897
28.19582289245063,13.750481837543036
27.583581576380293,11.290700744886562
27.800303177254104,7.211394417869471
28.272200194423835,17.886171966358187
27.53998077162873,13.147946293648747
27.58878971920619,15.533182956885183
28.308474781720133,13.739435920492728
28.104310896731462,14.930369734068597
27.56920981957548,14.747142359629928
27.311160323165733,12.86069436706479
27.791141659064845,11.198318891568771
27.195899049896408,15.373161528233332
26.78340423628553,16.549462325850193
25.551708130374685,11.64523016617045
24.19177353987836,17.14989760116935
24.59743170827077,8.002203192534513
24.38855900939819,16.385679358004555
23.506767303763937,10.730694648433323
24.96504868272476,11.502886558723851
23.820014547422165,10.39221579114076
24.515099168948986,13.068402114208308
25.485463913814897,14.395689643985675
27.96292636153541,12.035153038486749
27.782491144694994,13.98320072353862
27.95540229211198,17.976939702915168
27.021709774118666,17.461277036215115
26.94939256227889,12.825622011795039
28.086009326223653,13.225955850116154
29.53600827199211,18.861111772562356
29.941115533437646,15.74707068751905
30.107716552570256,13.427717918053137
31.394705310358557,13.717416244640777
30.66715047321139,11.865198575044335
32.27290796964779,18.183735074086655
32.25160008255189,18.47531015517321
31.0820538404258,12.336826282272444
31.871150705502615,19.125536162277513
32.75817733310206,16.449855825615703
31.756575724517415,15.929734801874876
33.811870680115355,13.101309582077702
34.72932154226497,13.554375650425678
33.13828345507187,18.49452137079379
33.35577180543512,15.788168369286284
32.68492504527571,19.339443673843263
31.201643661173346,17.384413501176777
31.402106890060423,17.72122565771591
31.997718849839874,16.5208423065571
31.570371624463718,16.318917607495464
31.638340663299946,12.338662776576701
31.758901772301797,14.011576391505109
31.510250132006828,13.4034047010778
30.759199106847735,14.663665865332506
30.562711496202837,11.05143592017428
31.590109970245454,14.459544110141874
32.61412499188404,15.861987666832656
33.410325013415815,15.328564516452976
34.497137052402095,21.804837082091183
34.33204052409785,15.101922881395488
33.542199604659196,18.05154911783284
32.12456269983228,13.9704002151765
33.159918144665745,11.522129360750242
33.794966666952426,17.23995834740139
33.47419342838635,16.847254464621443
33.50888395407865,16.061905142814243
33.92588391634641,21.654699142128283
33.66574637289774,15.077984431888801
33.404510743341895,8.702112838098765
33.772744736553975,16.228425197867487
32.52307960905675,20.522212881883654
30.944964373465847,15.061826911961969
31.16976581358278,14.407790102072656
30.72278941959869,16.920379447927044
30.557665379843293,15.948394314243306
31.637875675746518,11.536263479227916
31.86054880221521,18.891972303216733
32.866049080476444,11.196130006580868
33.061884249946104,19.591864927496925
34.858389363360494,17.605659674503187
34.12030447768379,20.737803913417935
34.543825298904984,16.441267112694028
34.41764685082407,19.95918358857924
33.91204032455089,19.082072629713686
34.44643167299904,12.625932933516967
34.61742313446202,21.380208594058352
34.530127105053545,17.515722776219405
34.16813233157569,20.710969824703287
31.939477386929212,16.526237480603736
31.49507934606536,13.996947326273457
28.897709489042757,14.830140166065815
30.981972023261942,10.821700412134348
33.81539294180881,16.689326198197342
33.91336706237983,14.692173452553444
35.99119613349588,22.677210793503257
34.35268748853563,18.902613870339273
34.029242703028864,19.52035763374442
34.08185913597584,14.875318853509613
33.413490961213675,14.728863340184466
32.26859045774216,16.743000302670936
31.99722388443257,8.622495572587708
32.29738768380346,14.976497575143805
33.706446324220025,17.709069683602046
34.1085281533258,14.824895345336467
35.079208795674255,20.06921945280506
33.66390990685408,19.244162367973416
32.04632373062289,14.569569773407071
31.943178062140703,20.4659263913522
32.17017335412153,13.171865811574612
31.458272786662004,16.25904516263911
30.984637569918977,11.330095510333186
31.3319821594691,13.629193629036877
32.755047369922416,14.265996282832592
34.360597436098004,13.357623007200662
33.24051195814135,22.731838028015236
32.25710350960574,10.605718839401225
31.795447624422376,18.61479024986714
32.172458410861104,15.44108690528497
31.41376552807243,19.25333465590061
31.21472372475473,16.07903526496214
30.585914902264072,19.449057754280545
30.606128112516465,12.57370302868446
30.096756335776764,20.268248096793002
30.27734607832157,18.33580413069614
30.327574356882558,16.214912023694968
28.79108091637889,10.658108916770258
29.032601913790458,11.626788751998422
28.484211266486614,10.513124777080352
28.138034158680096,12.617427942354714
29.12041870527607,14.713385648093075
29.658665363642527,11.379083323518898
29.444478070374153,14.340644442791309
29.39611408143373,14.988883961513189
29.65432784815057,14.859249284430701
27.687482103694588,9.766702429997517
26.837575525472225,14.72454559868233
26.982191776705072,16.56089360088232
27.10890793747251,12.116063787642066
25.781208170554706,7.9520359199932145
25.541976173333126,14.335341757881569
26.604136912650162,16.199559114333272
27.932746528483676,13.827299601929457
28.3684973050195,14.212085139799171
27.87852437392765,12.263455464972546
27.245847163303942,13.359395885961392
27.25528510116335,14.32687642693622
26.44448124732297,8.78295371490021
26.276823803518123,14.47084763672887
24.480936896180438,9.11554677925319
26.126021731700483,5.412435564530984
26.470542066695202,6.14459612760246
27.234480519850823,16.387881841391494
25.79987796357451,13.262421840550267
25.482365303675515,9.279172663813945
25.82259023527184,11.999588487376993
26.257335942273162,10.042863859704472
26.609410963306974,11.908318271846467
25.985104961732294,14.512793047850899
26.52983776994385,16.483897286626558
25.912425086045626,11.229463767027157
27.480139262426388,11.771539540238685
27.17503741909033,11.82230132472139
27.993433765620985,13.300851376484378
28.541905158781393,12.81431676460185
27.841404496788968,13.584995721246997
28.254875607115036,14.516655357914072
29.340288276804753,13.648213736363822
29.658587233136526,15.121200957040346
29.43871391660015,15.223386359880559
29.817746584780814,20.597913118175814
30.250136753010157,13.675455416268855
28.83220023603638,8.267053207518135
26.559744898360293,9.880706590708868
25.858802587535436,8.474466449209103
25.05041106936529,13.932948728268592
25.689493876337888,8.37405611599474
26.14522304297974,10.830678683755103
25.579415890652978,17.086774406247606
26.1703452461564,12.815714535846412
26.495887567516622,12.147118992381065
28.03601989271707,9.612735843391553
29.071021382428544,16.354438535018605
27.76024349271736,16.68049105218732
27.91574545920048,18.182614026117445
28.40286829882782,19.193752702718704
28.618034517294504,13.531786574310562
29.080435502251493,10.96693796648831
27.58743444906074,11.438988948563498
27.616840836308487,16.517920169884853
27.358754167478395,12.567552302929567
26.800857687362107,9.482998575614987
27.2985883835989,11.488626909869861
26.560436481531156,9.956394423034162
25.83484685708159,13.787124773979086
26.815622579317406,14.688402710309472
28.163321279655225,13.085723495924825
28.910417962224543,13.028530025186093
29.47884606050683,12.607243614077676
30.50396240328113,15.963495247989384
31.545915019592158,12.897113055027265
31.385045626451355,14.087236149992382
30.838260087515195,16.441917063065677
29.800374335451334,14.416992442601872
30.588547701286757,14.666485245788053
30.895203846711553,19.932505028998722
31.805961436376457,20.421774866249933
32.76191510315758,13.175394391740697
33.677746065612794,11.420353226196308
34.25499374670918,18.12596412221034
34.31381888214399,19.001382521186212
35.029393092118305,18.440161744974827
35.75206350180309,16.986104718111463
36.53784529412048,21.442614543427478
36.349248941509074,18.762082700382237
36.819267590324074,25.170994314388146
35.32023599369657,15.525330736927762
36.358025741088326,19.039997498449306
37.67592455671813,15.714334765585823
38.069263002205695,9.904206039246997
38.660901415151315,18.73135739035591
37.78989563541944,20.230822533205103
39.533645082662204,18.92667688496882
36.87643088787145,23.233282055242903
37.39005827376828,18.575169156879667
35.58057610501342,17.64878986591439
35.072829476963555,13.600032640476147
35.403919497793126,16.02352418451099
34.30826819124758,18.77684382498775
34.10382196820513,18.612215184263558
33.88433997592222,17.424301856762575
33.739317654578464,19.654155851839228
34.0274506516344,14.217338111615906
33.87703915558942,13.728514709511758
33.98120422605548,14.049509452970511
34.19246889015807,17.410413715690012
33.248148287981216,17.655168329090237
31.731935110940146,15.920065122995794
33.06735651726757,20.239338378832006
34.01703246942628,17.7129030974519
33.613633501268055,16.163853038042273
33.23499372522016,15.936316052631573
34.748205782612125,14.861766750573798
35.081397146770456,20.762493616441773
33.25843616431051,15.08355579377138
33.473606985705864,22.958361817167344
34.62545320391722,20.07297828801202
33.56898654973718,14.69865713349161
33.34702795758055,22.20535949834337
32.57243842241275,15.229102681961399
33.17490486952205,18.18816652995594
34.03924224125124,16.2999531406047
33.571738775506695,21.584239748868868
32.54397699074037,12.315317171469474
34.22104938441038,14.620451123014517
34.04462613378283,15.845840467751815
32.78537672505578,16.21139085780859
33.74675156974368,19.989963434048416
36.22154414836118,12.960087173465592
36.80938232528347,14.430028365228209
37.283648650049656,15.547944310488852
37.998033084695635,16.079556456252856
38.40475183629712,23.172712080312472
38.16193966850047,19.160606560617506
38.462064803738386,17.83882297751361
38.67890426290628,19.695432056138785
39.05456372016061,17.57899111173264
41.558090662305844,17.962632609994813
41.89728671019517,18.84851577717492
41.16181756847055,23.047843743587663
40.18593961321375,16.903664609195538
41.03005787577879,22.82783492956138
40.764549892252184,20.130456435585227
41.30447569782988,24.04535480982691
41.29736076996093,20.029301147917174
40.65763823933079,19.795949491765416
42.266381053636024,25.66766047074626
44.90698667934628,24.129922720035285
45.633516639758085,22.146191363688338
44.421851151676826,22.90410973323185
45.3738577457539,21.90417639649985
44.290456526423725,21.102853327633408
47.068593671638496,24.400767590127195
46.12920536294004,21.62275837395759
47.95400881265547,23.36113691352737
47.93449728402469,23.388451696607554
46.53138084053125,20.375604723042677
47.04559212447677,22.350691313802006
46.9367132327527,26.68739085715928
46.56699960141166,25.008690127143296
47.87281286579928,23.133554832896078
47.87728389686329,26.494453349852066
47.60112309884479,26.26242922418624
47.770414293684894,21.88925565901277
46.97211122252056,22.23532194850511
46.927143064214555,16.866454576676347
47.90191940263026,26.607975474976094
49.57539583438942,21.06146791639192
50.18485608325432,29.026411031298263
48.53791014392215,26.802306223287662
48.20840391007166,26.207955459070412
47.81487529032941,21.106602423650344
47.34450286669157,18.437241289947817
47.46161247575277,23.27799036229325
48.37207997122606,25.580129778253987
48.556242130359095,24.293785812546933
47.52923691032826,26.146974287062726
47.598151051588516,24.298141146701973
47.63477260485593,19.86528117867028
47.69560906614254,18.69469339540567
47.49309078681632,18.27504456881577
46.7432429074975,21.530758891102177
45.65806983221626,25.649164488524498
47.33650612432833,25.744253296011166
49.22506147526588,24.124781689288877
49.86788463544491,26.718028765099987
49.80085495569488,29.72134497874545
51.15281540059913,20.955248048056532
51.5475396848644,23.641614258322818
52.492828742665566,27.691447068058906
52.11375501852028,22.433977655955026
51.925504325266346,22.346245566930975
51.79834733130102,27.72551444467603
51.92131987263871,25.330804389964296
51.2880627534878,26.783983500476282
50.56680630688035,30.262140999401215
50.87508673469508,25.75426404370486
50.04129093070263,21.11527261051635
49.74978110035006,26.739855691304964
49.48593915470971,24.651142934922202
49.72580778421206,26.009319492985632
48.007099977798056,22.051869575950487
47.57857894895317,22.0623487936342
48.15420434770088,19.344444681487747
48.507367562140715,23.363975498283484
50.282104788264775,25.993746035163156
49.338267581257256,24.763853511479372
50.5897194383012,28.245622506075694
51.474692798740755,25.31668389583512
50.79829915970812,26.66532490642649
50.80317942355281,20.000537033167618
51.22625389757235,28.147196005477163
50.37557797860891,33.37812263954051
49.79712352103118,27.589534423321425
49.37371772006446,22.342856658541635
49.03983723365681,26.160449254375564
48.266302356251025,25.052630073981856
47.936450630645915,26.464158131218
49.4380283533983,24.544649791889388
49.45893667663262,23.63054995554149
50.227794909603524,29.897341005569857
49.123177544085415,26.306300968602777
49.029219761321826,26.119579634863133
49.652145271227205,25.76890348590549
50.219334849620594,32.298349561284034
51.09402488863909,23.960259112118187
51.63634725642928,27.358210641135564
53.081871412071415,25.333524486077216
51.71466270867689,21.416483563644928
51.75376624034145,26.01545910047171
52.66888509321991,22.916122983584316
52.939084877196514,28.654237279305708
51.111951223459585,25.227631529075907
47.58952878129927,20.818714176747022
46.21919992507797,22.80033854713322
45.57468338899664,27.742427289154147
45.79828328872287,18.560590606652802
47.77095599607558,20.253715528665634
48.593121905979984,21.212673199297413
49.2070640252238,20.127562132259992
50.32541864793684,21.937080709811273
50.30459526181749,25.0834293628871
50.42440142413123,26.387688213775267
49.780845566783995,26.4989100430953
49.30294755511948,24.593997478599803
49.642718773227756,28.146674509533305
48.26367654108502,23.837760306821348
48.409296626199676,23.586049406064287
48.087633902767145,30.03370200263257
46.965008624759186,26.904489636606854
45.83725107168508,29.22983375400949
44.64170874497759,23.595297779552446
46.165003815572035,27.281336674478755
45.565895719115765,22.912181760711988
45.32497516182739,18.858525754481214
44.11853806603578,20.74742212732751
44.53243748676943,23.968926085846785
44.3788197650787,22.27571107739912
42.77530239804867,20.385400981645702
42.754618504370626,18.147071875939634
44.35450291273631,17.88894668947397
42.36097117619285,27.69294144800844
44.41022499084399,21.051978687772845
44.299278978428895,19.182737044550148
46.152434626235085,25.97674358946086
45.17693083604625,21.285800738590293
45.89954538938681,20.04301425646849
46.306781072092846,24.92759893142926
46.15689290493908,21.08695347504839
46.75396520300474,25.45001145714432
46.12552719363605,28.500391969974956
45.925945719178394,22.67403480724511
45.84936455970504,22.373018322460098
45.06929218764543,27.982135935617805
45.35666540564852,25.56356529608897
43.5100185579318,15.621075550885664
43.95089175862856,21.846723701527775
45.59822938032189,21.139569706758106
44.983831116331025,21.971343676902485
44.316616488030384,14.79577932605699
46.66050482435609,22.33345355264221
47.5758775677813,25.646491008797334
48.01476878968375,29.393903082368873
48.13432152021007,21.420529655306645
49.90334218226446,27.472053299840084
49.42027047833606,22.191929470514644
49.69681524755919,25.543346389562906
49.71678853981824,25.963179361862544
48.373239152582585,23.221865687928798
49.32402074743863,26.547870180105498
49.26399788372679,23.717481831411675
48.91465468753713,23.938874066291838
48.429176844218176,21.42776816632995
49.38605347448479,27.375709283506332
50.03086446448695,21.50249435105943
50.731440767260715,24.47912353091275
51.805333330079144,35.369390969470444
53.88725762050839,25.500249004717404
53.15139481712452,26.03859777375896
53.91382006572259,18.572714213779243
54.308636122143255,25.998367658086572
55.26516104444902,25.161792282590206
54.07321414546567,25.363591930007676
53.99501656252607,23.05083955351104
55.285217265221135,21.265323507366602
54.019224366409446,29.346117687583845
53.71573115235059,25.29219314919061
51.828025385892346,27.02543666415859
51.033803126090625,22.93859100681878
50.565627559024314,25.766823653124316
51.241234407319546,21.798212716398616
51.54703311268807,27.324539302146036
50.34412732759516,29.499643986038542
50.878727623727656,25.939053443960532
50.37543559854957,26.40283182015046
50.35966715118683,25.318146072679063
49.778166255520816,23.016717661582593
49.58341859868889,27.545548423828134
50.31398859633704,24.41054871916097
51.10898054617028,24.774641794466504
50.72762340438469,23.418288600081976
50.77227928439518,21.628755538878398
51.30165908437774,28.907072668402606
50.856184770404965,25.265269024494877
51.86438291806349,26.669391156603606
52.48489393758266,31.471759174576817
52.337084073787985,25.078943989410412
50.64975000935311,29.985077037383153
49.21171490655904,22.334742253350896
48.64222158926839,23.463100977312354
48.336874754034056,27.385453085011726
49.06932432262293,25.992907630382213
48.90732729348975,27.369387963539673
48.24300209296453,24.782046266956716
46.3167949197188,19.14272591886135
46.98884187998254,24.41918924358262
47.054808950777826,28.32521618076211
47.86744687932803,24.09180998812915
48.857066583386015,28.437099040316898
49.72147764956388,29.300075431560444
49.869773428259684,20.013781993654817
51.69357241625571,29.9765524806108
52.54115822817858,25.417000583863384
51.20708856247928,26.556399932041334
51.838419349521125,24.051901593148816
50.83466684999804,23.162903024404073
51.726416241805225,24.548921520435986
51.64120985019706,27.68976281118932
51.86404862489235,23.08618128811396
53.06657326871098,30.138924889491584
53.5476329988864,22.86390103760422
54.14714130114379,28.575628775033522
53.75837156835199,28.26887101895273
52.95547469789544,28.303623919986023
52.49833394622596,30.38656371349935
53.374534680981746,27.581656100531138
55.34404086563921,23.5487297116563
56.061821913862495,26.8902231416388
59.56317511600932,30.54968888999107
59.01922590556802,28.189914836408946
58.48736642556282,32.377790984964975
59.607610120114856,32.339504696998375
60.015028716751964,29.310320054749518
59.58378854489112,27.431049458156778
59.275372355198186,30.126927436729748
59.87433380813508,30.19147458920743
60.16025918800958,30.30366358681881
60.3009267544795,23.80273780460597
60.06090197960237,30.871558548166988
60.65545795604511,26.99428587843167
60.19730820270723,35.77862360116536
59.07859514097886,27.92429863346143
59.84635096220166,21.534713364640055
59.338154550903724,25.883134711788
58.50252788300683,36.558286828641464
58.86697532015624,29.222191435496004
59.41952950703695,26.62822327843501
58.2024052192651,33.301735452752986
56.83802691161236,31.28633161265765
59.0166805997683,28.290816823120288
59.42120645067689,26.920233552043108
59.56748627683098,26.13557811682692
60.18388342646461,30.300388229722046
59.986320315448154,32.15856232486597
60.068148918282965,25.49701974479079
60.15993885992967,25.47448750020201
59.92542157510458,35.54896437921852
60.00746680317824,29.650475019217172
60.008476755434195,31.297027756793412
60.09991870803289,30.588670453433668
60.80548946973152,30.953333636519005
61.64141706945569,33.953248541309236
61.05664334877714,33.603432529746875
59.392377066472186,31.538054358606818
60.198263484063986,25.72294029970306
60.42806189016199,29.108070723933366
60.95143078546586,34.695449258693635
60.51583622103029,27.229157864057584
61.01672700843363,30.912196643161096
61.72890821902577,30.120657153843315
63.29562585366482,32.891608933962004
61.81565833319316,27.99396080984865
61.54257606068532,29.56761028832786
61.493066570067136,32.978004471290745
62.246649206423584,33.40683617665346
61.42013525742665,33.132014294609675
60.84895810836878,24.70049937878038
60.49130575191005,32.61954820021383
60.563038509677746,25.318295602255404
58.68265307174714,30.038081121573416
59.616573247191816,27.99458099611654
58.0490351886112,28.35253529524863
58.598010745965965,23.406050641913765
58.2693652591606,27.67358624375687
57.92228152326808,28.881260883243478
56.126652051336855,29.24303994117693
56.58256522278437,25.877322951787423
53.94830987902491,27.379860283140673
52.942246022025216,25.266752814025363
52.95939163467379,26.12163023878337
52.85344719846909,30.998508942096006
53.0624579402064,29.632913491922434
51.90250612490144,24.16331916141834
53.52898414435066,30.85372872780877
55.334574356871,29.440230942707533
55.230102979807185,29.94713712110832
54.82353190746244,31.136761254373233
53.606708031736375,25.7107613359295
54.22820017368177,24.34413627492068
53.6973185760692,23.641605317776342
52.67218737268476,30.80801635198965
52.77225926808453,26.370104097790545
52.972997441346315,30.87502284955999
53.93882835203151,25.562502577089667
52.913621529130076,27.95561932421647
53.74369638404193,23.33600221992923
55.51291515688137,23.690259505403343
56.430124069021915,33.23583233883851
57.64865163447149,23.28743660426423
58.58074037589744,27.29352890076245
61.04599490685329,29.142106936956765
60.686362577952636,26.97650720262394
60.233404519305815,30.305106788448157
62.65324145479866,29.686337014955296
62.000451924252005,28.842609044171088
62.339844985437,31.590049155282347
62.325431267370675,35.66135352487821
62.4737626912575,30.984884734217747
63.53269392786939,29.850625599476032
62.28175479613857,32.813076407954135
63.53999198923299,30.236591197080077
63.4560543938924,29.327411788785597
64.62372221130624,36.37706880539533
65.39053227129413,35.82663614225571
65.63735379302749,33.72964438018507
67.27638893762612,30.901408264604488
68.11100654953928,38.99433525932724
68.4599276850007,31.26740520245323
69.72565331837748,33.36074524935448
71.28876325373409,32.0964174425985
71.06390934425657,37.76572495763233
72.95922314773038,37.320016325477305
72.58590447772373,36.0305274767327
71.38099955107013,40.078481623787745
71.75732314928719,37.27858642259513
71.37361021314526,37.45422926498507
70.9315570229397,34.83167749988407
70.58294659189909,35.25635949854584
71.36312930583482,30.336746968719915
70.36374068583709,33.931438079088416
71.77745730816562,39.88067411562869
73.63031100981478,34.61171903823774
73.55100491851059,40.11876561100321
74.22009936262175,38.962756845219374
71.42559087471241,36.2458308907528
70.31345418573999,33.43491294786648
69.96882224567292,36.00106289758171
70.48410503445785,37.72004179748046
70.32625473575106,32.19106362824218
70.00310017456229,32.43247803767228
69.65845596052098,39.336903726634944
69.50445509077339,34.250767538230775
68.94555621554373,36.493235671312156
67.91947137177249,30.936438789367593
67.11962983612327,35.11170696037793
67.7330531456375,30.71348683471893
67.13866292228288,35.97667824574387
67.10248406404007,32.42321676440744
66.94742863713563,36.01085961841912
66.26024395115084,37.543700448093816
67.66617888956027,32.951611047879716
68.9319346494278,27.67724920150039
68.90068785074014,32.8537606662582
68.32909329704763,35.39235533311726
67.43031842405986,37.23694116981791
68.42614889138292,35.697290161678
69.47260375530647,36.651319944855615
67.16662951716256,37.919331613727074
66.96151605160755,37.98842802231878
66.44490765304427,38.78020578092174
66.16352059686194,28.70758994063426
66.7767375515518,32.480906202485016
67.74035084690708,35.6867383268206
68.787052236316,32.11023779432772
68.74978537917191,29.916442475699192
69.27641343435182,37.05385518573132
67.09131982606641,29.722479132081496
69.22413185416957,36.759296412562634
69.57009032462622,34.31721468303108
68.63552302607242,30.042294010669803
68.59982297314238,41.66962067346404
68.65283940396101,33.432604244997854
68.54634089394402,30.57464121572447
67.09500217393511,29.73558662303586
68.06542913600819,33.65887202441035
68.59306609750313,31.299636981889943
68.98172322863458,35.4578040993869
69.08504069048324,30.24026073096823
67.6422041741717,33.07967207803949
68.73387911408088,37.71394882020093
67.50946669214908,35.62976219676292
66.86365258000743,34.531130761244036
66.15711997619351,35.076198744263934
65.83663792613822,32.162318297975425
65.66134307761848,32.36865984482259
65.40034783712902,32.59982364815071
66.56133713440826,31.616146998320595
67.94263350773598,34.35319399500456
66.94158069759587,32.64968964487942
66.69560574817694,34.98621229629357
67.0482800811264,37.786144748823425
66.43210194874055,31.670583898960196
66.96320604867331,34.77874449673758
66.55123422563021,30.810713013113062
65.55146213954643,32.168031131024854
67.26918739781735,36.39018208808014
68.01176180902311,27.865215467839622
68.89160161434471,38.28619188809091
69.93206511573611,34.81117789188101
70.76866037822394,34.43291786759098
71.66900692044834,32.27890998135423
72.24045490011476,35.171890764413
73.09081895719336,32.98036575764196
73.43126514093585,41.44024281973783
73.27210486349708,35.30918902735512
74.26676582000135,35.84602571147567
75.0387501357215,39.59946885854778
74.31120206589898,37.24438491057599
73.02074555919545,37.73543267603455
73.58309858636937,35.56930049146451
72.8403234640323,41.330858847479305
73.547590854829,39.424620627680476
75.38487626326729,39.866360197707536
75.84457253308996,39.45856020232626
74.9106378408097,35.21976256048407
74.89079027790183,36.79433176460186
73.21534675020861,38.89433448962953
74.3380450528752,39.984222390112876
75.36361885426084,33.448909373833516
77.29014313148278,38.90387098282837
79.31503349871687,34.41575525368785
79.30862319628524,41.50831130030557
77.21445396001069,40.7448979832656
77.29690345868339,42.03797007188115
77.48894177199783,39.9964633835449
76.70798268795906,37.28536404879878
77.26004054389513,44.89114179185341
78.30778447170088,43.07083245961476
79.338832173185,39.80963741394871
79.4152666279751,37.14003399213927
79.0341006616711,34.59161376460208
79.12373992752865,41.655809272109856
79.51657391725517,38.10337368797327
78.84370788411456,31.68227930009745
79.66240425686796,35.58427134258119
79.76226229215804,42.40369624003901
79.55895878648714,41.66517870105756
79.2274717808804,37.35809009579869
78.61197763987485,41.2239526087622
77.58630636251782,35.70961731610866
77.77952569537666,38.997382109394266
78.88903383743656,39.840513326819675
79.2522457972893,36.22467498522829
78.98748360757189,36.058795743467975
77.39473710992444,31.79873962493931
78.35835356874298,41.505974546571856
76.34136092747002,34.25933792938591
76.42145279430797,40.19540574651601
75.80665822601334,37.40919500646512
75.47218431984955,37.09150225853077
76.07150800304994,35.59589123499003
76.35839960957223,33.525024289909
75.71427297953096,36.66571153970118
74.69170885173504,34.67629270169402
75.09172448924072,39.16250406886704
75.10130828222077,36.399487399212234
75.94100906125418,34.75664883957104
75.96327535775339,37.17053658965846
75.48378461225721,39.33884927635925
76.02285255642863,34.43922879255475
75.5466932140203,38.41724904345565
75.93859032825104,44.80062374779334
76.18870186361701,39.65991715628647
75.22314768728202,40.63983426589088
73.12532668306804,36.0084893979762
73.25250089606926,31.758619787696823
73.41361245665134,33.384690745029054
73.05536993839962,37.892237813108764
74.04943786751791,34.444279863021336
75.17002862180001,39.092059747671165
76.00757370601393,35.81396735297105
75.77016366431533,34.86934527353024
75.998984481221,39.58693759351145
74.9909525972961,37.73743385807882
75.51576867429037,37.53541512271912
75.06832709420124,33.01024299019571
74.98643782398176,37.93767599939263
74.70076977622271,38.850642468648275
74.44543284247986,34.9181251861081
76.35051818476727,41.52012996123122
78.01505147227961,42.02024481365622
77.30783548796799,36.18052946904762
78.13098406284975,43.39218989201613
77.58621877599182,36.7414793880083
78.38731758601067,42.97973263429615
78.1645771067408,35.18476686638949
77.64303842590684,38.620205757069314
77.8584701155817,40.41243544764302
78.17893812909087,35.57749311165423
77.41674547308926,36.32122440281675
77.0312867573598,43.73568142864467
75.9116873167001,35.738765103294575
73.49502649923217,36.13997423247052
74.48918335716154,38.00110440519046
73.67757011616773,32.511225481043155
74.15089630353647,41.562072547145696
72.63508280325888,39.09129851431791
73.58254551773547,34.91089404979143
74.06262250530715,39.00150536878848
74.32138321789122,40.67804952755772
76.70288586856844,41.227669159415186
76.86631204641384,37.2405283972783
78.78615668634104,38.963348727445386
77.25098799063394,40.68449782006158
77.38313577112348,41.98351711207425
77.00955620955622,46.569934639964174
75.38254036718399,35.87172257054917
73.66407059517915,35.67223800522215
73.0823880335195,37.40072840769409
73.38630260684606,29.211907962718975
72.16434913988431,33.66656199862006
71.63322593743375,33.53511374869302
71.63681386077047,36.36801230916056
71.83364880236854,39.40705786140112
70.41569923862782,34.428511542845456
70.15235476535426,36.44069567624713
68.58539739713049,37.0613039534724
68.2324898319139,38.95525468306627
68.13584910611972,31.23126358910708
69.45274514223634,32.8265691733063
70.01761943519878,32.73570081171492
68.6129834526871,35.86174324156018
69.24015381659045,35.636720308464966
68.73305651268771,36.55385909856998
70.54427089699215,35.46621276660253
70.1129121857796,32.651979347050535
71.43521239197099,35.599596656065316
72.95652816938707,33.72364694428963
71.9958528492313,40.35592593402913
70.94845677055523,37.247561928791235
73.84438822599536,32.67010302359567
74.20776708064878,36.20704546849719
74.33370267329637,36.519834873963745
72.76853384449274,39.43695058939918
72.48398055067396,38.048372076801016
73.45173413952914,33.672654357569954
70.78173913964815,33.34247214665639
68.94717122321089,32.120064839472704
69.88524617158883,33.9184025128758
69.08368837599923,30.526527485471114
68.62640437824669,37.02390728571396
69.70901832140648,34.347495875573884
68.20836794948895,37.023945131078726
66.63523603222359,35.950805546640595
67.68732028779627,35.81947737448276
66.55934857516333,29.888283755202323
66.33023124590119,31.557079904507216
66.36592925639442,29.938963930460837
65.60562259467524,30.248173687603323
64.76643671100753,33.567071919240774
64.20221136756786,31.764518712869624
63.36156998682658,31.603010328905363
64.14723483251616,27.535136714129216
64.4154030604422,30.059050981072264
62.459248839580525,30.898130226255
63.461531653678044,32.2274103147065
64.35498782697726,31.722676005107065
63.70577641646794,26.14815976685314
64.2581282470741,33.82733453718803
65.60973144724255,27.881312201915605
66.63099672021212,30.139576507374763
67.31652614829848,28.5245475320064
67.26333394918655,37.29173522527186
68.38349562127785,29.933573896438258
69.12216840552682,34.53640207647339
69.41376409607577,32.20497410402387
69.62618507117578,32.54635759433559
68.5134466198946,32.67762759174203
68.86105773964513,30.32220107589006
70.66913446176977,36.87264928391159
67.85450176728394,37.60404727536175
67.1292931563675,31.064120908236262
67.74363776561897,29.33707481618258
68.16800155921767,33.512711777956284
69.48706387760024,33.45680846869993
70.07604639241725,33.76471425410129
72.04229274650514,35.987875993461465
71.91856789148935,37.023457748255325
70.68847223087712,36.27225457067513
70.92074276837226,31.657059617291708
70.71463817540405,37.804867621287926
70.45104101770329,35.36741612789596
69.78770689596509,34.60592871673388
70.413022908189,32.26113191077025
70.30181515133471,32.49984981628913
69.73072005639924,35.065062204227566
70.33702665882103,36.834577199697456
69.8678825651435,36.84387837607537
68.61914420130877,30.33404935257131
69.20591161319919,37.61818011876239
67.7275670998563,37.81846586340203
67.57172148662289,33.624831767464904
64.9401400457854,26.949848703798708
65.0683181538646,28.520246201481
65.3703536511892,33.20169773784122
66.48371859992629,37.26622085977259
65.68626724055413,38.16860161703848
66.7309696348555,33.85683599121778
65.38898035381547,33.00506890624588
65.77377811116891,32.142413956740825
65.06465341276187,29.594184195551033
62.942636405867916,25.205471305100822
62.21687378430354,31.00375270909334
62.90789830459689,27.28052016861522
63.70672318204799,33.86378704390938
63.550125279460175,34.18560495026014
62.83238055475197,29.748764459718856
62.52965135854996,27.7676395334084
61.60336786090618,30.28904175074296
60.97205149035908,33.58109406781469
60.83969880017857,30.690867798500694
61.39976660842907,30.299620925323886
61.19911999214416,31.321086416169145
60.29399220968395,25.9999626127463
59.04195923400968,29.99094456286285
57.77657166015722,30.933511326337157
58.03204038810805,23.763306053331874
57.746362302404,27.898964163129012
56.906225743657345,28.17687362470103
56.60106158895897,30.213486281272555
57.434216622959255,30.77249852425035
57.678836249281595,27.82992191334161
57.66371269589754,29.38837186025415
57.332312066251404,32.409635471049405
55.9383257656793,26.20817385602302
57.145416974327354,33.07612058535381
56.73196574319298,28.394192920397956
56.202053619524,30.832907442255767
55.39416790851298,28.23182299993008
54.037549152138965,31.920468239789496
53.28721001361263,22.63169941383298
53.30351596174101,22.82548177159202
53.923762203920084,31.186380216512163
54.44072305991141,21.927617615003484
54.98178971208535,30.148219049469652
53.450764353981974,20.142735213116108
54.30366176380931,21.861485167286943
54.456240453269935,28.438539337869265
54.28323548905694,33.1490068299938
53.27188137875014,22.866350646116366
53.575414916224325,27.109503430470735
53.34491901325962,29.049351118846577
54.21387168333513,28.107228625137402
54.96780171800203,31.712153093633344
57.26181825332882,30.52646724374205
57.45855595480043,27.72000059512458
56.928015606333815,22.768146612248678
57.69523798180044,30.196098276475787
58.31303053552836,30.073023783725645
58.30856756588214,23.784752415399275
57.64064597843698,34.208593309726126
57.110853864304495,32.59217246097249
56.380717048957386,28.50793144977576
56.74054751207829,24.6517626812448
57.54342611662986,26.75194466220451
59.04552421590227,27.13189559879996
58.62197980066775,25.592439462729857
57.48546716815069,29.89964579678618
56.13818589699319,32.79569035912066
56.084579784902665,29.935169350454352
55.852487949940716,25.616907478359092
55.820048094002,33.28529130603485
53.911316368272196,26.582315082740777
53.081807093987344,22.21014833843177
51.22542384445554,30.761036499594347
51.71165614032918,27.442465385506143
52.02695535851131,21.49806321227215
52.280525721122416,28.822169690158557
52.015262805754816,23.118024439017915
53.19668726768387,27.13747310032647
52.94086994556659,28.458336770619983
52.990020968755374,25.667058775393347
52.12419183801258,33.28826928608946
51.919975843656154,24.15615435442251
52.10340492323613,30.615759308083117
51.844258612388906,25.210718408392268
51.36608890910211,27.46425474229505
50.642722266367805,23.38253473669277
50.71348553292287,23.93848853148722
50.36187653842526,24.109618305535804
49.36663783014094,24.489249927464527
49.809240944204426,27.269851289108324
49.249087884820646,24.41855361058299
48.45942561305985,20.6252127136385
48.2570404019824,25.03024429644466
47.50444055234338,28.50311267697433
48.305986816879646,30.509771871458277
47.11751367223126,15.387942444491175
46.46391533243344,27.270306524067106
47.78671670873325,19.4580238681315
48.379305404618655,22.85503081751418
49.61390011723289,21.066285183383886
50.849306903011396,26.84294347587326
51.124121849882705,23.11908873103458
50.692620485607875,23.317531752703573
50.37542286147194,24.42715949501371
52.481697577100704,24.293610852501597
52.64933586289805,28.297257608406625
53.772260952641474,30.20321404190154
53.987681019101046,26.197259949367155
54.81183805630133,26.59716979278983
54.554796536234626,28.648497020544458
55.869332131441965,28.07106701974887
55.48559204358091,24.164593186363113
54.80449306306242,29.808864159987714
54.9358816852693,27.454473639728974
55.2914253309589,24.201439662617936
57.34914001894083,26.2354034519831
56.00671099997343,29.49941627802024
57.72011962826538,29.762604748946917
58.25055255983434,28.83541118892026
58.71140236263231,32.710634644082326
59.177520472121444,31.284204225592973
59.43572205539016,32.668989778027274
59.10671722467448,26.804882345759317
59.38084002961916,27.099043857325274
60.42364048468606,30.386408764188246
59.06679611669548,27.55860745628651
58.196146824328565,31.15655924562643
57.18269051708871,25.08090863619089
57.0943674494282,24.50447636922303
56.86432780597712,32.83461579886527
56.84851756553773,24.013033937627355
57.32373729530143,24.60494917326761
58.73289517600135,31.01321937749119
60.80314914107621,33.337756194245046
60.80821649334367,27.96614265751577
61.088505111051234,33.13752841428324
61.588531796288656,36.9624024291152
63.461034429189425,34.5114088161641
65.24638166360008,30.636552484533393
64.42073866619036,31.259175390798294
64.95624190890364,25.814648152726193
63.86223750431995,34.01143250451937
64.45904211650529,29.920343103975934
62.940385095961524,32.60796829074424
62.431449834861944,32.324224538958696
60.73701546432958,25.230903221089356
60.550419649057126,31.799135480441745
59.5997207978954,25.042948231873712
60.06380150206175,30.910724626322267
57.61644706857125,27.031993009703132
58.53388151519333,28.96935815919292
58.748444845499044,35.06292264613544
59.77184774195053,31.90977349222954
59.60549458390662,29.891707250178644
57.930479276526064,31.926351411019414
57.82693166098766,27.00167067156426
59.00730408819611,29.538500315636742
59.57733943360737,27.635929114454466
61.39002109001908,32.58779604770324
61.03296289007429,29.15012016557281
59.53857160800465,36.764965358678225
57.82708354451949,31.180528746705487
57.219031070010296,23.9783724326834
56.79006861141881,31.487269806165756
57.09750927834145,29.174264392619058
57.558648704594376,27.640958552167767
56.643618252010924,30.65016057740191
56.97788842347792,25.461138063473047
57.720664602117296,29.38464734230202
58.10042852608271,28.229350367255698
58.776511245492635,32.05687042928189
58.158517391115375,28.434370190576303
58.51098140613274,33.35155076521993
58.040120994359576,33.87997484947369
58.247694691477164,29.139093571155446
58.6674730837029,30.746726575654723
57.56979142701993,29.211545948612127
56.08616218521464,32.620248342635364
56.98774945964058,31.369676084140632
58.171503070705384,28.62061368942048
59.377514070371824,30.128911605482887
58.81116467988093,26.61586397861222
59.181358712874136,28.90807992585575
58.40392915857005,28.260731387691834
59.23502674346087,26.768012689587977
59.23269029368259,34.90522196405026
60.49869249697216,27.59823053590672
61.11145562315005,29.399069371465696
61.26621858499838,28.968230904632247
61.60874785103674,30.642284238957785
61.32238003433459,28.907662846739605
60.539294763594505,30.989553280195388
60.41412585153097,30.133226374200998
60.24938998446926,32.1340589877895
61.6076429048688,31.526653882044513
61.00784518462939,30.28561170400088
60.22435497243988,28.791142470653053
59.83121333325992,22.04567941790882
60.978450043347316,29.038144403930968
59.599495348435106,26.578745851202445
59.01823828520387,29.770870635698575
57.62435188130871,29.85890480003763
57.69314754775715,30.10118456533209
59.664293362541535,25.579485451533976
58.13399525291442,25.49278544389871
58.378000528893544,28.06131033835483
59.44477821101104,32.478252790539685
60.54303698294407,34.465775040107715
59.800712091382586,26.49949644572458
59.11590963299353,29.64326257525332
60.01219039057509,28.708351802180264
60.1559086879541,37.853672222049966
59.66545793276837,27.989548389111253
60.2439112774214,29.232958450268345
61.17783086460708,22.91464852250443
60.031140010594335,28.108067023731607
59.572630375171485,27.512832463069167
60.46480025140295,30.876811774852428
59.79365528137082,27.25359372164339
60.56890017476071,30.31334278862319
59.09195410766183,27.48996314114209
58.61760948279586,30.666250118998505
58.52605973169067,29.43540928804609
59.285730851370495,31.106345126549186
59.201414234397696,26.347889841946124
60.28293219309406,29.864748662820627
59.862721231603835,28.84611306366399
61.59489129713621,33.27917022276252
63.764574323253946,29.750938023505537
64.09845196997188,31.841275995594778
62.8633837667045,35.11949005082273
62.703369870885474,31.64282835035119
62.396109368467,27.229849828364127
62.26231181726634,26.46603981162714
62.20364337367394,28.445017268498926
64.036329837171,26.53091942817214
66.45141904442809,32.397020762128534
66.77827130565446,29.77047884795303
67.48558164979016,27.09253559787826
68.30938198993722,34.54120820022441
68.07991287145487,43.01401343595348
67.51683418910362,31.344574377987783
66.27299698596434,30.478340887455424
64.73629018398992,33.91234533633359
64.05682651410493,29.908078051311065
64.27237557910388,31.618895115851863
63.52860475602878,31.01500036624963
63.27544345909182,27.34173472590326
62.85339814847551,30.828255529943632
62.229922501556096,34.98910788417653
61.27679593568327,31.994204642238852
61.677301181245596,35.16016623021506
60.544713998773545,34.51977447789417
61.96357287315091,31.46304178814332
60.99471823671415,32.96223729869731
60.996014846150736,26.04350184052256
60.01415590363851,30.771358247675394
59.24702053913177,30.307779006416677
58.8130880648617,29.638821132234384
59.055166009816666,26.572355835826688
59.37241654037716,24.509128574234676
58.223654514985476,25.542109381256118
56.14535759009155,26.63571019707287
56.66278514058684,23.651887845967273
55.924729860160134,26.456108557942827
55.02500593753936,27.801991937321702
54.797652845728315,23.207896928053255
54.67115019898532,25.87908541838028
55.680303233184794,22.411666545746748
55.538100931081516,30.95178883909766
56.07327083987948,30.788806078381334
56.7454842927715,25.624991141089392
57.49954894958297,33.17122851569541
56.984124189755555,33.564855921283424
58.172530138053304,24.29476656736942
58.50917402472347,27.14034525438829
58.77696983956371,32.638610993924694
59.64180353615714,30.020869231348883
59.11970699090637,30.35514694761588
57.02295803108233,25.85942769431583
55.987927297759555,25.642415258606533
57.02217594494171,25.0921772586745
57.3240464308302,30.327226025333474
58.87463636160367,32.91206003016703
58.464009341555474,34.14374921549208
58.5116895940297,32.78368953210922
57.42780847697013,28.396128504398543
56.97285854612267,29.183788431628834
58.73513940506721,27.766151111094473
58.991337258961764,29.198907118170116
57.69345409850852,28.583875472717175
58.25480636508487,22.377483050102192
59.00505318907737,27.393306719681576
58.6686652411074,31.658402297249456
58.22352300333532,25.14063864367754
58.58650777578756,22.882828564434696
59.31332867796477,33.20332944269916
59.92487982059274,34.88514827895384
59.49875379591486,30.02525623922213
58.73317393938295,31.473759415785317
57.805605944639794,24.974886047927328
58.830094896674545,31.221829990167304
58.725246169753994,33.242840571642084
58.36315846034704,33.96443839215727
59.04904202250341,33.97562500581244
60.555541138439,26.745514440695565
61.88618683474926,30.904486469374664
61.986245324193234,30.54912617785756
61.26894644302041,28.695353381750593
60.29259590148086,30.50111433400646
61.269997328724855,32.05391337938602
60.45125569909716,32.057346662537384
60.84403687788085,34.314608252484646
61.56848981505568,29.719588635653462
62.937776106341,26.07412678055743
62.89926975328169,28.620897986756116
63.60870426808523,28.133694270659795
62.71711341894614,34.874494643329726
61.95934131771074,28.402110439075905
63.89842332766737,38.27085592443227
63.50233168109042,30.304049881487323
64.37895633514509,34.20662108077601
65.03564916377852,28.335260638930343
65.28982309505656,29.979472898946117
64.15029112565232,38.54784257543703
64.91400613086473,35.92565553229358
64.31492856026516,33.41061413544315
64.51182655568624,30.18089504940536
64.54515738122073,33.09666899367571
64.06651796207332,33.5713411898999
65.95033538586763,32.14491145427076
65.37576918706685,35.28873963127117
66.2580156973272,32.166376649401045
66.44282328014164,31.58176519599766
65.2177467426556,33.52733570174789
66.12481883716794,35.32721805886281
68.21246841968488,30.66659997309955
68.34913604765208,35.5939919523677
68.76075065956744,32.372898704348216
70.16894621728916,34.55870642928061
71.27177100706685,35.45062054842719
69.55842735130273,39.74720726438699
69.46838296260412,36.751244130657
71.14891407890931,34.38930752846385
70.0555311750242,30.759649391734108
70.87635028983357,35.77986639959418
69.88940394763902,40.65667567758589
69.42681391896068,27.74127896178647
68.78111045498022,36.22464602906963
69.27273278112072,36.57735281525296
69.89135546983454,32.240614480748576
69.1209688687614,26.758731079892705
69.78823541121194,36.48985828821204
69.80858979128678,32.924050539361716
70.63694429677044,35.2447288082743
68.84822961989795,41.05201550801223
67.36614505785212,26.298613935316624
66.19814386629598,35.4111927622902
65.73863394571094,36.053251720200045
65.37152370003187,33.73093158411421
63.58919509318484,31.39383770092919
63.84102066254035,33.67503169867668
63.72987397575839,31.17332214724977
65.07024382542801,31.910538709682783
65.13687221352384,30.119902443856304
66.62585766452577,37.933552056107246
66.14290201985004,35.83223028552675
65.07059323657072,28.477338778138744
64.59194347038512,33.19270874547852
65.51097995245412,33.550063307173964
64.47077640378313,35.185122314612684
64.32583117116963,26.421871502234875
63.46656870628536,34.72826800171479
65.29734379741372,31.65860901526494
65.96144513098825,32.14848137121003
67.14720831666759,37.04817948789127
65.29129310177112,34.474053278720135
66.26412757104946,29.369781513920493
66.9769366713624,29.520305308025275
65.69390621699253,35.021654284350184
66.41895911667974,32.86654757105236
66.33397751837119,31.83306799646418
65.3348201096293,37.62892073410663
64.76910395439579,35.19215959700716
64.85546554106156,26.98449398083489
65.21765295823684,34.91416118710396
64.15463229909003,27.750269802438158
66.30301116438895,32.54766577252413
65.89010515599524,32.10568866709369
64.65784468569743,35.581097067185425
65.09261950049634,34.919142002944454
66.23905876613435,35.42231443243214
66.18759878413496,29.337312697213278
66.54088257348927,26.33951030552259
67.21171330836223,27.556429296154025
66.33418513492472,36.2252208720573
65.82326924525897,36.762686143553125
65.12401999423867,34.98945381634815
64.08778104630493,25.87163515107448
61.53804305047337,21.15751677065049
59.824414159428244,29.711305540158612
60.23021469427349,30.10014485387406
58.639131801110565,29.293561770778584
59.67156647010083,26.265976812056692
59.137936349155225,29.909602613937896
60.027101345299066,25.932109228347755
60.21382337404866,27.37548675863859
59.76974835063763,33.224704600120646
61.97910960760941,27.195660374609865
62.98393497205966,28.46047848674953
62.592496179564556,31.80893148628753
64.46669158126105,32.449612337843334
64.81739813701473,32.0886769073643
64.20373793537536,35.430688464779166
64.73678183252366,33.171815930618
64.59937371029464,31.661071666340384
65.00341805010628,32.905950915621766
65.9095255354709,33.46626367607513
64.85094857286896,26.848509016297385
65.04083140844608,35.00174477597055
65.22476695437678,33.57918222367338
65.16377459983914,29.16287305896157
65.03804563407759,31.004342374871396
66.4621048041802,36.74205571162907
67.0325602638494,29.65263578711102
65.67952743354803,33.42112392214228
65.75262356018207,29.256140270010192
65.53006378278286,35.52031840210439
65.44199027556984,34.30590832797639
64.88227369891486,32.93716080545067
64.18031510508398,30.75945426058999
63.50708335322186,31.396173341070828
64.6297507399148,34.07214220094042
66.29561120921478,33.055642209988335
65.94500957955448,26.944553527353214
64.17282659075609,35.07567668023471
63.94462208430498,30.6651762847183
64.03724099085002,36.1178279886959
63.902865106703786,28.19494175452856
64.13766472388103,32.020579865827536
63.68339497588775,36.95219631468635
64.81637373382706,36.10952190972224
63.28758185779197,29.92179500601808
64.70415177555961,29.77572759977133
64.62162689927051,37.78282813970884
64.40055112115591,38.156473535648715
64.49906869331006,38.02647609312732
64.3416636471538,34.46731507156349
64.04684757510674,34.62515956106332
64.0622970413197,38.335328829807885
64.44842932830436,32.91634841269506
63.15941739807728,24.70243763340261
63.78663558962616,33.36182393873163
63.97008105529515,30.725087945021244
62.685131457994316,32.422137951925095
61.83724032244636,32.41823794311529
62.39051827430329,28.16566158312426
63.95099039105382,34.29283770107097
63.864173849896886,34.825328958062684
62.238974126515764,34.14211301217251
61.90422560869514,30.224187678336598
61.96192850627207,34.87149337511724
61.84415043983736,33.20870264282377
61.730973811972504,33.30208772947283
62.192348347006785,28.93514350320215
62.215698210013656,35.42923605402272
60.778660090550744,30.400248403014114
59.31006352154144,31.744007962936642
60.07786928806822,31.81394999645663
59.864311748437224,27.25536713607765
59.580426205679366,31.513840175389483
59.81641274801802,28.95808652187023
60.320080325422204,29.986741131581063
59.21887878086682,29.07326134584675
57.90383719342355,27.891093941320097
59.87035306197173,26.303959138757733
59.05083211386771,32.5824776422644
58.54878898703568,27.397871226044252
58.14806454771989,23.490489304678704
56.93579149872474,29.457015855917025
57.5888722535993,31.12627336938767
56.76605172394836,29.52156158831479
57.20526837370689,31.06920698189762
57.30733733023775,28.969952298917708
58.547525026236535,30.294259981602337
60.31046607734001,32.862516334304736
60.361681465916334,27.481920378961668
61.762883487695035,27.851086427856607
62.03520622024256,29.091425915211385
61.2579341313557,36.087736666979914
61.574337637290064,31.28565193416627
62.23247031408567,35.37278742588831
62.680445909438724,36.931775140806465
63.013615866433994,39.17129109874588
62.523380795592374,34.11869675971407
63.918976447739794,30.88528510640197
65.26029999734713,32.89635072069935
65.88143686902481,29.986600927541293
64.01250586093353,31.969849511047048
63.745048958958456,37.70223233640192
63.05499618620398,34.582082128755275
62.9745027669204,33.51569423627437
64.43366382005718,34.70376347317329
63.45818676335041,37.811975346018905
65.13064822031961,37.27109300671677
65.86651775256998,34.52030590973247
65.04832065842379,34.856025593236375
65.52680147415312,34.64025831706324
66.04345841468424,32.475006481457974
66.09373946893422,30.06520081377905
67.04012767999913,34.79322082088704
67.8855361417676,36.90388479989461
65.9403321890846,31.991937825057754
67.19441302829004,26.87517230721882
69.02882495830795,31.51736369119863
67.26458233565191,30.977301316865884
66.63352020022104,36.816184806686614
65.86075701076162,34.83884911467052
66.88386040081713,35.64668415910344
67.17190138829966,41.3509876807828
68.49775854617702,34.75320945232599
67.49265407011535,34.047545137648974
65.56998180709562,33.877026179160055
66.70435026442861,30.79832617322206
67.69399329953696,31.48049942936523
67.4629980906235,34.55837429635592
66.25573891674786,35.29046110255755
64.88173175745132,30.23826222936927
64.54202993639315,34.00877594067344
63.79510493736952,33.44690827013353
61.03882951976192,33.22332066157195
60.35459262682149,31.08170666502277
59.09192645726596,31.43378581660082
57.95443360097321,31.467010583937405
58.52374300577582,29.866399342669578
59.148579707218865,31.867266835381866
59.76937374207208,26.281519791902667
59.740977558504476,25.740367342974565
58.82749317117861,26.244979978389605
56.617490455095485,28.877657762096128
56.933589522971516,25.168176273860777
55.844192392166455,25.83742755895296
54.81568853470314,22.519229104902546
54.5894650712106,28.491520948093637
54.39089909905993,28.048891607370734
55.38514005456322,29.843327234643933
57.58450411428926,30.03996531424376
56.4479409114221,27.150820379762912
55.9960424004254,27.242645019598662
57.065133093715815,23.143661202371
57.37782825491104,26.645885380270755
57.37107806391331,29.719814896956226
57.27685446275103,28.666670334849684
58.24688059097952,28.933279756557152
57.29594711813865,30.443402205463332
55.78056642333589,26.453278084721898
55.74913183162275,29.973755140587944
55.715733972882134,31.853765955143253
53.6599664201096,29.34082606122548
54.2736455010579,23.509880277679144
54.4098566961808,34.10368475215462
55.211961265213105,29.738754813237556
56.318491204566605,29.701495097731968
56.3938933614349,28.59487195795377
56.53879568140707,33.87499815450007
56.38746133818886,27.455281097263633
58.299411343481964,30.64264121309209
58.36179283491702,30.906210955895986
57.14787265653491,27.223931889100502
56.72585314613879,27.903688886778003
55.84376949409551,32.234488543708956
56.51017959454292,24.88138671583843
57.53634360669997,27.953343709505635
57.18601646357789,24.041557836285566
56.519651671472296,29.099935031237816
56.386738276890725,26.074050991166658
55.221984824563364,30.166470740590086
54.77342990234063,24.675055662379304
55.47599572190241,24.2037129859131
55.70980653229301,30.083055245019814
55.10144950460518,28.07725836284965
56.29121664261975,22.95618952768403
54.48836216993848,32.02550898503594
54.35171696933059,27.95497267884354
54.23903411483945,26.13640510282802
55.68653499630095,19.785344773724397
54.57284936798635,26.266041913379514
53.204028429661214,24.615113718123514
53.40198113903604,27.485164154914273
53.992704638957434,26.957356353234754
52.83342257899566,24.340980521057187
54.003345403344085,29.748276218504476
52.58888463792751,29.013089720124373
51.808851709723086,24.019213418715566
52.075276516553856,22.836878887728652
50.64031904065028,25.25250684103142
52.191156228188824,32.85046339802801
51.26126673164377,24.02350536644608
50.77872511695643,27.67055215052489
52.79737375547964,30.287980310513706
53.17343919339953,29.00393367254102
51.98470008766925,23.035746390632386
53.89317979846508,24.799668740854926
54.3503758112058,32.08318069289157
53.512525112120784,29.15813893015377
52.30900939572452,25.266838487860344
50.04520920483119,22.752581949493962
49.18882281876164,22.064264600541822
50.109281344995814,27.36313970727827
48.50313481272294,27.592595800625137
49.840291911662256,25.829058515195225
50.78267256449886,22.7431102628304
48.54485239192096,22.298655116891926
48.89628102617378,29.7910103423093
49.367712239009,24.60213026403326
49.81204002514135,23.551284714431915
48.402642973037146,25.847567259902792
48.09418049388567,18.90257797863902
48.16714974542404,17.277565036273735
47.789772286567626,23.931780837260828
47.52433313579445,22.034112143791585
47.346965034147445,23.727419571476958
48.30755625602567,22.627417435441874
48.83612966623707,22.75132551866555
50.698455205660984,26.54529910761858
49.452919856240705,20.341261694509
48.58882792158262,24.32449369890085
48.28634430156598,28.16604018264711
47.969796656046825,17.172507818514262
49.63952939539583,21.132993933605853
51.40062737663465,23.54942294210292
51.40698786363477,23.035493110175317
52.881360295966985,28.800146015746403
51.79111613839082,21.84439020428908
53.04416615564924,25.955539280598053
51.2741171794917,19.740607550956987
50.12327631168058,26.764428622541633
49.31990368957035,26.135355925225635
47.8568329173444,28.141520190583094
47.11869947559617,19.44439783789928
45.48073827145523,22.316230773684968
46.53663142019039,24.785480788452542
45.68532787708091,13.079751519350346
46.97864003251602,23.32552756596457
46.573382137491905,21.900742664293272
47.68190047725938,17.679164088029484
47.32548968048999,22.85700351077172
45.7791180111436,22.275460672639372
46.37902997664531,20.341703352716827
45.83985620990989,18.026739676585716
44.454092242469954,21.976980076533017
44.91734701232784,22.805695273894248
45.239577763978396,22.0274127998525
45.66310221310508,22.59041219622418
45.55170942984995,15.518533290246651
44.73228938069083,26.746674738286863
45.28625317799682,25.42889174742686
45.161151167713086,24.150251469627893
45.39880388755163,19.05006139917266
46.523040522659244,22.86824130011078
48.12641993519703,24.0581921751089
47.08365081585122,23.186149562550035
44.638916550346025,21.957260624803276
44.90768075783376,22.874546668413956
44.95423021836677,26.158088920158175
45.18861702078782,23.394465791141485
44.45323270889991,22.56632268293093
44.58814207458603,22.794931365158696
44.04042911986677,19.89322451586193
44.25575835267118,25.564938331688463
42.62144013884429,20.922417803872783
42.681421247278976,20.915393586667633
42.41577730020203,21.301629330780298
44.97462273591328,20.28951717065917
45.670460563404525,19.86020470224707
46.386999310235105,24.045576394828707
47.27816211925477,18.72312834497632
48.974741251640545,14.523664089848479
49.980210540007974,27.287128307360945
50.84631716957558,32.87175842928001
50.349431755152644,30.05984215502404
49.08712787743671,26.582431968577275
51.62596174709656,24.21534883655961
50.33684221615608,26.866925068226895
49.65478910458573,25.266470044586764
51.06363026882123,26.02448445459892
51.8003064729473,28.45552203881777
52.484171476097245,26.333014915499884
51.90556673442566,27.013126374213243
52.95956185600166,24.08268434100074
52.09537755287955,29.154673856062086
52.09328025750041,24.96030703052195
52.1403027600987,23.76829724746074
52.26013487574054,23.35791374998478
50.938891610557754,22.057108990150006
50.85350651587398,30.173583517463328
51.54752530269011,25.286308808088545
52.43143334653951,21.827135539798455
51.403308097009806,25.591949110493534
50.79033047638986,29.883307685751273
48.287830744777196,24.872603170270175
47.691358752850896,25.421418386789092
48.30866365599901,24.65003929831352
47.27125242193897,21.257070774129954
47.864098389984264,23.043519365277284
47.09100498753474,25.440684506029452
49.130203936209206,25.874207254567498
48.61539555750213,25.990327564973708
48.34116780974707,25.68746485322042
49.726428700122035,24.95586458840471
49.08659827411065,28.534813305604516
47.56485839057691,22.71494029553775
48.70822840000591,21.430232109249047
50.476962006387424,24.559422821016213
50.01839779548827,26.711172639768343
49.16346542601757,26.5210036540064
48.93099230783602,21.526168342718844
47.65209305045046,23.723221430517235
46.900937590577236,22.742791686179217
45.747977655148325,24.403254051416543
44.50978941147404,19.818444805926354
43.877752127794814,25.741149662264363
45.33144112751649,25.692662280507037
45.10943565776462,18.68192566293612
44.736087606617716,25.656940644058686
45.353836341017036,21.443780991728566
45.462232091670764,15.212668427567161
47.18662635856178,24.95504318903493
48.43050021989867,18.624741490392346
47.508832497292765,21.105132970906194
47.58125521807436,26.14147148753393
46.872833712169836,20.514028035176228
46.85537706099473,22.505877844971483
46.132157132201954,26.979681408475
46.19994087677366,15.649971614017701
47.413730777197536,19.344187107144435
47.2462400947726,23.45712292567213
45.67840361330297,25.82847959835002
45.655004627993435,24.095678416468523
45.38102394716897,27.105436131910736
47.23504730343788,16.61124518622832
46.029778929795974,20.611481839237488
46.91030924887344,21.39550709635786
45.78934029434896,18.943175948182024
46.66322281439796,23.852649272851554
46.89852196126136,20.048959452413225
46.46734898126368,22.570475061277964
45.0557524669385,20.35990437531974
46.9276589093308,19.302868229276775
46.017922484295305,21.036132751180826
45.700845311770415,22.29772610716402
45.684189142438555,23.687549788738373
46.75553283945191,20.858965686144405
45.761350679706,22.903995311274702
45.46531108250964,21.6991863181536
46.44175135656839,21.175412745923126
47.92356708110994,27.8675142905578
48.74340877222835,23.28137970884697
49.0209277833688,25.460520634703254
47.27160108855975,21.713894069135137
45.998982945399824,21.284767203822557
47.039168630389995,27.54945777719897
47.61042685964934,20.337916846154705
47.439048785464585,24.26093299682472
49.03533182907325,27.029198877851197
49.722745698870426,25.52295931131758
49.2193709054309,21.996293369776723
49.78420445146758,21.710590430810566
50.659212534217154,28.028113899622966
50.14459780171016,20.610343246650146
50.751904039544236,29.744469722296273
50.39865979037168,24.84283002276091
50.423732860732876,29.04896016205045
49.66878827877252,26.614564443117644
49.660005653697326,18.792972384306474
50.42526645781815,30.00877725789373
51.09875241253066,28.40608957534711
51.976609803910215,24.813534924165563
52.81749194619236,19.787314243589023
52.01421295995843,32.90904122659077
51.560146437884455,23.090273176749157
51.61400233701221,29.070775574186882
53.14569956747805,30.45768419602942
54.43353174926745,27.79567513394223
56.081055437817525,25.831690572730068
54.90955166282156,23.744787265999015
53.69602677391359,25.798977254705626
52.83347800994042,20.311073402280112
51.22702963284705,19.80776970003537
51.25177987054978,24.41424858463045
52.606434638645304,30.038690711162083
52.261546678419805,25.447278502185135
51.644656420799755,29.405980788280573
52.6191437346612,23.34208645967469
51.15647986677994,27.97178678216852
50.51803941391473,22.27409584220252
50.225377445030524,23.925632141086236
49.99292238766656,28.908516924198903
48.46177743260329,19.887681355052536
48.27041804862503,24.532860218416765
48.25899784149315,26.290223229292064
48.61654408214004,24.996498940019055
49.35557409073318,22.50481684041241
47.99236864209124,28.201882796897245
48.38364009952263,27.92434523471931
48.24658938012284,21.102871702641078
49.269701912348154,21.66326156027668
49.79698836059954,22.759749785935053
49.583048953711085,26.062347248442446
49.43230360593585,29.954428666697318
49.05531667756005,27.760398261605463
49.8507872508845,26.077505314237044
49.25435965776139,25.730896195174388
46.753737909478154,23.71859407817586
47.1834484740274,21.90084931229349
48.1014432828201,18.74453403834973
46.17283536692136,24.09037384047794
44.996109508090505,17.05696753649473
45.20277623468736,20.94873008180278
45.1315796165031,21.4633181575045
44.37413580447659,17.964398976883732
43.90576558167457,22.10367295607251
44.44841634302443,26.13419612494601
45.58053834606431,25.03403044392905
46.31062450656272,17.56967602790307
46.56100200640884,24.829853111247314
46.21169540903433,20.87182620230401
46.489307542660875,25.538654564688617
46.53836939522623,26.191916840277205
46.1751256185134,23.235311456624185
47.10491029008626,21.758374741529234
47.18687006215135,22.5196327043438
47.25536403791823,19.579734769885683
47.86005496166086,21.08539156579947
48.05088104769427,25.66575516494929
48.25042009583221,25.115355425311158
47.96219622184512,27.907712007167063
49.75256109467534,26.68952931306178
48.97864279827794,25.412918800656712
48.01703231935792,21.650111248228754
47.15593622851981,25.53700967671427
48.256309205325834,26.561675226441487
48.82794364535648,22.508824769563077
48.726666077733874,28.046616397348046
50.31082196549712,31.58593448480902
49.616102433694564,20.180268971500748
49.39493667955093,26.490106926150442
48.78918818831897,23.33688441664274
48.367361393062204,19.2843354388433
48.027437347181376,26.206167541964515
47.603388897791845,25.19502802150127
50.322604979764755,27.264501184166363
49.780376338091486,22.832732518539228
50.08534288759177,27.15964585434765
50.3057329998742,29.781611703087048
50.71263955796677,22.125840616131317
49.69610177816474,21.45848348255527
49.26526738982383,28.08843671790378
49.02020498406733,22.67661472280986
49.761449785852,28.110829033602187
49.46343430694426,22.828219123493863
48.49480087676569,25.40509841940125
48.120681001481906,26.79811915140172
49.17827206518768,21.33344175624294
49.565164441736904,28.689814940509706
50.59856183509476,24.535097440437646
50.74949648021125,23.843408600895398
49.004092676698896,24.607972827154338
49.88585079844285,23.198582858508786
50.01353961769394,29.660258045893322
49.07626119702668,28.918702224380414
48.23194443858705,24.526904506622948
48.30142177232054,29.659818322703593
47.42146973729429,28.503950987978243
48.07129347192928,24.51368832117357
49.121701280161794,27.489078100324424
47.574947349117,25.403065186350442
47.73784828255963,26.456474918440964
48.35673886357988,24.73398297128326
48.06442097019671,20.90307430296771
48.44882967354157,31.452757718196157
47.72177734181159,22.35750835264507
48.131696328535675,24.89340621412743
46.619619917744345,26.069847342990858
46.08721581864401,23.558676937242264
46.787946517210294,26.327699186322246
49.03196664259827,27.283012143105523
48.559448667278794,22.918182490426346
48.6549806172929,23.976349268796724
49.63982578090594,26.62750764579005
49.6746202171654,23.427230001625468
50.61613653404244,27.127447268438242
51.380011534258344,22.712321014385786
50.07784558763476,27.802390550333286
50.06953156859532,23.583589719862868
51.32950345614953,30.292675753905417
52.02868316141618,24.63649853497103
53.77534820515926,25.194606173656258
54.286189429969454,24.553341103296525
54.82094713676246,25.48292787593114
54.87745534714483,24.756922141749214
54.61097174934832,25.463019028704323
54.404474156645556,26.19788741797221
54.02740372833714,26.68184271287826
53.84707058227686,26.720256479061685
53.82169922377097,18.277474228279114
53.96534397628645,18.623589791153883
55.3150069246016,26.88243672618867
56.03370345405397,26.778698419851754
57.01148580472204,32.316552578721335
54.57726960663899,27.582495513697964
54.222561629196015,19.369742739324757
53.156648179046066,25.512994960985626
51.54047009464554,23.660731215248244
50.494732118774714,28.346619231581464
50.74330444774719,21.85980821545631
48.97568688693925,24.706069394068138
47.36112685806072,24.668679710254562
47.600850587226255,22.57488892026609
48.27730619034537,26.538526332180872
47.978060631163906,23.708966214761666
48.34129916717827,20.412995365707154
48.68069723520115,25.385881585930267
49.572335247357294,22.37323365048469
48.60208147043188,28.44214803699029
47.224499666900506,25.588124164936843
49.07471193614324,25.640841309483267
48.857875377132174,22.22581375251088
49.763483151260075,26.04551828645022
48.830592985584865,28.486334445381797
48.188974766795326,20.439837734100234
47.11963398404028,25.712971745203095
48.28059806351416,20.756513192246363
46.14882817814015,24.369903310775523
44.64071937952193,18.520593497823235
43.6025611367999,26.467431413816108
44.37645740619055,22.029574953679994
42.94212387856517,17.313398488120608
41.692768501580844,23.50014593202049
40.74827961675095,21.331588327212682
40.76641233988595,20.97295146074911
39.30305620019119,18.137777588641434
38.14718410005249,17.731465414476805
36.67724263589408,20.37260501369863
35.53909651481588,9.546854709869834
36.78857658856596,17.14560327426514
36.69622095822634,26.24542647386857
36.06663983562083,22.908272313070402
35.96714401394559,13.970701375297013
34.154279801806425,14.89257281596309
31.97818277339892,21.34661080501223
31.74084419962348,14.784213613554368
31.130822019856684,11.375140040026814
30.0429673013549,17.563888278192838
27.82911551151849,19.124286994533705
27.209720335620997,11.53597407300184
27.672135349177132,13.934065745086379
26.511438253273816,20.018902394905236
27.4547771321272,10.95857613175282
27.759721454450272,17.037334095173005
26.60137833620604,12.66736481890075
27.13805338734463,14.223239821004814
27.534971050606973,12.121530942248137
27.220468221755343,9.479360891655972
27.26034376516211,16.975656397174603
26.010547921785285,12.700025940890871
26.29141562229329,16.3252382745678
28.196559387673233,15.680538568355963
27.739296555974647,17.56093701959974
26.743059804559007,14.642079044479575
25.31815449563588,17.803688923602998
26.430958459416658,15.372156104916037
26.797831624389076,12.27712127991644
26.522087059144017,14.95225759365599
26.60056992262603,13.61803661159154
25.367516401090736,13.427638032848657
24.56617779064817,15.545798317737296
24.1390336410264,17.802967564528608
24.17070137925695,12.239049820492838
24.79071572933051,9.40482806083979
25.229082645621656,11.066437795926838
23.4395183057098,15.759956380700373
24.21640201764261,15.166247491603219
24.683963388118155,13.808590582068126
24.094397186569516,7.521466958693445
23.952725008541847,12.272249774054846
24.35482107015433,12.525293583761753
25.796531047127775,14.62469590807715
26.35554089977734,12.175225764944642
27.151749542328258,17.763572211895866
27.81785281342348,17.088524651606857
28.212402944612624,10.531752011049699
27.527592092264438,11.3538668199769
28.069886897207567,14.123041615705402
27.296529952137952,13.076377659644505
27.749022257492,11.118365708796363
28.679490094215595,13.455915856598448
30.355514460068687,16.393298293481518
30.721671593246953,11.985873110615838
30.27314088356673,14.568551308784897
30.625333858859925,21.519341251542063
31.266358848696907,21.604042845627262
32.16921365476928,11.289617301470521
32.32300749554269,19.15530277290492
32.41595537635862,14.030769163873819
32.31986101284456,12.10284570297404
32.06367208340341,15.221177857504768
30.773068251535378,17.734582099815086
32.16161167725067,21.01963950233959
33.12122273685765,18.832687137651753
31.83954778575925,13.957058699714771
31.78620729664132,15.429927243819515
30.887274237494257,19.173103364754404
31.543882340428084,15.758167750488054
30.726024614145096,15.359188868480166
30.146605275138096,16.4299920076824
29.702392085095,11.279979712369885
29.893726852092666,12.623155320932472
28.941126766154845,13.474193642243383
29.13613658315777,9.198505816165746
29.43208466941643,12.277305041299407
31.423428274601903,13.804749446277906
30.951517671649306,14.46547273984984
31.024793077506153,13.492368513991764
30.86799713125005,10.521483240964292
29.615375729594376,17.01537613514914
28.989358877175746,16.83631051202487
29.691487750958245,14.638928892660314
30.51215372077976,17.96951896886341
28.648223192257653,12.437744303120073
29.091868097155466,16.916270826433628
29.987913447131366,14.907473081838827
31.310297183330448,11.240193387262877
33.47369870320192,15.646909819619344
35.106462199260584,15.89298162417306
36.72830421464181,15.20627566345317
35.04754350967387,18.930332249683207
34.34458819894861,20.312680594140563
34.4733035708126,19.4234660676441
33.89344915944539,16.15932440355702
34.49892999998407,17.502085453123772
33.65916021839562,13.78365583627005
32.15632211692298,14.10368105373236
31.50817191927821,10.66230515716017
30.099993542858105,12.991521388008056
27.97575638879066,10.858566373661441
28.182224709715364,17.10625751105537
27.623415308100814,21.293361633842967
26.9629812533521,10.07364594766521
25.872754891646093,11.57466378737672
26.514927313562517,14.27720007595488
26.441573421320847,14.6446702674949
26.03392461499681,15.008558366896654
25.147746177720894,15.022546363719535
25.40635671231751,18.271786758815963
25.542728286981962,13.79971245105703
26.572899374615265,15.426308123426036
25.608845828786045,14.7720001945725
26.39655737247273,7.596069048399892
26.167833407494697,8.529955946018244
26.251231925109654,8.321002399160257
25.756598062315028,12.440228424520969
27.059449418335724,18.879365082077676
27.523398079998053,9.55575264762935
26.565300695897967,10.337734675038403
26.3442896659346,12.471461388185798
25.98718047682316,14.593344847577988
23.490472084761425,8.93669428832479
23.772281993916387,14.902818318524329
24.030039269030862,10.49850397323807
23.542672840258096,9.62488082452136
24.582091230152123,10.992526938201122
25.148000192090404,13.503636741597093
24.785047425294948,8.485495695973176
24.58698762894079,12.983096845304647
26.026413610077665,10.062854859128525
24.82974050156777,13.161135461540834
26.846602262028938,12.5559808629446
27.032637862331704,8.591870571698557
28.40618507881726,13.4862345819959
27.2230504132024,16.25390773180696
26.863306847256855,8.957046460728398
26.307722891566257,4.326724187157739
25.261351546210562,11.863730451052415
27.491347133118197,16.871440563011692
28.093796763607113,15.905280240919907
28.200831073284565,18.816452704700595
28.36350569705976,11.771846532802172
30.16491070085524,22.72919188300302
31.93077967076141,13.506189938428449
32.61270502529144,15.373217865781653
33.3507014003676,20.93214128385123
32.40679407928601,21.795739946366147
32.98277946645888,20.048356212358257
33.89751816271077,19.176633034493527
33.7903011363,11.852069475275524
31.66943188354608,16.52532472067089
30.605240834023714,7.951666506060114
30.262821914534424,19.171204492173096
30.435323418225504,19.782675142734902
29.38393718392788,13.835434099462548
30.089196295559343,10.573110086008716
28.80757554582364,10.521068040701408
30.98089263386192,16.68559562802362
31.522376471525142,14.549510288394245
32.59630717290167,14.2399125420733
32.30436125038689,13.031828640637116
32.43322591022192,18.00944209557223
30.807710044965663,12.899142170532665
29.820654986371878,12.862591970394451
29.8205625377902,15.314088180348191
29.496678799281224,16.2311767400566
29.190421312682183,12.647422210815428
29.415935033648704,8.690707166913764
30.00884306673746,17.788487730777845
28.774927325044455,11.762864905986612
29.580636282890545,14.969190767339743
31.029287594406654,18.15906673256568
29.699814429811727,16.664730735869362
27.787158032644797,16.53407390425664
28.29892217050679,10.522987943438388
27.34499755652846,17.590103859737212
27.544814556034527,12.262492323455408
27.530164318021704,11.170034583631518
27.332959491746102,15.346739871780143
27.27819916543354,12.789819210522936
28.247337680678903,10.049717114726596
27.90186453003891,18.123238835137013
28.90737934472258,16.7732284772925
28.606844412693775,12.917325437051158
27.96439262071037,15.235432360420127
29.79781599972175,16.016542627451443
29.450401413646638,18.23180709495195
29.45915296675932,12.618119380559596
29.17151265934626,11.958140297447551
28.53522654083732,13.129948038823542
27.897367541062692,13.865826032671634
28.60835398679684,13.30224058355888
28.543633955939338,17.02628004992411
30.21892726711195,11.011455118330517
31.108057091762944,15.0441660613882
31.07761277293384,20.7767211788437
30.017156753965534,11.39451608640573
29.249237781321927,17.932474522377294
29.18783778980334,18.56401897435078
29.1616707097223,17.262486250457133
28.87836858431716,16.596260267420956
28.32866267103608,18.217215276676534
29.611820989521103,14.907358251536778
29.00576417227706,12.75149392869313
27.897610652744216,14.445206725340805
28.608303952028272,15.231612485541214
29.262526419414836,17.84001403625827
28.2962138312136,16.499180879933462
28.54685253963428,15.475112307752621
29.339388293935507,9.94305292378168
27.927682724536762,12.14045222189246
27.265589786394575,18.647179932866955
26.659109372149274,17.109695812147635
26.787718860832424,15.165664389018469
26.450103570286633,15.011867154432405
26.881542128230834,16.33399471517795
26.446761859795284,18.10058035092977
24.745839444752,10.19481462668002
24.41479576668319,11.544031824613752
23.81581148185684,15.633463524619092
25.359831402610315,8.452493620805658
26.762644005034588,12.3078480638162
27.776207499241416,11.143842433194
26.464250605341213,10.29981965431187
26.443203268160428,9.612508145343092
26.28718185492451,15.163991944639335
26.696766561021125,16.015802260515102
26.985866504137356,14.495609203299518
26.370297320161256,16.660507171247065
26.92559186929674,12.344249701221928
26.640111584449766,10.72510968365957
27.43135216343422,13.016601415807257
27.672456129552273,12.192072053932336
28.203720499526938,12.40256483444195
31.10408370268395,15.908639313116995
31.15373391780068,17.926362722985314
32.25746053396425,19.73017042433841
31.278185308447252,12.754159142442136
32.764458990008585,12.125146457246045
32.67322336058294,15.778514544078277
31.28633117561735,12.469640046081766
32.90975468630887,16.29593353764417
32.08534620778624,15.516764977498848
33.59432277871775,18.01309368053923
33.38739560911656,12.261991444105018
32.100987310146124,20.28958823877128
31.83815463232082,15.874576592396016
33.72647668241467,20.056193048808634
34.34298395430986,11.700428631586897
34.481508090737506,18.052816520790227
34.898593548831364,20.05469203516395
35.53588306518629,13.427304619365504
36.28374463892538,19.584934044328293
37.45348128545728,15.594318523429557
38.03699831560761,22.522528487039395
39.152635255542066,12.471526065692274
38.045563574304516,15.426748735291579
36.982209699201896,16.28039055864502
36.87136196429374,17.57203352732505
36.153987908793944,19.901679403825113
36.237486275878744,20.73668017134709
36.852277029495355,21.582190814904724
36.74346566567356,15.598907494404461
36.8893363977871,17.119491554516568
37.6304064148678,19.309599495133043
37.734089434509855,19.379606764653634
37.65396245776359,19.569248933462774
38.16260789613693,14.540498926840009
36.97766486129566,20.370640206113407
38.01747802471123,14.789806247793933
36.65623939000356,18.91104457901172
36.660475383416006,19.145347554996885
36.33586888556468,16.31388328082007
35.46334248058409,12.422243804094123
35.40350434646016,15.49179522206077
36.28870580013123,15.954762131205396
36.647583543369905,23.074946670005467
36.96893443628472,22.005148165573758
36.79297172162284,15.385634986520028
38.57166714697011,20.33251312746421
38.53173721716188,23.81676886923679
38.796059185389325,19.30400918336686
38.976249361752735,15.191336724327522
40.54868846421397,20.473023446468343
41.85806558286444,19.689475665782023
41.87223162391334,17.632112534785715
43.191257873175964,23.790293900893147
44.40673382410826,25.59792972070614
44.050269478432256,20.996414025089262
44.6843776419475,22.338845198361906
43.94114417822994,24.17453845314322
43.62367404550424,23.986760425869093
41.622846406246424,19.2209906449314
40.51365714395223,17.353922449785845
40.41003149598845,20.23914875898177
41.479572829942484,22.226849042536692
43.127748265954196,20.286716647711046
42.60207658567095,20.1086172475316
43.96009487348952,23.023743182416112
44.738941092500546,19.161658895346648
42.5492113698679,19.859850978675727
43.3569179523256,23.771015932995965
42.159676048201035,17.75539975353252
40.99105263308861,16.479459915038813
41.5706894284238,18.960153036139175
40.85639148929369,26.02836922967768
39.927155879458965,18.261928898448645
43.161119964892535,19.992771132903474
42.670168005117546,18.272835880908094
41.22313159740219,20.44329412433601
41.48832844259844,16.19603644173619
41.47849404265909,22.531050433232217
42.13996364220039,24.950695673225393
44.124329162028246,21.796541406659827
41.78691612650539,25.729654750657502
40.16746946596577,19.09998826331198
41.6853969477843,25.0175832836684
42.78651581313086,18.71740845810428
42.756562480718216,27.200830309906248
42.42713888032327,20.444765513520192
43.46392674486901,28.570794426358887
45.85615432796509,20.44956076022519
47.34617105972366,23.13382723796339
46.90894453057252,25.97081216149484
45.92485015523181,25.217544923538412
46.67570196090822,26.74286304445606
45.44830465937244,25.298533002921417
44.94356045621406,29.284084348625505
43.52561974148176,19.22789747885412
44.050133618975714,23.05996291763231
44.865295445509815,18.137843095466685
46.057351487808134,20.22197955845393
45.440098748492225,22.201598332496577
45.90379579915203,22.59149128209179
47.48404112684189,20.299885829972155
47.83927957397195,20.14314645693874
49.58073680887337,23.886733180091504
49.754918294946044,24.64660269057375
49.158915934010096,26.283124054009296
50.910048591437736,23.065525590484903
50.1525110137084,27.120127375425977
51.00142038456706,24.705964886833133
51.223709577577715,28.310276028315307
50.9103912882565,30.885280279123318
50.781773094159675,21.77276913996776
51.9729240666812,20.109602411683976
52.09466068557271,28.163898108302845
51.997477436510316,26.424514806070892
50.13761249076316,24.018701977630727
49.27786789148419,30.315548371258984
47.909706467752095,21.95467735857876
47.61988761050352,27.87643552655045
48.519364371436325,27.79134375666924
49.64755566414443,24.23170785785686
50.15072528406829,27.326318704456313
48.958361616163124,23.237279062888334
49.386131744985825,26.27833700646064
50.82114474878045,25.88308025772383
49.53724377483964,25.4174370451685
49.37043099743957,24.238096021877368
50.22750444344771,25.191416092945207
49.09395599363248,22.397043821843297
51.194985093565386,25.19714753728046
50.729062414070874,24.131251874417988
51.13519418436977,23.44585916504349
51.04949978523333,19.83098810715003
50.46745900101541,29.715251976321383
51.35637593017905,22.897043571115514
50.76858788735462,28.625964206796752
50.03239454507519,28.441115636759843
50.473100411248105,25.301522959990777
49.881767950092865,25.88175451922523
50.355834186808565,24.346996250183455
51.658965574969436,24.158570573093666
49.922198829300214,24.28069363221926
48.728498145107416,28.669024492923874
50.27511393931406,25.524009945202952
47.54636254983405,24.127558091871638
47.82179418152811,23.280834958009898
46.584649054374204,24.687372918730688
46.51594303794737,23.119201630038358
46.38968377569508,14.499998331265822
46.01719495477154,18.70236531613258
46.330746551509414,18.180154231901035
45.84559993055241,20.947904944645465
45.799888492576365,24.837887070900432
46.80074271843957,19.28980061137846
49.24092150248066,21.789442666305007
50.91451259961254,20.353378167287772
52.514018515083954,27.715078676138866
52.19265919525296,20.511290741456765
50.703214442879485,22.737423214405105
51.20230447661459,30.11771424863514
53.19616315591494,22.5714935422275
53.22284547616019,22.634398769083823
52.763189877448596,25.315679281813182
53.03908619692443,29.432684823035846
53.48851989083761,23.16754598063384
52.42748280694941,22.43124283472159
52.160192821385465,27.410817801978805
52.88147533093476,22.87508712424277
52.06612156452909,24.1236527450843
51.2865023232163,26.86396682177236
48.90492134280634,25.303633797972616
48.90722100728383,26.722137857875342
49.12505258593835,25.641523210227845
49.33920227194893,27.37294573070022
50.04002929773235,24.873419058213695
49.517523774849934,26.138221348285466
48.787269176953025,29.89994573360493
47.340721136153405,21.05266810076492
47.38680554030886,24.952164253408807
48.74029453336506,26.59547834928997
49.826196080203424,25.65819468649393
49.09625155466225,27.593020281341587
50.49406342836316,24.29748942803862
50.0496445912876,22.62065821090069
49.24401522732939,27.990205260981636
49.714529581550664,27.62411635919018
48.78236653884765,20.497197371059432
47.557001852395814,27.46970267102283
47.07217966469066,28.432148585223338
46.088112482065654,24.933104750339677
44.76023844331284,22.263379033230215
46.22299784621754,23.186725073182256
48.67357043109629,22.139804621593832
50.18505067444317,25.767370254560365
49.99641143101138,24.044477614397763
48.679281216750006,21.973636301835164
48.11877895979979,23.293115062660796
48.29711876813689,21.18721727098439
48.407731575560845,22.548894356679046
49.6739215207672,27.788355566017387
50.68446487205723,23.631976237590294
51.056855430265045,24.443805026037836
51.31147141039201,24.702054792470275
50.740423863493945,26.136563120576028
51.43130842971281,28.38171551709198
52.2756557887529,23.040869191209104
52.3790125829934,27.63035921322972
53.44246342392511,25.475221062481513
53.469032851847295,28.775981934843646
52.86069406538685,27.42306614840294
54.100185381692036,29.809725355400705
53.311702342758124,27.10628703704705
56.03259809363675,28.173318049654625
56.24339191677626,30.304211494127117
57.94360550396061,30.705449968955108
57.60361424840143,28.138113981925144
56.132410643458044,25.937714885717213
56.90145170719424,31.927344606507667
57.16099490778521,28.60678408932949
56.353312311310376,26.506357171049537
56.81457702610024,25.071169191347145
57.432398030591486,23.799685411988477
58.157303001453926,23.585968771748153
59.02238092087565,34.03788519948006
57.95943045067081,31.374235220001108
57.06940814304517,35.51442450255545
56.495249363555956,23.205997517095152
58.03313733456953,24.931924123820203
56.377517853117645,27.50270111204777
57.13977764213631,34.29807689157979
57.34468729839026,30.185524860316644
57.85647383435192,29.901551439757572
56.59015223773116,27.20171240313758
57.503728825794795,34.32237067913229
56.164443452737096,27.533492124458768
54.859810668472186,30.47666703527209
56.50787007535358,27.861831426285423
56.89022464172252,22.16947694635923
56.04703240478072,25.941117938899282
56.79538373319981,31.106880179398427
55.622221960514395,21.702780115726
57.29030737878426,26.134008878931407
57.12516419183129,32.706378550073666
55.79508740147117,30.800159109118567
55.765412617458345,23.813417045399667
54.45050877031383,33.28136676284872
55.56295915160781,25.15073694140347
55.145906096301516,29.249994321654363
56.42477699373436,26.82706166510591
57.342137231657595,28.667378925786114
59.188525778455805,35.94649716810902
60.442348626326186,26.035324564245837
61.91586662907098,30.47442726835379
62.14685948980924,35.31426711146784
61.635042674120804,26.261311270115662
63.10475428859116,28.374984337327813
62.076926643558295,31.68702206112594
62.48960447938603,36.92404257516719
62.945665645443874,28.497604909569727
63.15601236901811,33.53394262155177
64.58519404338459,35.08473351457432
65.61615902300689,33.57375104243542
65.11248288279229,31.145247273213066
66.15710071607829,32.45331194377846
65.96148007279564,29.388366282201755
64.07197906252298,33.02082301900278
63.409286426255996,36.72664228947393
63.712031916426966,31.023627710205893
63.575962016484645,32.50780052730805
64.15990770535986,33.051903872724125
64.08051528614553,33.773905027381595
64.22288723620268,34.14628156239473
64.60219998870795,31.329098076278445
65.30517278374676,33.94825140476944
65.46287305997497,31.716493796368553
63.58092039160355,30.717571279899733
64.48130906894464,31.41257114854164
64.00417863536913,33.01223078496273
62.24274900063577,30.80274087283247
62.954228391436104,24.975904290469273
62.14416550385398,30.213212949553775
61.42090195911876,28.629000756780535
62.20882720436714,31.308949098880266
61.35150535638728,30.913055519545427
61.12489245394428,32.23744132458112
60.70938844629852,31.26489182689587
61.197142065981865,29.029144476731016
63.64552937094408,37.448601453927445
62.38286412813971,29.115075438814554
61.49586070813253,28.9289258289988
61.19792718980664,28.209606015145486
58.81506187387873,32.060525999394166
58.17549778381775,37.4753401316873
56.87780021228948,32.73431025340674
56.672032949157064,31.034165714792675
57.68637650347229,30.87058765903043
58.35782454352786,25.985644053464508
57.708429576612716,27.280172398366428
57.164966255653134,29.609670615451908
56.264315675674325,28.505598302120628
57.26466105063686,28.113024457545524
57.2468678033684,28.259572349494793
57.90825129641553,29.07015804490644
59.13919870646742,32.14886511266133
58.04295001409983,31.483882365908592
57.18943913250156,23.994302900789087
55.751475381046234,30.21046886448159
57.69626991828799,26.575132027642688
57.82484709878669,25.088365892566884
59.78398263484023,31.23871309528996
59.87575306623977,27.519716607039257
60.57623635880046,32.17546342736566
62.38592823512144,29.697011591581067
63.98106842261154,29.30229512844719
63.63007521098304,31.416799567963725
62.85247317903385,28.007751081033067
64.1241467565763,28.301370528020858
65.94011035659783,31.616751909399113
65.76817612886518,31.79309640431028
67.48229395174695,25.893226136246135
65.83412349414266,30.344261370852205
64.51734494746147,31.418244780921256
62.92423291188683,36.64927710992517
61.6559386526472,32.93438951955488
62.4224883537649,32.99686848870069
62.39514019391754,27.55403435487478
62.97541186728515,23.614476995460073
63.290768610267634,29.148093970076452
61.886177462777525,26.057714357958666
62.75232574335008,32.1217655049877
61.74428918642186,31.3505169597984
62.49121391792593,33.37225625166302
62.31747556830106,28.076082736449578
62.03476699471702,29.329898504916603
61.93160832478127,27.344722113028457
62.56804870386829,31.620773255238074
63.034141078100774,32.68085348389184
62.054912414908756,27.418885896769744
63.87375343649817,25.953940793882218
62.68396574465754,34.660318421670276
60.40692740239855,26.06973548438492
60.723813489931935,31.420061996843614
58.61145488628042,28.541253034561798
58.58925996396734,27.08235879848582
61.084326016551984,31.22773281400137
61.65948182843308,30.957416464017772
63.75638992123858,33.67776170709732
62.65246144087756,27.779845926006562
62.132557760874,28.650534053200303
61.74992065859123,28.388136081576146
60.94668015871237,28.64684757207593
60.400484456905595,35.711509599634724
59.12952748045216,28.54670734917038
59.70265811331839,34.48625793851417
61.36752230191629,32.04704899616065
61.326894446183466,28.060253723796887
62.946222472229934,31.234675593582367
63.01938322003365,29.420743292976674
61.319186153785736,31.274690118889538
60.14332905160051,33.74412781124559
60.695859697871505,32.395243501226346
60.80509506579509,28.558654153927336
61.344297854506046,29.94157540383362
62.244907203892076,31.91196143912164
61.25682121866254,27.66899557965037
61.0319468409558,28.116611816143834
60.897965039255396,28.543092006029333
60.470411497772886,24.80159454331065
60.44525367501295,28.59238924418937
58.9712764353803,24.676290155240906
59.97741434232745,29.516244170658016
60.68631534852594,28.785614853527232
61.437394689367196,30.905885053848255
63.0318234505469,33.707915615990196
64.57767028033851,35.67139486598815
67.5048246867802,36.777314944217395
66.50483426233724,32.131495583533415
68.86678182822895,35.89050943504133
68.35314949770965,34.87498547247333
68.87214702365945,34.70946373939568
67.84571026912931,30.658905803958685
70.86541597305413,30.523667492885078
71.40316008942732,36.415425042842465
70.90358676066981,32.75042298935271
69.51268986608527,35.22410609782959
70.0265897900856,35.52809030537124
70.42228173037225,36.13545639501863
70.43980702855613,34.568602004695734
70.22247112218876,38.214709224710695
70.84361727664508,38.372967831934105
70.81642897091596,42.42370743147915
72.72831631352888,40.58867749414465
70.54909255081184,35.94984506188589
70.27651430396267,33.212232807094146
70.94016713199868,36.388256035679845
69.54478081761603,32.64176329294927
68.8084046414896,38.61321404199686
71.76668172383539,35.55474428284169
71.91230753395452,32.23204300418777
71.11933030239021,38.98010647010429
70.46986032065865,28.761902036550957
70.61051894607748,40.62014342354691
68.05916103642785,35.656354382641744
69.39031142935961,37.711990628179386
67.64784894228214,35.50536364165456
68.36803391957821,32.3174127746312
68.3914116610172,34.20217236544546
70.22506909959314,34.36804232379549
70.2834355502934,34.08736870095788
68.23614875151922,34.91962401237055
67.98619666075629,37.242246445961555
69.91288642549331,36.02811450490601
70.06153137117114,36.312781443777965
70.04233054048746,34.255081697491846
70.14984832712973,32.99443346968193
73.05850827014785,41.131471766620535
72.6746566450367,41.76340583907553
74.65439234445095,38.03254260189195
73.59702488464104,35.71237281043972
72.52982580522954,34.330066430472094
73.52457655227818,36.63818840253774
74.81907585866918,37.30565402887692
75.52514821164688,38.00664506460678
75.00911744829796,34.21885302083693
74.54560330528668,40.01407925729562
74.24209475434164,37.30738136795714
72.6524964890253,36.82616672756942
71.93069550288625,40.540061266632385
71.62219510837741,35.410615381163154
70.2466713925162,32.32859328983571
69.47319147628222,36.50397198763604
67.77475338887842,31.37390142493438
68.9860996345335,33.1763787027188
68.90667464902785,34.97372216462656
69.07994246490605,32.03995830604974
68.2809326314266,31.88794173348498
68.73070514772378,31.618912267305923
68.86106997041527,35.36520440809366
70.05200996688274,33.64262106459547
71.18296300957545,36.106981981776116
69.78781424339371,34.413512560285234
71.69662456147229,35.57203397972146
73.030508311932,38.297204072179156
71.5545839032012,40.428108090439544
71.3655005741269,38.17214960181318
73.37832291877665,40.019407362502
72.9113476434005,39.593299649970476
74.98285323566768,36.28315349494019
73.142910554103,41.74130449759262
72.59424886318031,34.611007739687885
72.70711661580052,35.631440101185994
72.5913522795841,35.99974422657087
73.13627873763106,34.669513891669126
73.59423994629223,33.50889263630716
71.60988710569583,33.92981266004811
71.37382975351902,33.7064821677659
71.4366234489465,33.13146657514129
72.22971930599341,30.80877109042798
73.43162655706456,36.05901881412257
74.27106604996419,34.51053330398723
73.25183492939502,34.25027414483762
72.67223675183038,30.720078015139542
71.50291983905983,34.63530676027842
73.72682885960107,38.78716640638933
75.53661038991604,37.56166290537886
76.44536418523487,40.87740543142551
75.69599738471169,39.98491873716658
77.0177546249633,38.332479419204184
77.7368546329483,38.393984880962705
78.35681201176685,43.495351007613266
77.51988284942362,40.90498069828968
78.29043832876701,36.60281501880202
79.21036123537796,41.840513209894645
79.30812084517792,37.86393229114375
79.32519448887824,33.96665209048516
79.77519168367421,41.53593690463183
80.84324460591426,42.96645619791582
80.2430668463355,46.137689313858836
80.92032899651115,39.08642940943774
81.44411063447407,37.327076476930884
82.06345150570364,45.60622111822018
81.33334846317109,41.20591780125339
80.6564413402391,39.60862584233066
80.55757150115258,38.57142380793862
81.16096040276864,42.980293074551845
81.42796893011518,42.80455930217198
81.90636452638051,40.22793091552461
82.15246461029149,39.78042165979083
81.04600565352324,44.978133179195154
80.99346992959944,40.566603814444946
80.90157536278795,44.506716345683735
80.33015582091046,37.437072438629286
79.90034869390081,37.00949122283999
80.03793990095052,43.30556468893205
79.01022198537527,36.24719158135345
79.69555855858819,36.25676828522711
82.01100697911741,44.863746834850815
81.81355200621375,34.564418193346754
81.36578156618931,33.976357110543745
82.23857164565649,41.95945194814856
81.91999611164734,44.010057365475284
81.84905635045898,40.08701234110676
80.54622520699351,41.715468026864905
80.92212717534073,38.459359627343346
79.31892957167136,37.28804333918265
80.84661996515221,37.315289027782974
82.17481839670353,41.79123590449343
82.90103649090415,43.95888516474812
84.38655841494455,36.61017837827848
83.94192594128695,41.46208676597643
84.90717580452662,42.70386617795344
84.78218400671818,46.38718023490508
83.23766914872876,44.68416346775378
82.12002803548307,42.45008032788991
81.388262984469,41.772690902553855
79.52187903236165,45.00153296569618
80.79268844691148,43.77058299046773
80.8041763441225,41.82666449428231
78.9822045156056,34.755331672138205
79.6644968058598,33.23581277317764
80.5579328307297,39.8230422316058
81.79123545291017,42.09300231404413
79.83320964795904,41.20552342062807
80.2270619251173,38.84342303665862
80.21206395472593,37.31336432652611
79.88077141455385,38.818645385446686
79.66092357714665,40.88496416081058
79.90852752790322,36.89037855713913
79.73955117966572,40.447026569258796
78.48394871747954,32.90058415641096
78.53943514583938,36.54171761734767
78.72673224943529,40.00797283564805
78.2957749992467,36.86014042139886
77.35883342827873,40.505130954994826
76.86569658262188,32.55272601515561
76.79798536963253,41.83701715244613
76.51407088262071,39.837855496797374
75.90060008313398,35.624224051790115
74.70979518032199,34.420652815947946
73.85359320224042,39.31552253499101
73.42821312315375,32.590526395741605
73.17071299831571,34.483578614049556
72.12552586877604,34.763108252318744
72.0364386874391,41.977567495299084
71.65229813910547,32.718957501976874
70.41767869982687,37.963747972968754
70.27807085303091,31.772357884540547
72.13507662450056,36.243562491659084
72.90744196931286,41.031202082852495
73.06904496791573,34.00168488594718
74.07300157925886,37.54774105172602
74.87549135006492,38.52597911319941
75.67544736863407,34.21621525920846
77.13647033837682,37.332990476600614
77.13877483637185,41.191162746973994
76.15810038979293,41.120809967049134
77.77782888849183,36.03441483331051
77.66797088294169,42.86343821385561
78.49061970476744,37.46593212499582
77.10208394088558,41.98585667178341
77.01668884946231,37.15478617089155
75.93430387420831,35.17831506659021
75.33314432220862,42.03499248562106
73.92742248271709,36.73638304886129
73.47194709055113,36.721121653786376
73.85199136832556,38.60891651436928
75.38506539133824,40.132729578999786
74.74840134787279,35.4513259968202
75.41808427581798,35.626535165188436
75.7868359648777,37.51346192365439
76.05596057570601,39.2996493989661
74.92007972497069,39.475594301630615
75.51823430306152,36.78102187047764
75.75234271793875,35.9404087987639
75.31066814833576,41.36288938477152
73.83838547751978,34.73552161172125
74.74239463028721,40.38647060834495
75.61935447709983,36.544808063411715
75.00143196490643,37.84806339984539
74.33299597999515,40.873641830448996
72.16460489608545,42.77292294215388
72.3147227402142,36.60408009154543
73.26011229824836,34.69359746642154
74.31398914657254,34.01277283249555
74.18588385024047,33.6621561102627
74.00133836986325,42.10882488509735
72.91104995687563,39.00661317244855
71.79194266573366,37.8586317377978
70.15275047557952,34.37093672661943
70.78562110346661,38.26107715178769
69.65266351678541,36.589149995807695
69.58601763981959,38.08017810499338
71.03859879024057,34.23491224308814
70.34845031868848,37.03675235395722
69.70259747388079,37.998877148922276
69.51835646204187,34.01226008011627
69.13563921443144,35.25500343267921
67.52164219819535,29.97068776488739
68.96833619933068,37.616365169928535
69.74233272952007,35.2188817597052
69.67481219923398,35.0843712651096
68.60817565057012,30.638143663193677
68.28113878595573,32.066777650040606
68.14686538817735,31.220869420544172
68.25810774939563,33.78387241350446
70.27251628762482,30.020534913583106
70.55179038016483,34.35674852058652
70.44626542489127,35.71858567117071
70.72702274038842,36.294675065502204
71.16260064464389,30.786782663186795
70.59928117682708,33.22494507504808
70.06817647612542,30.055181767389374
69.20376360053893,38.41916092199094
70.09889847295288,32.100316673788036
67.86419154017372,31.250214729540424
67.57079313761996,32.280135132580945
67.57491278228966,32.211518254787435
68.39242618162058,38.01122205218208
67.06689732133354,37.339405444160306
65.67442380455519,32.14574033556452
65.25063192479739,32.05595440401641
64.98650164369013,30.348646136521662
66.33982249155791,30.99030131995206
66.07460440508557,31.85680379692851
67.13209769554028,36.217358469702454
67.02474954226876,32.04718601235519
67.41085299440245,30.411409459857712
68.72106951478912,32.955683954361675
68.82820143054069,36.13713217158422
67.49251670446945,32.204241972340306
67.85787770734778,30.478415646649875
66.65776875556136,34.85056939856301
66.11559300653722,29.783753340684985
66.77423727512964,36.37553808437619
65.21702877618863,32.64597989660646
64.7901607483454,31.891982897575822
64.0209120218843,33.5696252067758
63.358242337009635,32.279467786069446
62.422667295193364,33.436725840848226
62.656947300159096,38.53275168912378
64.96979170117706,25.383676224064196
64.70681851751655,31.187772298683253
64.1465557714737,31.130566703009887
63.705759138710256,31.230934691552537
63.34304885318741,33.64395487378523
62.435340363773335,32.89271953823294
63.98763924295696,30.86140526483296
63.96342134334173,35.05111401935855
63.318086456003776,35.08801856033191
63.72347671948627,33.85905779024818
63.07812518281092,33.396592586828525
63.82284569796376,28.338430657683215
62.620697646749704,30.463611824871883
61.1285024404141,34.494624215756545
61.1536180510198,30.919419250961703
62.46126822271205,33.1945757406994
60.633940748910305,28.52949709912837
57.664577319536924,25.693681457075325
57.339263091651304,28.315843868174195
58.087710937131135,29.82332699017159
58.89955809845274,33.34932607524555
58.158870810561865,30.37015282802953
57.12230322276635,33.128456421809744
56.930752191035694,35.406559894657676
56.42307377191104,24.75590076068571
55.87650095712054,24.056391176604222
56.1570576298819,23.670387079372627
56.31791277806568,26.02662093960005
56.00167676930628,30.166052183170653
55.66230481469659,28.00548435758559
55.89236527540347,34.458295450039685
55.84692602619005,31.923730529597208
54.05504738718037,26.981140480969103
54.83704449207616,26.352532944999435
53.81650313106077,28.338668536067537
56.320876455463015,31.177127290343215
56.138434186699556,27.860902869090726
55.028775791599664,25.844703141057575
56.157900579312916,24.319432200773235
55.85252669701139,30.28067219038608
54.96137284682535,26.035887221272112
55.330804615215165,28.261581418565044
54.66827991609299,29.83838084450813
55.92500841056607,27.81213494440564
56.52421315491621,28.296225653848488
58.586335030026135,26.211594863747383
57.99143666163456,29.750381231285107
57.500194388288904,32.93178872871186
56.383100269300044,31.056583384202078
55.017331807786086,31.513539436308204
53.249007646906406,28.0048897269224
51.91883310029636,24.420560866361708
52.8509644933907,24.667958086806646
53.93825018092195,25.952736293673407
54.46465154224667,28.45344094398461
53.693634600029306,30.776053969423426
52.554848016467915,29.55111761374837
52.690459853787544,27.575310083867347
52.592897563704625,22.494813580809208
52.075652103884956,29.134966410237134
51.88445565424183,31.355775467199297
50.41442262612376,27.080031659455017
48.612930107432554,22.896965192079907
47.70924333783155,21.088763346973934
45.875280563030444,23.672970434092736
42.77763573967866,18.913210439809866
42.54246255756223,27.76169808390948
42.295097039609715,31.16063158020397
40.93918939086774,22.34264726174669
40.93893885015516,20.98208711877538
41.134783997015916,14.179542484144196
42.4392346526246,19.52229637079633
42.52031245581774,22.402237591872062
41.691608682917206,24.113078407934516
40.77437269465387,16.86359153209586
41.16470492516983,22.281095668360635
39.88606130357891,19.323989530283338
39.770238502233454,19.920945933011595
37.97143200596522,19.209744033881833
37.728191814198,19.808620851196437
37.75619151661962,17.445123051715512
38.019251365684056,19.200545917978022
37.4039709274867,21.462135943206075
37.495909502718554,18.004582751531906
36.465686030837176,15.795734310748166
35.339331181879324,10.171054420688046
36.246308042038876,22.403602551881868
36.260514964102015,17.817336686072537
35.726283373190554,18.16886155764509
35.272126228493285,18.826989208519038
35.505796196218434,20.938606355015168
35.51596092421899,14.00811823502876
34.23641338867448,21.41115477262814
35.569561280755096,18.753860490822976
35.28941826701088,12.85796721434411
36.915364766909846,17.393888514245916
38.12938394782445,19.80748595296297
38.027724737654665,16.87537697087835
38.61168168659166,19.159288078028688
36.785194625367055,24.720931617984082
36.67665013844325,16.44411851854077
36.91595664622734,15.309256026695799
38.15815095203308,19.23260154320383
37.802515786297526,13.759476111776726
39.71637217357502,19.270875354517813
39.38490934726941,23.68647149334892
40.33189401504477,23.883662823529903
41.685329668907805,24.760403795289957
41.463684384914565,20.674540020276215
42.90263303585471,23.091856844529264
43.4637457404589,17.029204719145493
44.56477799866397,14.804208013600649
43.68193097284368,21.85087634706713
42.781293323810985,19.90279896353661
44.442391633503085,22.054205580126514
45.90472900027347,23.4626479379795
47.228166089861965,23.624752291065906
47.55553765214924,25.343303228779625
48.143450306163004,22.80108830172388
47.911768071885135,19.55308973583203
47.572634145065,21.69183399817043
46.9108544932296,20.162255419902266
46.04329844979629,22.64086357150193
46.14728204494832,24.77368843475024
46.26277617644779,24.989580887849684
45.53126857284419,20.57007065296723
45.02504911928135,25.835687913235436
46.79552584789772,22.623803204382916
47.37622434393446,19.417671927206797
47.93318150106323,23.900164606752604
49.66798188371342,23.60612705667412
49.73756177736465,23.33746569868321
50.43884475527137,27.08105174410446
52.57364250568581,29.448164534392873
52.31228507317638,24.829605721347004
52.27087777913916,26.325215922023173
53.81103467400664,27.263516520695823
53.41656897698301,27.816570626435514
55.20849375527913,27.12989991712545
54.29751028887538,24.155094885497135
53.93035448491157,27.641618103191295
54.94247049931983,25.725790419851176
54.5966014905285,25.82659727038503
54.5773878265437,21.746976507034002
56.20023129064208,27.723513314399014
55.255559303106395,31.434562093489106
55.55733281967807,29.878528702877254
55.73201274458203,27.863829814936178
55.988801422014504,26.07585471420177
57.97618801522904,30.516808211475958
56.625001289321524,30.164598160903353
56.62154284316364,29.671327932719965
55.387018029453735,27.650829878705064
56.76278828363005,23.526455422132443
57.05327647041543,27.43531312618866
57.452329076877604,30.042285576195205
57.3792070892997,28.043402592492406
55.92566735968509,32.527047550665635
54.8527829466731,30.126587932061923
55.55645335480809,32.524760927240074
55.59460822572167,24.612670200769305
56.00629657388015,26.924125069637128
56.15210809835961,27.94243745983853
54.885818904954334,28.537735971203755
55.3535427231959,24.278042472399807
55.56116202258118,28.646542517256666
57.48966482602376,30.328408526254407
58.886177580715945,29.749575873411395
59.4449196044716,32.07033071583798
59.38596897322729,37.91018948165565
58.18404344050269,31.21210448731693
58.89549251980983,32.351501045688345
58.863284838471806,29.17737437642596
58.71064004872283,26.68777897970201
58.48768946993819,25.816860148351985
58.162437182838616,30.15200191491812
57.966735266492094,28.549550328944992
58.20041248807942,28.647557873650765
56.99682844004901,24.60217971104918
58.57064813402395,33.68879783560364
58.43596603123991,27.68277805995533
57.558966826040304,23.066579860358615
57.6745669869369,29.75351387706908
57.42771503794565,26.37924182586095
57.95856515997246,25.458338214743655
57.70778865810019,31.12110865829251
57.82201440905922,27.71332205508484
57.48677717078656,27.88300927526704
58.31235765044361,31.613144256142995
57.65774679028307,29.983283758254363
56.883255468627326,30.136050762557407
56.727148603847354,27.53891825835691
57.24219141311672,27.331349814350162
55.674454087475176,22.655319291216408
54.40575234447562,29.630821357645758
54.240265047236235,29.48124155193554
55.52247704929262,26.860875377698616
56.533269137274885,25.906353236263868
56.266703530414986,25.672079968271298
54.66092848706473,27.566709717893133
56.62779790550108,25.14053402800817
55.15316522844239,26.11111683972976
55.46257112873333,32.86082878976966
54.13645072250711,29.392867494200825
53.402754087541396,25.210039062389846
53.95816540991833,24.886831753033665
53.21482769155453,29.071171479034962
52.79706961874567,28.807786371409836
52.38386517796069,22.144388154614344
52.063685314992384,27.109186879007105
54.12394043767553,20.988206129923277
53.70036086956697,25.145368368907832
52.65491624235841,22.812577549102254
53.93403011114406,27.463206755679437
51.87306604994352,25.22640429478075
52.30537207341831,27.63467553900579
53.746551165642074,28.276798661233233
54.83634963699205,31.73991679081129
55.3969241132976,29.475428966111256
54.62132290644933,29.62649552848505
55.31599069081933,33.99153788285541
54.257562895890764,26.443900773386652
53.336705769869745,29.663375976449583
55.65594650475186,25.8020967164403
57.13446806968933,25.03096655288688
58.88942564159238,32.52991256916654
57.88744704522995,33.911092431504315
57.951566064122474,29.401793047290273
58.308633615698284,29.959277778881873
57.6022538234968,30.79810679161219
58.933795997337846,30.83363109975165
58.642432058834565,29.99232476155589
58.35679204981568,31.241466412025606
59.76551996393528,32.53019610839853
61.77810457892078,27.485266676126678
60.73019128837264,26.639919274622805
59.01369019420767,33.00513030373809
58.47516061657898,29.963597992996
59.250176221213486,30.821604005896226
59.89147149038714,32.520184515722256
59.96628430090205,29.917937252984196
59.42841402019559,27.76739678382329
58.92635191283596,27.493627577618447
57.58990673239629,29.441846195274504
58.39830855836352,24.423138239195083
59.000356164738605,35.33621848537867
58.72165100200863,27.56152719670596
61.103807309193044,28.83145281117651
61.642085931642676,30.362328248211384
62.11315285933358,34.69527648428041
60.631071983770454,34.263697623856324
62.024573933012434,32.87151088854325
59.126929684099565,33.131192153503115
59.728561900843054,28.516198370051594
60.44047615525235,34.04619210801153
59.796220200861676,27.658020799405495
57.677612106091914,33.84610231473018
58.03930126689753,28.87890085129189
59.03728262356497,31.081290291707592
57.84108162984521,28.83099981681373
58.789675438743245,32.55098118062409
60.122880541769725,30.025261345147232
61.73767031750487,31.114575795649674
63.09193208666431,33.91282524301883
61.18800418691004,31.411646833003598
62.30650710347802,31.108236154095167
61.478630705621725,29.51135372947638
61.9048537975404,30.83689163558875
61.79747480892879,29.54357181051819
63.465199947634254,32.2194602688906
63.74894781280108,28.299707884768264
64.79393625492811,31.114547689867866
65.37664266023371,27.384341249381826
66.137208731029,29.3924939855889
67.03774973070503,34.32307735638104
67.31731404434174,35.98958158737298
66.42855400362609,34.72931741220855
66.90403119304577,34.300025551825904
66.5879504723455,36.75854339811669
66.58137137347019,28.0916161504152
66.83968522525997,37.84136294341419
67.0969556858546,35.92244304057353
67.16533624093164,36.701980673056404
70.41115450023388,32.84277468852411
73.26457683311374,34.864122574989835
74.69011816065178,38.728954542269165
73.58195551540145,34.14134517247483
71.82625242522693,38.1992147479977
71.26972610521561,32.08856291243896
70.878820810386,36.420786365107126
70.98614164573654,37.875140460366275
70.57578503904328,37.61268307994441
71.43039156934859,36.84576611988191
71.94249843030434,38.95088110800391
71.94508894871447,37.33096565691728
73.254587099268,37.290425182957335
74.46386601721818,37.379214483702995
74.7027573043794,33.80707129516424
74.1609657013879,32.98805867018417
75.29910898934162,38.61178684262765
77.08925984176159,38.826807153064884
76.892993175072,34.825172148019924
76.55672212673484,37.41662333283791
75.68850384645933,33.95602465201826
74.30648150231421,34.21880486501688
72.9163958283454,40.31424056175146
73.29866888346332,42.9099513339741
73.44677371511743,33.6950770996024
72.32453918646118,30.362675633836268
72.49172888874301,32.56674628368629
72.62177805011186,38.7842282336968
71.94722199015482,32.58193426765431
72.72321583477452,34.98661695482229
73.54121556334523,42.41162678045917
73.9337353471082,40.41113910028707
75.51985628955396,34.72799990853314
75.74745742985002,45.36289525122131
75.9141409377701,40.21256896696923
75.33284890613756,34.325948638655476
75.77431642695471,38.47968336468728
76.4620595104839,36.103378023999255
76.66198781135927,39.259212268714826
76.82389940370906,40.63058283741733
76.16073543719702,38.84085761505939
77.04198653257143,36.96656062371429
76.81118051924854,38.65273569511685
77.07569691907736,45.46509832815931
75.10637657524916,34.16019146364831
75.21896585079766,40.92719965158629
74.4471641008391,36.98292611992343
73.89231233183857,32.499343106890514
73.37962689758213,39.02215804862099
72.22664923897332,38.68380320802621
70.61375809416278,38.09300082521376
71.54500185439859,31.719347763121817
71.80228546792323,36.91338551036653
71.35904875618228,39.351924809834735
71.73741712996164,36.86378250329152
71.62373606586846,36.414399413931484
70.78555878585257,32.06572610159271
70.92596910268533,35.87686753922353
71.9760693397986,40.89627081817907
73.27049587726974,35.03414040195586
73.0123788366561,41.371132686501426
74.56056384681138,41.33792772939455
72.96419908674153,33.729570498777946
73.578409517586,35.281390425418785
75.05330078564363,36.91321038208743
76.34468693588178,31.212387772229476
77.09676252467864,41.00455929119635
74.90929056373656,41.991685598644544
74.32638851582868,42.537892505457975
73.28409419375637,35.941860236412865
73.46732360802255,42.26027344615005
74.62475963379477,35.74831172558959
74.98566149204133,35.80059653875638
74.21495538577653,33.887715259369244
71.93628940707045,34.506004108743724
74.2250992477627,39.5234883707211
74.67940432421115,35.52738085919961
72.29877249887437,36.50554928776336
70.21357430493686,29.812851228746162
70.2281130806105,35.08743369906097
69.28224161336733,31.7878394778431
69.44996541509305,35.5652877016759
68.90059166850243,36.35757963582211
69.7163903416702,31.902557127907265
70.50996676438334,38.364878274981685
70.79622854845104,35.344985082076626
67.89599053905681,30.193066679944224
69.67776874146386,34.97845161299941
70.1884023942598,39.41075317254941
72.66054313291754,35.316147172613626
71.90745381597036,33.81345774746111
72.18555261501469,32.798846829569094
72.78357768057961,38.09569150437238
73.79082947288815,35.782167119168044
75.77127653724307,42.744283125474524
76.71035577728239,38.450510370930104
79.30069424064344,37.61347762939846
79.45878403595042,41.362182861839884
77.68277403221927,38.94252637448655
77.94629706804113,37.11485872743358
77.19758769670737,40.01938060516794
77.54651705389054,35.13418317281605
77.91034049983178,39.80034318749098
77.6695198033376,39.318929533176366
76.48486395280537,42.636438183379155
77.15816446565478,35.61330080504098
77.48005796674114,38.732873991858575
76.92803533794175,38.97558645843997
78.11677447362113,34.35612138800456
79.04941839433326,39.00520628706725
80.65669250447556,38.499712678280176
80.56427404883178,42.92516163453894
78.10216926788412,39.16843752337416
77.03079441218254,36.94682054697749
76.13098181447455,33.67220692814655
76.02535352739622,36.202191596625894
74.97333867601583,33.38878340306344
73.53248621648288,36.40589788449928
74.4953091668546,36.46447111892646
74.2232146786478,38.212588841119405
74.45483516331318,38.14801757749787
76.04928229083278,41.85107910665376
76.51237906372431,38.20736027370984
77.08225112701882,41.443184943028214
76.30259942144512,35.30869251460437
77.14880871597276,37.2380443779615
77.02375169367915,41.09370664236359
76.48697551720161,43.32599529473691
77.15828444863872,40.40471081558508
76.5609330525165,37.94293314032341
77.18278817565388,39.36328186196589
77.1925566801351,35.27878417312465
76.95484947448439,41.03346570434152
77.20482623648331,36.52181197500165
77.11432597211625,40.8831411851507
77.94594985565443,42.76391772843565
78.08343543802681,35.74897724962932
78.02288007658584,38.365034439066015
77.00570572423771,39.897117246118626
76.84532977277118,35.62755416724271
76.1460899105163,34.515117823834196
75.5464046220064,36.03366944295061
74.76268848849563,39.53098642255092
74.78290799625178,38.718878731206274
77.38638522520962,42.703363176598224
78.38061962805695,36.04101221382791
80.17213882197728,38.36140631801999
79.69139935119354,39.778274581627095
80.1192129948266,40.02490161469667
81.22366714131813,41.52258163730072
82.13764890899202,38.17151355486705
80.25915861230605,41.59307674981474
80.516230842281,44.830462870923355
81.11174430859394,38.1354048500128
80.38503740136917,44.25343807359189
78.60279052424387,37.78516885427517
78.33025611836663,40.735228572862006
78.65791265341434,43.57952056411297
80.82840701224885,44.879859487227236
80.70779584256691,39.66514952926484
79.96330300019157,33.88901095343755
81.92337099026058,49.2803352075111
81.55855553323636,37.23014555530567
81.47803867380244,44.260675948908165
81.4034820953352,40.45807039060751
82.11386637404632,42.309226579520015
79.47650226830139,39.58114470579814
77.86828727819262,36.61806744251864
77.23034324750675,40.90892043028246
77.92203968501826,34.46944560722385
77.8941884032217,36.90681527686906
78.12915707671552,41.77937380186297
78.5583800341954,44.144912586360576
79.39609199189924,43.0013455766072
80.31754190602764,40.932362256629396
81.26022483421356,39.63635691726616
82.23879994052614,37.33859620939347
80.60003954960324,40.26030851992935
80.68535125551455,41.37743984947755
81.28048585743252,36.364628156507536
79.7009987607827,40.77431314784342
81.74815388476357,41.80827605671275
80.73203209085928,39.581332027927004
80.98214619577182,38.73734973863079
78.99465212851737,39.18515171507452
80.19460243261824,43.59753521995812
80.5044260804116,41.711257366875316
82.17946698064829,38.341068544594265
82.75173170719712,38.30382224289488
84.43698288757389,36.90103910227566
86.31340949460017,47.702988557130254
86.17101987633473,40.01318150112039
86.18642967979665,46.546343219834455
85.30219973571148,45.70715219846299
86.68867307559007,45.02672150887194
85.79160645288145,42.42580147416393
86.19588409630957,41.73258724118806
86.68948928486047,40.46568708879254
87.9945210682424,43.84803879459812
87.84075996801324,41.99059528076994
87.81777355763761,46.12545900180566
88.1121866477881,40.94894611115435
89.77796093460623,47.78037843470592
91.43182787455044,45.47887361018755
92.24264296553741,43.43858685993902
94.92637092176577,51.02632477055819
93.35415249813542,45.171919540790384
93.80089410560906,47.07163891089229
93.68305316942968,52.26013913007748
94.49667343653726,45.92571670445956
96.29434803909075,48.292203325851524
97.19822143174244,41.60425740929035
97.33857169933889,48.074510514117335
98.00933377850518,51.61801672153801
98.75986476113407,49.46309140181946
97.69201831272187,51.01100002977692
99.53034251426313,50.70650716585637
99.26886079332667,50.130388164897255
98.83863532620951,47.51044033902806
98.47671933384164,43.6244113334696
97.93442475979751,50.20845634701609
97.47091110369199,44.9095931891536
98.58901755060428,51.997921734723846
97.95819977663253,49.676393867578874
98.95131038554244,46.32922738874777
98.5746130846399,42.54857796800611
98.98115123796994,55.79910289177185
100.30817517638398,44.969502226475
100.35243940589672,52.10938221019835
100.28279035019835,44.2878648446967
102.17018122661442,50.24421609625166
102.30183348447646,44.60480557434238
102.88408592361068,48.710055625063845
103.06419717918664,49.353658800762545
101.77921604447275,53.07405916912323
101.46925669706506,48.43218151604135
102.15272944132971,49.782622841527505
103.18708317857427,51.386456098654854
102.87554296457972,53.04273668762696
103.6978148846196,53.240174960093114
104.42616001834183,53.170679383306684
106.00056550819123,53.12813190453313
103.03703548601732,54.337871312955166
104.4586189347322,54.174407873233264
104.96992197287624,52.6420132329308
104.46754716171934,53.44743625541217
103.72374116449862,52.27971919522238
104.10575700645498,44.346807732031735
104.01011712356032,54.74326079680794
105.31096017262236,51.87404427147784
103.19437902049602,53.076387134534926
103.26253725565148,53.81985559576608
103.4365282432714,55.85924307325885
103.16771186816705,49.37588180431317
101.21926468627137,47.07615616836389
101.05051831739078,58.07443945081948
100.58850054485056,54.6302524762215
100.1220666303571,43.500013019907676
100.88657523450792,55.19277975009466
101.15552717451615,45.95321445617211
101.53262527393852,50.294240776826804
100.86429197151048,53.00839694222276
101.28828220514579,41.8756186005306
102.85490933057784,51.94485987012408
104.18981681059594,49.61595983664964
105.54081423873153,56.16360973350178
104.17779881341598,52.88032945531762
103.463149260574,46.559325073322356
103.45336317671196,49.14546729861851
101.66495746689564,42.9399730858222
102.94014631958785,43.978184607058026
101.14648383640784,50.71469379809068
102.03071846460915,52.174790814960886
103.19766691803078,54.25593957557472
103.32224484379084,52.023046116660566
100.27063474632048,49.03268302292984
101.77021412478874,48.08772116817928
101.40718070350148,53.683432149686176
101.35726387761098,52.28128677777169
101.77350995961781,54.08296151697286
101.31284221781186,51.04762144175434
101.68031147421323,56.87371396806312
100.7649384820378,51.776491865280086
101.72179687615363,54.53199279381693
103.26911853059127,53.68676867309328
102.66874460439962,50.18495808956128
104.19785619424248,53.39464511031432
105.37233503954333,53.24004530798901
104.62766237315968,51.443126610922164
106.6187202547927,55.6752503977065
107.76859304571961,55.07130762189306
107.23726407032827,54.54823271078421
107.07470616081177,49.146230628399856
105.34900788893515,55.13977207652175
106.38999053186484,53.87986249654885
108.14212127287658,55.19389396431595
108.89487068073775,59.068583572368524
109.10240160751434,52.749988184377884
107.5638486012174,54.97092916018043
107.30913133008615,48.65714816331729
106.7990307757372,53.63226031144027
107.9311139779195,56.700855465258066
110.3467476825127,56.98657197744989
109.60981174627794,50.39260437418661
111.30749507045233,52.525915143103
111.66036588228896,55.77335689453166
112.0703282994561,59.343934023390915
113.20749098459217,59.99242310076007
113.37649844535511,50.261721161099146
113.4698022369311,57.40687550956846
112.62900465203037,55.73077199861986
112.05487996676442,56.89900201363148
112.25068080212363,57.660908531135455
112.74875157290684,57.38663058722983
114.80293468901245,56.69079902174198
113.80095839144235,60.164961423049604
114.5585587503119,55.74585146345586
114.72772385230363,62.17145351157829
114.62408709245085,55.38309683669835
113.51541945475903,58.96553889956567
113.19075675972113,55.26934303249826
113.16744539619548,55.788571904971846
114.1519746645028,58.05501772438041
113.7125216356924,57.99037019878226
115.3203719106446,62.772467093874916
115.49898718386122,53.23770375827722
116.70646871455543,62.20333093504883
116.20323950077236,54.57754827587657
115.98965355183887,59.66338886045851
114.71919612211845,55.81132197351922
113.92995969416135,55.57199539096872
113.17750047455065,55.63667224791164
113.35101695128705,54.311562457128765
113.53426121355902,56.54376209316545
112.25855918694123,55.58032895978202
111.49176446865872,56.035295116976336
111.20827067835643,53.720115451233504
112.5028368689448,56.89907132749782
110.4749142623919,54.81758922041066
109.34596831458047,55.51959055888581
109.01935770211648,51.07990144141259
107.58703069934323,56.84085010317533
109.63570673703957,58.75877828980453
109.82122470860853,54.3600447154761
109.77933267075531,58.541052997862835
111.63949844601987,54.68124766806054
112.4916878014708,58.41981753488014
111.42175782703896,52.65970003550566
110.44343329272984,56.422180143567736
110.8290832029235,56.28799737414349
111.21961062986585,52.945904562285804
110.96783942771432,61.28817986687522
111.65276872565516,58.96294477589089
111.82320578312054,60.58095367512831
110.75477821909254,57.92318612745686
110.86518844094456,49.1089687160905
110.38599439958969,54.66652571975705
110.3669182970538,58.69535654277588
108.98494722887058,50.09923499521812
110.86165630737773,55.34188805850329
111.32895110530666,55.556107814968335
109.12982937776137,54.91830927396065
109.07441434771667,54.97665080642437
110.28937721912963,53.05943029196749
110.85541600428992,50.66057093644854
110.17151358403515,56.561623649045536
109.60270429069006,54.279765878585316
110.86541176876032,57.220210529751306
112.88516502149957,59.80216829700405
111.99965351430946,56.960921193988604
111.58457148170112,53.213188120324446
111.92205366338003,52.72328997687159
111.53674090510752,51.77191258868843
111.92755816889132,59.19433004629266
111.06364464293536,59.167911101344544
110.54536839660081,54.38021073713537
110.43434864777866,61.338703098329674
110.56478159925133,58.4752734418012
112.23189952808714,53.38157496328062
112.67848748125722,58.72018495293765
112.57687556104628,56.83707547362151
114.64428315249704,55.71295119098126
112.2628534253426,50.25501330320275
112.43110627613545,54.30246698814008
110.20169956194866,53.422672401166956
109.7712681605871,59.16952934574461
110.80309781858409,60.94714270470209
111.3946522880309,55.072564153342626
112.35092547224606,57.96654224949562
113.57028324561904,61.83293366368455
114.23283859499796,49.54076633245209
113.86186785343212,62.41747341001943
114.47178800061434,57.41120403930832
114.39548378854836,56.75479756164617
113.58505075709706,57.80717503107989
112.17248726871048,59.2957305581897
112.56460665795088,58.978301654665046
111.48412379889514,55.46322927983707
110.37900556901837,55.74212801817072
110.51268961199078,58.25618330083741
110.23068292774519,56.054352060481456
111.09239437865885,59.60021198071511
110.71307881243789,55.282513272810085
110.05939554482303,54.000286217180324
110.95464817575215,56.76035767935416
111.00093807799551,53.982080643834294
110.63035717666929,53.308311387569596
113.67111491914031,53.16278242474911
113.12114585496995,50.20004540855365
113.25267576320375,57.00175281403896
111.02229514687888,53.995970680163445
111.43340507434995,54.170833634640424
110.58836943674358,62.30883943738573
110.87357278623041,51.387085213630534
109.48214396620467,54.74441857136091
108.42996031886088,52.50519048714474
108.7621443326003,56.54170124319225
109.11181001256253,51.79504109201836
109.16325792565739,54.55299480285107
108.24654999795119,52.59288938848505
108.70621602580007,53.062667709442614
107.88719367073102,49.68894105448806
108.80303239783984,52.07283248588007
109.65972723628532,52.764090732258644
110.57513105096201,53.23626180029259
110.2705415437447,54.58674971155134
110.32605601070252,49.7690871325106
108.16762366240629,55.14954951461708
108.2976867112807,53.280997510725705
107.91999905453038,55.88617804275434
108.90293356664377,57.27621240025108
109.89782061670797,48.82393302065744
110.60907463740756,59.50125734278135
110.26038785231653,59.85114968409013
111.74594255870814,59.928631470723516
111.19380658138213,52.85607437087008
112.06342175141128,56.33470937649701
114.33898618605329,58.91721099576014
112.48080264421714,54.070362864223135
113.74112980860986,60.82743349829195
113.18114422514563,62.06086853252093
112.72127597421614,56.71411736002169
112.58141275999174,52.00877767122407
112.16215924684157,56.199733274945984
113.46615324176064,54.41066500348031
115.25693590816174,58.32759976667212
113.86082219539108,62.39749711392684
113.54418577343672,55.933082938838844
114.93151920538838,62.61101171981157
114.14529128291599,59.1151281875386
112.77487305224801,58.72579450373009
111.62694789207076,52.615168270630164
111.59818430309073,54.324485265037154
111.3694764366339,54.75343942282901
111.46187343220437,56.447132682040774
109.51323233653606,52.02375566152779
108.98615423674143,57.31791627235015
109.32051474179865,51.32058314035376
109.80758258228802,57.01997664774077
110.1813855873723,57.78348579994758
109.32315152743709,54.92615836847448
110.25117306609539,54.868740108350835
110.20747503972764,58.82859090714985
110.71726939796622,56.24500915458194
109.65144474085803,54.98068164709952
110.92141000684917,55.8341034139606
111.32204599450466,50.82474293781509
110.7892982050825,59.093168516536124
110.53912968241272,57.57790845204338
109.36788545835302,54.86230307177989
109.08109229533765,57.16555467225741
109.78707815561181,55.02768562209531
110.58159435702191,58.65719949257592
110.63410070879539,55.71475901566176
108.86000861970275,55.807362927608274
110.14144015957109,49.94367370002374
110.4471695387222,57.13308996619658
111.40288692518189,56.43153230234863
112.69389402564637,55.52759706772013
112.53003324599965,57.429160354435595
113.0892681014239,58.166323044742114
112.73250005304192,61.357975696498535
111.6797751461971,57.49717543392524
112.56933846488313,50.4069203346975
111.85677202123276,58.87760684775287
112.20201259724988,49.79771744322393
113.09183568330221,57.312519083638186
114.40916344589648,56.25817555439473
114.29092275478429,58.31224873471456
113.95588678531132,55.72198481079916
115.00795823961866,57.95638799217817
114.69312324670418,64.68451124489906
115.80660584866365,64.55816922282457
115.60746979465083,58.44016591606412
115.17195084422576,57.62292224326518
116.33787617367678,58.90527056103487
114.87616786989376,58.86755080860334
114.49791716165124,58.584226769990906
112.18980887740472,55.902837530367975
112.04912163599387,57.57807902167232
112.65362347232018,58.92328380951358
112.74380328490929,59.45303599036346
113.56956978487797,61.84413696420927
113.73983218237845,54.43427146319189
113.51050690545131,54.335954786444915
113.78049834567123,57.19611357667354
112.65633615354791,56.25813158263394
110.59110185108183,52.286053831789616
109.04242027024411,56.328117023826834
109.57462367212416,58.19584985589598
110.71437909628399,56.72295457101876
110.18241531823956,59.27305752548283
109.1408931437443,60.255184476572566
109.14112437190127,50.90359966032007
108.94595161164321,57.382099128483674
108.26974462265053,56.61326281896375
107.17187828661957,53.32855238457005
109.61525673844514,60.370592355082515
111.01919707997911,54.64472694505805
111.08094734694946,50.663366845739404
113.06319390290312,56.16458897428714
113.98379068722059,66.69813375397857
114.07441559991882,60.414674663535585
114.52806264572284,55.151685005677734
113.90430762103507,58.97645905727758
115.68340836593543,60.52463834950387
114.84100099415866,58.09044135330354
113.30690877123756,57.011133040923916
112.67445267646717,52.87560439089097
112.63796813716897,54.8806290655455
111.79476522613724,56.5433079362013
113.12859469576959,57.03651057248435
112.4700397284724,55.161197491047396
114.04427821226334,56.36962385933795
114.76534924971736,53.93295090256613
112.31854915627089,51.38640276613199
114.05202551755379,52.618801889942105
114.37751448510765,57.526113545301264
113.71622598257336,59.43500641855932
114.16075079158023,53.940653568413495
113.41714496796634,56.11830264763467
113.97479653090078,56.34883606949009
114.45710675125015,60.255469716961045
112.5951775780374,61.155361511812096
111.82080361640216,57.2287391946817
112.86944867101528,59.4134571906381
113.91860973381561,57.48020420859409
117.02727590546868,59.653306140769246
116.3143516161928,59.49571017264695
117.10712586470576,61.91770817257216
116.81253963264756,60.764048011344265
116.71135849308895,57.33800165818735
116.11102087366804,61.092107579854456
116.06146578307586,56.81073432837442
116.45684915519004,53.78892389891869
117.78219316278106,53.84797568444447
118.29406579963405,63.42565158391011
117.67303109026695,57.82035808315279
117.16348705629154,54.9467537714244
117.22521750780601,60.48378778141665
117.4036559539335,58.864992063485545
116.16955020532095,60.283187461378354
115.3167188607794,57.209049062393774
116.87060436436738,62.045141462034685
116.39161145590317,55.82220139387154
115.72447563924885,54.21242795182788
115.6581869929155,57.91634452265603
115.35700272939015,59.149106360200555
116.75259774820745,61.11087259798919
118.20256132741441,55.74113102458467
118.3441902601127,59.27684994166009
118.88567039430554,56.654685542610764
119.85568083590474,62.23777725881661
119.46554976740654,59.134283513407276
119.67825272543682,61.4734403912969
118.76186070250593,59.99298586543894
119.49201063641782,62.38014401694376
119.60122066797385,61.32400093527183
118.52684573687696,56.41446967993198
118.30769535232957,64.6050672877581
117.97264179162772,54.928626501809596
117.1213105076552,55.70308241800496
117.850171720234,56.736298440650465
118.21132259571232,54.173610950254506
117.79787200332038,57.73831854332888
118.25345205778572,58.971641586696826
114.94707413664122,56.180387301840014
115.21919969965988,54.43447123648618
115.48914851397174,52.28920018819597
115.5683993027274,56.617595874669675
114.5742903961433,54.94235257260497
115.21694431033812,62.36344739240078
114.79323406231472,59.44079584636051
115.33370282804547,56.70138480449584
114.04175620436773,57.14394368010752
114.62624276068549,51.05394326064014
115.40023812956858,54.08225825530589
113.2070217750781,55.25199258868963
113.47466566872092,55.10430526102368
113.199672156652,57.340716422230045
113.43716497510454,57.84496311809468
112.58226290658224,53.708212991430614
113.6029137395998,56.8383101291464
113.71699624939438,52.66646252873711
114.59359820927469,56.73611726584939
113.89526440472433,59.045208695940744
112.07650271110272,56.57101281703843
111.40616265688178,49.498383896280956
112.26815933117996,53.940491111501906
111.73960361758546,54.93346129860363
111.19639636520675,59.54393485282792
111.73037971301774,55.20413913670194
111.8012226105547,59.749723771068425
111.9717310083364,58.342755000228195
111.86819669311663,52.022325549844936
110.99492045972423,53.691369046394435
110.60858872863362,54.47489672379246
109.49310400684217,55.643153050193
109.02295061502177,57.5417196390492
108.85085335091617,53.237977213907556
108.8452360843023,58.64863460229782
109.33251277389124,51.650932912905624
108.51982803738834,56.9841960673264
107.10821861969848,55.666149355381066
105.74388426812827,48.77540075333883
104.69505947679431,54.51089447957812
105.2734492305567,57.08997025689842
103.48166451750333,52.01205389421298
102.08973794747675,54.48976665503006
101.80712849702756,54.19639781993286
101.61092778250602,48.39564667097013
100.43494326710783,57.14024260221001
100.46231505676222,47.74405963394567
100.07675628949889,53.91313080302253
99.97862530100909,47.49887761431872
98.90465959137082,48.08461475832705
98.99576900635535,50.46937693032743
98.44479590976255,46.91772831491647
98.76068631961633,54.13057795951721
97.88029864097415,52.49657982506106
97.78785912639485,48.46616485225842
98.28372074798529,51.9691317676176
95.85120256814241,48.94359783065153
95.00808474851307,47.601477499929956
94.84197994204239,46.963816084885586
96.01481258320595,47.772247984495294
96.02962447061512,50.06461294232202
97.24205237564112,50.2962796275565
96.69810053885871,46.20533305564028
95.66984260925447,52.569591260852505
95.32012993626046,44.20388241905009
95.62928562716377,46.35607474192715
96.2693972653493,47.21585389031531
96.96360925297817,43.548970362019915
96.18403364324028,42.71752906943098
96.82277739442593,56.51587544711785
97.1152052652722,54.68185732788526
96.24870563337936,52.23540287180191
96.84621087977355,48.411581298332145
97.60815067768714,48.61126877290353
96.40172917118818,48.915627534433455
96.40910246689306,46.008875481450964
96.04238877502524,44.31068123088123
92.73807733183945,45.40672525429877
93.01937004872664,47.5523818250076
91.4034592774271,45.24853036715631
91.25962742142266,43.880539491086026
89.88637762432319,44.95862236570788
89.00309991950947,46.64555247175475
88.78888197749912,45.45040546316179
88.59833033930566,42.419600674871276
88.41780778002145,45.13058700293877
88.44962820193632,38.17629219784836
87.86930034579075,48.52634324956821
87.39161889911966,43.55306044651651
87.608292059123,42.3863905749866
88.57006441647947,42.759544209371136
88.42738860600079,46.72447549529783
88.2077096565024,44.2224420943764
88.27950885226437,45.71997845923261
88.60593128393361,48.0612083586114
87.57603580934085,43.20324088900829
88.60320675720826,43.02666865348335
87.97179464344134,44.797532681766654
86.64125394111156,43.94828189963011
88.43340715036506,45.131605917352346
90.06702230004721,50.65627990675935
89.01515416580604,46.10680135368356
88.52328750696867,46.641944915714696
88.5644396984029,40.02067457340725
90.13196165962243,43.88170587324116
92.3054396104596,45.70252563598377
92.40423318804308,51.103904144262486
93.21681336870236,41.687593953786326
94.32038954164234,49.950265265186545
94.97240896828127,52.08983154173411
93.98643183489533,46.757919024049
93.9613786302016,41.47193147964886
93.41689650747914,51.045969636475654
93.79823617167214,47.46023685877697
94.35902192078653,42.430417359186045
93.64404561572297,50.40654127222124
93.61945665998746,41.747824335471165
93.22131474000159,46.95779115834876
93.1164962351619,50.605325907472064
94.77621474857065,49.389199863223396
94.19475041859678,49.46972024370454
95.14432947135582,39.64282676317379
94.044833174011,50.689432716924884
93.06020502035766,46.687957152153174
94.14839249057752,49.45878076514916
94.43176568096048,48.234775140182194
94.53750409973456,53.62976936115717
93.78853941886362,53.160965789197014
94.0092423967521,44.186371737053726
92.47486385100204,43.019584634979886
91.19836531425256,43.39736654822793
92.28587590259086,49.167125462959014
92.5922220032983,47.19854339278821
92.46442098240821,46.948601131857856
92.19047536130867,48.33001287429586
94.00874471997976,48.37106354116837
93.39551477385328,46.56973111334901
93.85551633518149,47.84693205918559
95.10495364886889,52.68270640945711
97.02734890663874,49.42314072164396
98.81040195004401,49.12188369006244
97.95610172151687,46.78299076720848
98.76023302221783,46.61767100280468
99.77529251759027,46.80653668076988
100.14155583042161,55.56228492722666
100.29975622723096,54.280137919556324
99.52877801018025,50.376592098013575
100.71209831677469,54.77833055730838
100.6404661871162,47.185099223777485
99.80748871945565,46.06240093956272
99.1743412562328,53.24136795341711
98.78578335419911,57.666091102741746
98.46546588185434,46.354533491504206
100.06626922158439,50.228692747628244
99.59233510803612,47.250667548928064
98.62004900423048,49.62053733732321
99.23934038859827,57.818454474640575
99.38439408694485,54.03990765083855
98.80167244620806,46.403307354338764
97.26766512004089,46.866050730088084
95.87715318030708,49.783514750294856
95.9119430914469,47.57108145208619
96.72042968035278,48.35520004279204
97.97690423751494,49.206756066026195
95.98699680955193,45.293787488367805
95.10709052110448,49.99399792463269
94.64980205392591,44.59964128193999
94.71558081274543,49.990293447172434
94.01305567550557,49.38701270540731
94.67262023460297,47.73557314873775
95.76787350577287,47.08319994811533
96.73516227732489,46.10026614181286
95.74829584861222,43.941305894970384
97.24265053509234,47.36272560044716
95.68202692154568,48.414447662825005
94.5737716505289,44.889813489101826
96.4280913794687,48.323854328163215
95.83978526629319,51.45164125187567
95.40269079184954,48.15562008137217
95.17181508384931,49.928903297452266
94.44487990663845,53.73347351515521
96.83085797746732,48.6595652293161
96.45304723402015,50.40265569336092
97.48151687193702,52.812746248634824
97.97592154188582,49.0783269137411
97.78262598916272,55.440531857705736
99.0756766498058,46.70321759223816
99.34239896132297,46.3969894239015
98.22245835499797,48.951361791919766
99.68439972226152,46.15519649427995
98.08337768072138,50.85821803613015
98.61974561400717,54.636412616473415
98.94390222495407,51.29837319646924
99.24595636642879,49.770157652519686
98.58548329869868,50.758933231301725
98.05023419297802,46.23842778866632
97.91451170027561,49.87360781819138
97.19420732413597,52.96366587829354
96.37015698572236,49.30883517852441
97.14244801729748,46.855763127044405
98.456873544785,50.98707013083006
97.5607513432759,51.13888098987702
99.76207164934183,50.10843376709258
100.04231398811419,52.411388829926196
101.37032128124913,53.02691291788869
99.54253443327451,51.056786703950465
99.45946350096223,53.85954793050922
98.88124360057701,48.36292662633607
98.31855923423183,47.924690329743385
97.49677675928382,47.492075757931694
97.08893103553926,51.36934529130446
96.68174031269338,48.03036243957842
98.08916162449833,45.1411129796063
98.18044803630724,48.78374762010477
98.30151587059497,49.64044790332485
99.04129115621288,46.81612999142899
99.59942022734653,51.829031531585855
100.9355539030512,56.64597376667652
101.10012911238096,50.066247634831576
100.1732630942778,48.70003782240232
99.77219344925301,50.11243073901023
100.95463702483171,57.150854172544506
101.803900882878,54.57307598398009
102.20076585046628,50.12828415417489
101.8511054347818,55.366978747154384
99.87315141774715,51.74520815593036
101.38916075255183,53.08840308459532
101.76146700170737,53.2636979711974
100.59889413922403,52.02421998209485
99.18321235656974,49.68228411701647
97.54556871451396,54.42753228956175
97.1438868326137,53.279254148863615
98.40679810449838,48.08228631796914
97.50701646791128,45.40752932338082
98.73287068637393,45.15042894843278
98.26513297997468,49.933053549302485
98.5770788286349,49.22702562531073
98.32448256165495,49.675188817222846
99.27313089656815,47.32833304509806
98.66928098200408,51.481270043586
99.30747479207098,53.90417671875096
100.13579850459624,46.232324756516974
100.41801498764139,49.399293931925676
101.19124749363705,48.5368725193662
101.34437595657259,50.77918992568075
100.49913149569855,50.43857897803606
98.44953737122492,52.56802436735362
98.40528672835141,48.41697341450799
98.54385464771029,50.33393406897801
100.79013499379337,48.70231989985146
101.62655906278238,53.20463460389212
100.02494666400452,50.391362082523585
101.4059037608353,46.676075240993136
100.99615406200711,55.83752268141542
101.20896264574672,54.108097278699795
101.2781965839419,50.13365761558449
101.2209869601508,49.98547352647965
101.34255534976886,51.419050743008704
100.22953752066104,49.66975394606733
100.47724621889323,52.27402457470671
101.78944529708636,49.29194752496752
100.12693969299207,51.13977953837954
98.43029964531479,44.582314097195514
98.81313812879463,51.40034278595739
98.79369560041981,52.48621454488636
99.13170929756056,43.322422710000914
101.5191208004255,43.73657661009617
101.18662543728804,52.3281842414922
99.75947781091901,49.76412181000501
97.88406373603529,41.264334559737094
98.60855248781083,49.42153352662785
96.68918445300243,50.234793871154
96.6800681533725,50.24704707843398
97.81414124052797,48.12104808331732
96.42306886484175,50.04256182932758
97.34341862551551,49.56753011493711
97.88004492852163,47.83589623842666
99.12712628859951,50.8168394173628
100.72844224632775,54.727260536721076
100.28846090442632,48.804894208437084
98.88323965343803,46.379952144211714
100.01202782872905,50.297692444417486
100.02261278957185,49.26235619939421
99.2332431944159,48.148234483720636
99.02610374749663,49.149039927780414
99.86328340633338,52.928475567551054
99.4985024375033,55.12579034274471
100.28433052330222,47.51712708001628
102.31639178746215,50.32724191500116
102.42487802323747,55.51263689595112
102.11541845107226,51.113770323181924
102.27020503963979,49.50073167603605
98.9136026873451,51.05401757029968
100.85189630430226,46.084918185838454
101.0221850766846,53.97135917561675
102.46812502763764,48.66665795161404
102.57533875112945,55.03481223914847
101.47202406587722,49.27167907704709
100.97552557586774,44.12615271931314
101.99574682882655,54.56261809286267
102.0369623114862,50.74183695549002
101.71003306838193,58.90126486974814
102.45724518087563,51.33617797276976
101.92661893855633,48.89312332543595
102.4337677994457,53.21030289635434
101.89123188563327,53.246153322025556
104.52129571795517,48.622705425836614
103.4389638152241,52.30088917635856
102.68693410472922,47.00231207394227
103.10040037030377,50.93901704026447
102.79454222668087,53.28970350817293
102.64939157717009,45.97468832886779
103.18928509146818,52.078649747917765
102.2828819276376,52.39957966327388
102.45954259506914,52.583709749595286
104.79600464410409,53.076798603483
104.60618084551004,49.12693661792791
103.4736853618312,55.75653979525976
103.30251695850245,51.5686467007512
101.31394303915019,48.479135443466745
101.88011317082953,50.71249590008078
100.85500822020231,46.9384334538152
99.23498522281433,53.75838705254894
96.88027106024025,48.40618935547536
97.1027429036606,47.313255699765335
96.80615619290771,44.26078866366943
96.31093742441475,47.31099231413342
97.58348396855031,49.545151108973705
97.1401316722883,49.00817843615829
99.8151267476808,53.07219145226841
99.32182773395402,52.42255166002293
99.2414364575577,47.729152155733296
99.34842057913089,52.09076318278968
99.70453093046882,50.38554302687641
99.58539251632915,51.48545705505666
99.37247308481814,50.66235021572372
99.00628729555118,47.079464435792076
99.69072538759212,50.79001203386796
99.66576363458837,53.787996648009106
99.77132372392396,49.77804744280087
98.85614780297138,48.402801568528766
98.33513999721187,51.082643670087
98.56058999272159,49.3800683537544
98.61269684656402,45.77698410828498
99.56066027178487,50.6250548810442
101.83216972568839,55.0542452588121
100.26160296332434,53.09742684372977
100.79071652805446,53.828821550341374
99.86213084321562,53.53843779761477
99.21243289840977,54.35605113379945
99.6500569380993,51.735726747099726
99.33917470410883,52.297283392337434
99.5432766224857,52.09547553191835
99.56411517370437,50.07648383934826
98.34518013819105,53.048402002319655
97.92187128210826,46.694553121733634
96.24734521415067,44.64910512830306
95.72591291470766,41.66639341924993
96.72570631622354,46.961351448404066
97.20852401996848,52.804903800238456
95.11554337139141,54.252058519661205
95.42809220823833,46.29155933105481
94.57684047774053,48.24196270969268
95.40637785011342,52.481061271850194
93.66184933384206,44.867955110115936
92.34798858448426,43.57466223236182
93.11857100781556,46.90121256849286
93.63821343333014,47.65390455625961
93.38556906781567,52.158960762116315
94.7820631994694,48.08381051003659
95.10329399939444,47.701080022010686
94.97335824946933,44.62818113137344
95.65831469235444,46.916583008390916
97.12724852282001,46.803784387189
98.49331664266106,44.18975634268033
97.83259360469057,46.26579955202725
98.85612974824416,49.58017228611513
99.46093750011103,46.98576924548997
99.81604523562984,54.60946309808936
98.9549832456252,52.772199322054796
100.7764155033127,52.66683458379606
99.74252497473455,51.83376479506772
99.75783690245781,47.8221310942383
101.10589063168094,49.62303817574609
103.39134956755932,53.25659807941115
100.76335152291833,45.205325414914554
102.18316437607501,52.447302467167155
102.9920250627027,53.12912584430752
103.08926917611602,54.02574598749414
103.89026132815626,45.764969019252085
102.87322527784964,52.185275756714326
102.3491781691723,52.14907309540154
102.30267774547636,54.31439648017095
102.63359749174006,49.97940096855808
103.21338022260161,51.9072217163915
103.6044886155427,54.606855392553065
104.57449659544974,51.72577893292509
104.85440988536271,54.465881116582274
106.5184015780712,59.17843685120301
106.85411817180639,57.24521799332772
108.44611800128685,55.81872362384387
108.85561486433326,57.168260044241855
109.75690671607073,53.168781248145336
109.42893967415729,53.87266025464029
109.02024839695346,53.305240728215516
108.97734579309756,54.59342117317381
109.45948384813083,51.64575502438882
111.07876820976239,54.435430772236344
109.46243989397557,52.42519852874394
112.16538823567753,51.06746600652445
111.7443952498516,63.03755549467163
111.43897207303434,55.81147781321765
112.32726712095932,62.41119221887359
112.8397901682037,61.01389131792397
114.63860023261229,60.808191839187174
114.29548033438736,59.15554404786037
116.11716447403353,61.22722553365774
115.80072491602454,57.3407994805563
116.33877937059731,55.26598791537237
114.33811602014872,60.668912999702926
116.01617518787248,55.76062551627505
115.65270383780643,60.51100085503916
117.40555063370503,55.361314899647226
117.66648391840198,59.589068620782925
118.18892300161637,59.50059515348196
118.49884866133002,56.306958234810246
117.17080751241791,60.30767742769845
117.07933399713161,59.147687951581986
115.71696696083379,57.417431602110035
115.16245739383297,61.12662485961825
115.36298983454903,55.497942301201526
114.71858905078535,56.748658684966905
114.38070322537797,50.836326743991144
115.71120028925846,57.106621716775024
115.76039717628721,55.11171172213525
115.94265136791049,57.310672886068105
116.8741147653448,58.787299128707005
116.17102806391173,55.872339677156894
116.6752973579396,57.2127992767689
116.42548877197568,56.49679787855417
116.0023293330014,51.686256568995965
115.21235785912673,58.45194898670142
113.46725768682276,56.23459370691717
113.62887426801214,58.359676003370765
114.1755712227265,59.21231591912474
113.353401994034,56.00052727467705
112.34768889579406,57.68821114993534
110.82551578643171,59.73363888722912
113.0245934173049,51.6236052571555
112.93934878350196,58.21720891846936
112.2125185986571,57.24617640812233
110.7111057556778,58.44581620836962
111.93923995733789,54.00690886997847
111.90451667947166,57.92448881922618
111.59656353224679,53.914363706688434
111.02972395344412,57.60290000061247
110.7576632048963,56.21656589456895
109.8666079790714,54.89993462802081
109.36298849033827,51.47512987327173
111.17108730000328,59.10540974759795
110.23382805939796,55.8148271781989
110.73137560283627,57.28891408063844
111.0726660294625,55.20595175963206
111.25052328932712,53.93531173847348
113.18094689526093,56.8375793693008
114.75728498626525,56.16378243299006
115.74847482262172,63.69387348348738
116.42550898902158,62.4827752613167
116.58743699985335,57.66312466837539
117.019489101843,55.84572592310087
117.70639133061536,55.66940422614588
117.9142853575508,55.25505219024246
116.61838806434916,59.464562260901886
115.29237639213768,56.60364262509796
116.91681138061334,53.84905334428847
117.37017100165467,58.36075464388005
117.75368120972853,58.70415374843061
117.9706079670742,53.89877016289397
118.98501371729812,55.71365513432927
120.40439157257761,59.43757604986498
119.14138973075455,59.324167480240575
119.72526944943793,60.69536653194713
122.3642988981425,67.81461648143414
123.46100816446408,64.34445908637124
123.99486335475576,61.405711376383834
124.79480079089726,63.669328680608324
123.71442655115054,61.27563334092624
122.32302982323046,57.82480423440379
121.70131147984726,65.9055005230125
120.62056437041893,60.99532409526102
121.42772551810707,62.37865063151511
122.6153851365838,61.05219482026523
122.84174713773892,59.962016222760916
123.68193583684901,63.51074712189343
124.60593791855597,60.69711670488845
123.36448527861693,62.73285049321791
124.46471491036756,66.91799373485688
126.37938374169607,63.15910076621395
126.43977947376192,72.21731660050858
127.41742980045605,64.09535065425251
127.30361202733471,63.26593346656484
127.42798204247363,62.64954819860656
125.89320165809535,63.90385936152102
123.81583240683393,62.87689761310413
121.93566603545636,59.30452236992003
122.76504708799435,62.70980514995466
123.53821908888492,55.904230039335204
124.05355406149772,60.96192397934481
124.06517855466635,68.41746427273608
122.38278521143484,61.56752458241101
121.82711455142797,58.83854019179281
121.95306687094076,60.22068563990687
121.04883541651168,61.58076225122673
120.3404561360668,59.83574223704261
121.99202736782479,61.63544872062582
122.47910636423971,61.89120453793437
123.47516449802119,61.224083404894216
121.96475465033072,59.8433782705471
121.87378645597028,60.807688503029866
118.27410144440567,60.11712996654132
119.32071580673639,59.84372838429112
118.82047015700473,59.63209386792582
116.29942301171718,59.216108510725924
113.96797560890688,57.161487904733704
113.70019212509577,50.05008678144281
113.83505903780286,55.238407394277814
114.90630889569645,59.06084477940132
113.4445246786933,60.60519452242803
116.00872004807252,57.42889361297942
116.00942439482516,56.56751515133197
116.99425124407594,61.363348207164826
116.36052317254365,54.391230998188206
116.77249288612101,57.25578972534794
116.28326351083604,57.73565777441498
118.42228725431482,56.71522029438391
118.40593449893078,59.402645979972974
116.08268429329082,57.09611436128398
116.3863447000138,55.61360261126245
118.4427975325724,54.697407286403724
118.16287200483141,59.70983798098255
118.07830440805647,58.02770417441159
118.72030180066616,56.374354494243505
120.8435605154259,59.21182952147991
120.79352496460801,56.893724790426276
120.53873142634428,57.83714725554041
121.12867310433026,66.63255758166433
120.16248738207187,57.92490925639849
120.23314891273304,63.67051731105243
121.63534366407698,60.219487811241095
122.26297909125722,65.79484867450273
123.50763423133564,60.173331062216405
123.87099296444627,64.79873121298104
122.15486769425074,56.40616644081858
123.04749527139593,61.7869275028284
124.52592708413702,54.70913726723419
124.38379649072509,61.64857472166264
124.04101602073074,59.11162758719678
125.42537380151093,67.29655604384482
125.40275301861955,62.626912974568064
123.66942192707235,62.025455552744674
123.61136584277634,59.882552354846084
125.50448541497508,60.58729532056323
126.71981889677542,59.17398904752095
125.14746864486276,62.128039910248496
123.05489689249566,62.8982379666208
124.50877888208218,63.883901639044794
124.70412053220927,57.87735651298968
124.09608978279302,63.826852470990445
123.47234322166499,59.27571532142098
123.91714975418057,58.501930169481454
124.1820539774485,64.13940313111102
123.37203000459944,64.65457914336173
123.51982884246071,56.380116280672006
125.74837163586831,66.0798605076696
125.2362408466155,61.872208961073824
126.53317801042326,60.70271432348189
126.52561945244366,65.33055728044799
126.11147701469058,61.82092303059687
126.92592186894248,59.37111964980586
128.60196208659954,65.47652120256012
128.94692095173536,68.01256183522237
127.58949359786213,67.6331965973372
129.84538087536495,64.23633087349671
130.51637411218792,65.00051414067168
129.8144973455478,65.60905956274793
128.99344319377738,63.4423974023037
127.8300275481667,73.3050453318079
128.4473675523768,61.985437901379214
128.88697160893508,63.25955488322144
128.42350800685864,65.76442547049176
129.06028013687273,63.58453698416232
128.72189475285774,66.17411479121056
129.09755420069644,66.68194554022665
130.18342634020004,65.10148068463772
128.67941881677697,65.7132922388224
129.16587155335785,68.70865066241828
130.42046481227595,69.71154051004751
131.10904195406323,64.93243055161903
132.2177456074784,63.03955302413626
132.5147611289148,67.22529385099102
133.44163916369746,64.79486218708526
133.28916241256948,70.75186230483193
132.18479525255805,64.10770634044019
131.2432315226043,64.56692322978279
130.00246368423387,65.51503431850335
130.82873686037007,69.64993646270892
130.99699349177715,65.22240232721774
130.0422601460372,63.20073087474864
129.0440596380726,65.02426075315776
128.76644923980203,62.60609502511149
128.0794233854855,64.93278160319339
127.62218584358452,58.83004548228288
126.11212095845143,62.78613412823994
124.82622678639497,61.705908814035936
124.81360792254641,67.75788761945445
124.0138068506789,62.163092478725915
122.64220037291815,65.79288003066202
122.7497040513321,60.05164695049732
123.0711562519334,57.36254836829761
123.14616685485636,52.91194155917329
122.96338781265173,62.24095067929917
121.73269268294044,63.45462398704674
120.27786347640136,62.87839906791719
120.39093776889113,58.541429258162836
120.9443010107687,63.10482947603161
120.59277688174218,61.63037565864986
119.59791885011788,64.19540504820976
119.68854265535226,56.90124408013217
120.19376058574886,62.30113364950878
120.77170764414461,58.8068329859348
122.26724463019441,59.175302399463604
121.19866537175741,64.12637276487263
119.73095058506988,60.282619540571524
120.39188064560166,60.06950009450029
119.94792879960907,52.91242743477855
120.25217870541664,58.79817432373351
120.21488102060502,60.495724585276776
119.07712793748718,58.33311449035856
119.05749009405939,61.722835393323045
118.49112528145209,54.43606896496155
119.47680801153588,61.256154275296
119.74930252134772,61.62851948095416
119.35860454699416,58.841065250182055
119.45403267144992,57.92487082361295
118.99353480517688,61.905358744400935
120.27211703412172,61.181057148077905
119.19703233605182,58.6758408273233
119.83502648616123,61.31824521262873
119.51231163556535,56.88374250190498
118.85131009700795,58.07587239458719
116.75625387698514,60.644003357130856
116.7583681554446,55.96486894061224
118.05745504872918,61.4747791559612
120.54404084202733,65.75419820991232
121.72001775262126,56.62758892995572
122.62160050868506,62.319679726904695
121.2423740725058,66.07720819423994
120.7410635270007,66.88066219439348
121.70737841467896,58.58967272070205
121.47222969973804,63.20214533020956
121.15305527855416,60.274285554198755
120.53647757796493,60.23163153252025
119.68439198909586,58.93391852466018
119.26436816045012,60.85117832004044
118.82589731826005,57.24148602265663
117.79344907167787,50.93276079720411
118.7971139422713,53.993380105858535
117.94749177122924,60.98439972246368
118.35885661938298,60.02658638657798
117.55094633550432,60.181178778939795
118.14569912608904,61.24329888193363
117.95426448625538,56.95104221857776
117.56014478830585,63.88702863871967
118.59737171726451,56.39382418419645
119.33623460708611,63.38963027622887
120.57995248021652,63.457993247658614
119.71709386032909,61.660397485853444
118.0263230100742,55.48293376645162
117.71851472084789,57.91281926861623
116.75963313928325,58.542913168846184
118.00815406595507,60.866800187839694
118.52173251067502,57.18370950221837
119.70321297743571,58.503744946127696
119.20233142391949,59.80310582679523
120.25043373180416,68.01922040986004
120.01225661068202,58.716458075652014
118.63577466957277,59.8473767794997
117.59666788032968,56.27698136372897
117.9204568145495,60.33600032502233
115.96937940463049,56.50454890224382
118.49126216267426,56.55051927328616
118.92923835638884,59.97986744800564
117.13752090348359,55.713794574585634
117.7668018421671,56.04469319150534
118.5296848338504,63.56800766840249
117.84102210218062,58.22854656781438
116.12358313775383,60.34254299227102
116.46442733129005,62.01679550440957
117.7237715113995,62.48024897359707
117.34005013327014,49.18377985821599
116.12491589785004,58.64668708665606
116.21543722150048,55.68154016488295
118.50789356593296,55.96226937355145
118.77204622857093,58.88959783955444
117.52671870568821,57.66273091807834
117.87326727663859,63.49930645939586
117.9330838132612,59.191469908969715
118.45820884701979,55.314076153094405
117.15878663464568,56.2658823763109
117.88105153273506,60.254392300505025
120.00089959927855,64.40903705110114
120.20334183871638,57.35778650002972
119.20263429331972,57.00005805195993
116.1731759491457,59.58293576264239
115.33868028134712,59.82314799561249
116.94290127171168,60.228040099415495
117.3563403274537,59.13216221578284
117.05214888793353,60.98746715381609
116.76583216264247,56.85301866344227
115.74100849531044,60.00129143003418
116.76971201281813,55.343977170186236
118.71800667085436,63.71579583081887
118.10268232072983,61.31815945558291
116.93452499090967,61.23904114434719
116.94429694014032,57.71498126589347
117.03622387638377,61.77180750014646
116.91077723146317,56.4180710696425
116.64085473900447,56.603657505786266
115.21713325238271,58.08670765628962
116.70857195760688,58.244020864144346
117.61364719374194,61.843069431869175
117.8941687519096,59.680743694859466
119.57150585791778,62.69809062463488
121.69573956138737,62.00871503297638
121.46705411519739,60.931187508380106
121.87504050353813,61.74308123609169
122.626824500527,59.63190269575815
122.46175473133233,63.268605326525694
123.90097032512814,61.37521820065929
123.48194935005436,58.73313942415258
122.91711546456872,63.171002978385154
124.05296368913282,63.09128055457833
122.36417148776974,64.19174585965021
122.38666657096107,60.66436737326461
123.44661484803895,56.250981632999626
121.78319861946625,62.69298280819297
120.53601867080846,54.504735338425355
120.56687764550833,63.26099951650514
120.47304303741505,57.16818806550307
120.20438548124886,56.62987716087441
120.51287254264028,62.567861149812245
119.68358574859879,63.923258062998606
121.70279637438836,61.520257164350255
119.87005148029225,58.2271856261849
118.9968129891492,59.847481008243676
119.05050130358227,61.39770188978781
117.40344807704852,66.16966963639635
117.50355007188017,55.669646415526024
117.30875614371583,58.55569872342955
116.97766842322879,59.09914036111096
115.67381187564918,56.79288351866222
115.1133730585914,59.33022857344769
114.51518625892454,62.2474234851447
114.34147807508195,56.17440079503077
113.81088386349789,57.24501733771793
113.83535474726224,57.14858217871909
114.61452239184166,59.716993886033144
114.47326620495465,52.7780803016091
114.37000631771379,53.580323282210045
114.1274943868394,59.191157420612996
115.19458437070418,58.81743589743846
114.63234087825496,57.871890894655294
115.48032229625134,60.01578868609434
115.1871393465787,61.18988689767073
115.41648638919783,58.37935599578125
116.1944056928562,55.258436176517
116.4271980807101,56.21388279383706
117.15786202447767,61.722324500541475
118.74288677991193,59.01867532318624
118.8827805139541,59.669679343929594
118.93387135035098,58.49822736077707
118.40100009189094,59.00059259600613
116.8357763994199,56.48471347455171
116.7881797115406,54.673239310745686
115.58481312055697,56.174733707022526
115.51652878675516,61.646534069201984
115.84609399984721,53.538835370892414
117.08475841699776,61.29548064017657
116.77456450603614,61.83219104150278
115.66290672954723,57.631354808736546
117.22363473220449,63.62633181078562
117.50223059143124,53.787510067965755
118.36180949458321,60.57327687768774
118.64603460094224,61.897028184425324
119.45183557794385,56.9018827217177
120.77311234677819,58.54535761817703
121.77812444245862,61.140486030892816
123.40795170241566,69.08498062090571
123.47746611795971,65.80496795338203
124.27247301706066,60.35981157374257
125.06484787884551,67.13894807450231
125.76358767124381,61.05467824885906
124.64861000402557,61.05971448663761
126.58507679205886,59.11091067197802
127.85616219823324,63.861678632926335
126.46810273745422,61.03303402769562
126.53844239908443,67.91366463078641
126.93063936149389,67.14582555168901
128.16997482480897,70.82340837253741
127.75944167172025,65.00267492479605
128.79186558475303,62.51382008072953
128.84296027111012,63.88036049740865
128.30207242666032,61.7293629194575
127.82349403733525,62.25423099308489
127.69376344338926,60.264702462400486
126.83974270757066,64.18842457129306
126.61889057321595,61.30312268745915
126.3295003050338,57.61432168906569
125.94342392332995,63.72037587534027
125.81217830746218,64.33249913137271
126.03603989765072,58.12711409313193
125.50708144968857,64.68736127995862
125.46114486845885,67.94261262361248
126.266727530623,60.83351109274724
125.6631213004311,62.261579444031696
125.83409183198766,58.022079270921445
126.99458277698074,68.4873631771755
128.16725008050366,64.11420031716733
128.4711575988295,64.95989428055367
128.9032210163167,70.69544767491226
128.0347370094128,65.25486305436796
127.79227002299763,64.31307444683937
128.2941114485294,61.985586012456714
127.64215597039232,59.44474892098665
126.09541039998457,68.80622606553402
127.58243611912918,66.45438973012502
127.57664632882947,65.39232466968886
127.17606989026517,58.70242772528426
128.2789523321582,65.65947648464854
128.26440873775485,63.54454393225488
127.5016628006057,56.12778434518772
128.04303843924447,63.62005579639359
128.4323329145318,61.73504474567485
126.15781330037889,61.44705131173234
128.96125835836108,65.80372000563018
129.03760700555816,63.205936775831304
128.21644990970114,68.3990036832473
128.32127494933795,66.80534864900434
128.06360610246028,63.440695527747984
126.63406360033483,59.8826417871413
128.16754562973819,65.52301656680982
127.94019591069998,63.381862514396886
127.66484146543308,65.06996139814753
128.65754770279838,67.83304112856922
127.71436287528202,64.54712918610834
130.4765650651898,68.41579229516186
130.4030341913771,67.43035768492412
129.81413307580223,64.28477490730735
129.75204348611322,65.8502647700119
129.28895414823597,65.44271630401302
129.23639372248036,59.849035929142
130.99698262399275,67.57062086623978
130.31758077541696,65.17204639525531
132.70526101166746,62.8148207200348
133.70142482065611,68.48943987317206
133.9766628215237,68.0587781974168
133.6212268428668,65.35191501822234
133.62301678242247,69.98180485807659
133.98046532141097,67.206210498001
134.22803491789045,72.19166281087584
133.6024130871902,68.49060720410523
132.10298756902952,67.25479415860721
132.5186267962433,70.60605446419342
131.90310551045945,71.18062284596496
132.0027640480012,61.3996575057684
130.89071306423102,62.45365790769977
130.9738499049078,64.96025072895434
132.08544432787042,62.44781744159479
132.24728008393427,64.4947237496076
133.877057212031,60.07671625357887
135.0105847021916,66.0445540682111
134.9661846463448,64.17393195827401
134.56647562688815,68.0513360574619
135.3991788898471,69.21287169546517
135.1768738072621,70.21476580550375
134.33965727719516,65.81684681371952
134.31084842887296,69.19876225618358
133.67009039726938,65.43357171111924
134.45012417299742,72.01400799041662
134.01773570004835,67.91303747213951
134.32643879828484,62.688662896260546
134.96558437547571,70.5441334611659
133.33637555548796,61.7204985393072
133.3313786760583,64.21775629884543
133.19296289829532,68.33545197694158
134.0160276125318,70.19406313380357
133.10929139349074,71.12864436743968
134.5638027017364,68.46447862050405
134.88530541701982,69.57514709518153
134.62954073070293,61.639712061491394
133.7146190586241,65.90473654495244
132.6882520588967,63.74995281880208
132.578048911542,65.17837053292575
133.13196615408788,66.39550859889144
133.71271229709882,66.79380704261756
133.63711433123981,67.895981586633
133.39761232796036,63.25047328740717
132.54186664029382,67.66527883577167
132.52714563075543,68.4851420398303
133.24982787093884,70.08933146358667
131.52699143495997,66.4717976467306
130.71660291986072,66.53756452809584
132.31897493325195,71.66089860757349
134.03027285153985,70.99083322282468
133.6059521191186,70.85661631621211
134.1065224729227,66.57049150711998
134.47423761822301,67.8623763064298
135.28839900881977,66.46887624998033
136.8269915216542,64.85835541811431
136.85743302206458,67.45856106557585
137.24921271262244,66.83210610884935
137.81738716450673,67.94896025602517
139.6534615517338,67.35698686566569
141.05075536314126,73.46703935814779
141.44561079967437,66.01171495366019
141.51525090086707,71.08871704385352
139.9911640188703,74.1382448071354
140.91553352796802,68.77970437988859
141.00272234169208,71.34483382507715
141.15339002690067,70.72808210277373
141.68086951639404,78.18297886704792
141.94055462606408,70.31822744444942
141.39900657142584,68.97252357775452
138.7188398093706,66.57216190241326
140.21281792492982,72.23270803843344
139.75334968804984,65.48551152420663
139.34467163143347,66.77726425215887
139.30736679472145,69.76371481004564
138.52483948893504,71.24473564557785
138.29789232598657,68.12965956340814
138.8750625857859,76.31217727571537
138.70022694611282,77.4571602176065
136.68882928277918,63.5367236741639
137.28329455348953,71.9616587776761
138.23678423074534,67.40827935169966
138.78755699426122,68.69566912420807
138.2184035554126,66.14394847814549
139.54744255882363,72.86176866566342
140.2236965870881,70.43719238609219
140.46358337138867,71.89549793842367
140.28023490338794,71.45415320108553
141.53015996089889,67.33081744325384
141.55598477253525,74.14829537545631
140.49115848520492,75.73798581072823
141.77450060372337,74.78925243477187
141.19572978304467,68.5750103608762
140.08849837667339,68.6892545486928
140.87862171556154,73.99521591124893
141.7657102512355,72.34509494804219
141.0752083113034,71.37870984315381
139.93855940870486,74.60260656656006
141.41932780735226,68.87001566552334
141.71253839367367,67.86955400567862
142.57857693033694,74.97344314128962
141.9685147692069,67.62009220692218
143.07072050491016,69.74390273935074
143.0653288130401,68.65135917764682
141.40416938936752,70.8668906007485
140.93418617692052,65.76587496619358
141.25584268969462,70.22928246948679
141.6497900293478,73.22853465921636
142.11675049758924,65.49367229760927
140.87442008862854,69.29134646239862
141.13598177429094,71.69274735718481
140.94884831480536,74.5016755341104
140.71871307849202,68.8660165346842
140.72174087091537,70.01094559253728
142.00780035646514,76.87762069350933
142.65967998679423,73.82523092542418
141.9175070186767,72.29301837564385
142.47651355537272,72.23652482479282
140.91219921993277,65.98839676094212
139.88887072949254,66.43298260116111
139.76101285705508,73.5324670467654
138.62589849502552,69.79471442539638
139.48333948928064,68.67693561084785
139.62977931567917,66.0724714868583
141.16817460440646,72.3165713746125
141.31863441020832,71.44110956370844
142.6154353796882,70.83930484932355
144.58059856948725,70.8799415543247
143.0852182044315,69.86780387798541
141.93534707498193,71.42912463299294
143.0164036987781,72.01925709829521
143.37392761782763,73.65024992477227
142.0336026147516,65.85648543860066
143.21107366464256,69.970451680624
144.0820500942527,65.76706861721725
142.5519785183597,73.35174553191564
142.7326960111937,70.59983290010268
141.8411149248123,73.51410355634383
142.69136068458118,70.67183488849413
143.29002863094038,72.92804883781398
143.27645320046508,74.61852544338791
144.6698250358778,75.04190951933424
144.457964639177,69.97094581713495
145.70439511358137,74.00486390541775
147.16800342871574,75.21991861524661
148.23582640555676,73.93338619473481
146.14319177400492,69.37923978286915
146.4056940221449,74.23704015034461
146.03335008188023,67.77433545476912
145.76566836094793,71.45726362378458
145.39619025532338,71.08234211540004
145.26609448110042,72.81497487421707
146.71801156299,74.18803482102643
146.4920020639963,76.29936970986314
146.8285603656669,77.52849743358382
147.1608563383019,75.47024402671349
147.0144190853765,77.07285072174527
146.61637105888386,67.01796782875815
147.03075905040478,72.51715807144025
147.20580593738762,74.26934958814263
146.65801744308945,76.90033728272523
145.52459849823578,70.97927542684911
145.38569991702323,73.76989160590985
145.94963181484138,68.63929291675154
145.11455709642303,68.71048140979592
145.7184709484354,71.29607903985053
145.07206527439664,70.89993954159661
144.37835995620634,71.40468604643927
144.33170150000674,75.63053017380766
143.90263057253603,73.09830768892925
144.48330873885843,72.17212136404441
147.21134648759244,76.40511324394502
144.4376606857927,73.12957749626027
143.23742989257593,70.53348651701968
144.3277006569074,70.52740765078083
146.15965581239152,70.35397971080047
145.18497672816238,71.32127279182922
146.06923064538847,72.20972272043689
146.39862771300682,72.61833894227728
146.78897254124846,71.13867213508978
147.98862544022188,77.5427090250513
149.10114047467138,76.90005196216609
149.24411957153714,71.35134689839596
149.52936338106215,73.96200532975813
148.7749985553539,79.66905257463256
148.72442819724571,76.71327131497505
149.41738188151865,71.75967400794293
150.12554415685096,72.98250884635546
151.5849837221015,79.37020697969102
152.5526164516493,74.90950558231245
153.18878189714619,74.34278490388074
154.59997285828362,74.23158879539338
153.39019906964,80.25369892113426
152.87416817383016,77.48269333866753
152.29512144836593,74.05381343905267
152.1080147242771,72.0467741052318
152.67649626285595,78.7784434900194
152.57691669605262,75.67707728006303
151.70023904053474,77.84773716556795
150.67017076874288,76.80681884526442
151.4667095225399,78.07739120162503
152.21581462495075,79.94264498466862
153.1985279931178,78.0565578806511
152.28177665584624,75.1732126071644
152.37018166770838,78.22461697836331
153.30736402086484,73.94968726765666
153.52071849444573,78.0671230507992
153.3554636164197,87.2587024697684
153.86712338362008,76.85478693983352
152.95228034823015,77.34904749287452
154.28840975777388,75.08358494082954
154.5569117212192,82.06218470811345
152.8041705852101,76.99573263305122
153.27843380532894,83.16643048185645
153.55429888061263,79.46088645707482
153.7003553343559,70.74105904797383
153.37695172936952,76.16189459375767
152.77630142882398,79.30659041518234
151.9007648933103,76.11938573372105
149.96517670836528,71.38789390683432
148.94643883161692,66.99761358663388
149.98883675719662,71.96787785777028
151.33814196439403,72.7682093075132
150.10347104233335,70.6581410031341
148.97854208404883,75.992967527974
148.3511742770296,73.76892029713221
148.31142841745827,70.7184126052044
149.12972227916256,76.64119483839784
148.48406410155698,72.414237801888
148.58577266306315,77.1591286000815
148.8936144714822,74.3526722950611
149.81927523324342,77.24555033470845
149.3682559432473,77.185876803825
148.58018711196465,72.8951559840708
148.04975508404272,75.7363373211618
148.68548156311928,72.27528553087487
148.15975070858744,73.23981560969521
150.2418486125068,74.29535409467728
150.90597171494056,74.56022404088861
151.85250918741286,74.71566723161075
151.95442384140128,78.3956816298311
153.02951874699494,69.92960351775118
152.77895549206,72.78777751002836
151.686504783352,78.77201349467747
149.10990835153453,73.66192274514071
151.03395366295265,72.97760467228639
150.07434002456623,66.78136291915756
150.4786384740282,78.24970321588154
149.74510996783343,71.52291093853731
149.68833656724658,69.49597652132819
150.36372568625012,78.34284409031207
150.1254792726798,72.4138257913008
150.2793024855188,70.33067029973151
148.98770573555728,72.0432333646394
148.4409238047728,73.45313506852894
149.51880208995206,80.0400218896806
150.02984792404254,73.11012808047066
150.02981649005966,72.97938818395527
150.94647308481734,71.32257091407541
150.7976270286164,75.24557827465533
151.08684746638372,71.94714850754178
152.07335819519847,74.21395247414567
153.29761799122937,75.92683787057945
153.25185303805395,78.77687724644184
152.74606973500792,77.4174538578989
152.04613276653177,75.5785424623894
152.0947748361458,76.31785128139516
151.7756960339095,75.04235863816619
151.52439630896328,76.74198689989713
151.50863472957428,75.33354945945645
152.7268369015632,74.84196193609195
152.81583229235133,76.83173621090891
152.13314551976214,75.85929892872078
150.7613757766636,74.97378273395974
151.68665639690784,78.14978450585382
150.0642830391341,74.40895019497913
150.35317709591703,73.90335825519173
150.54211654654128,72.18192781709452
148.70694957539706,74.01000228920368
147.20490858539407,73.30220080658218
145.3837412458048,75.18378490827021
144.6633244181953,71.47050215219977
143.77686137419275,72.08990038164575
142.9566234944643,71.47002634389824
142.42843632871808,69.67968616042441
141.7439705966538,72.24058979229412
140.97966439003145,69.92084812031582
139.58954763575605,69.55492708645971
140.21419143339986,73.02785953034287
139.87126780982666,66.69002113995761
140.35503823891193,69.11143782233428
141.10769304023853,76.97170661632106
140.21712665779083,75.51860704053354
140.60229973847748,77.12078560102302
140.40331278129543,73.71234102942154
142.0524185092405,68.69680463022208
142.7236440921097,71.4172208284618
141.88510276984573,74.99486435413782
141.34067297110778,68.52738361467154
143.21877344420744,73.40433960176975
144.08054342728087,72.82805650576138
143.9785545623235,72.51531326687858
144.16736866141065,74.68378280194621
143.3102495103797,68.61421402226233
143.44145020033628,70.12934188105413
143.06710096559925,70.33685994434306
142.41478385568055,77.28535082728696
142.54416380420892,73.67851006849448
142.1399999849856,69.23352151764247
142.26787962601688,68.30191593448829
142.84507699644954,72.24189994456596
143.13793458007495,71.37475972586788
141.357014005162,71.75374507463593
142.55960106017264,73.8242077862723
143.75438856427942,69.76978680669639
145.67927001078738,77.62119722717534
145.44545987677589,71.55786527298929
142.7643273186184,72.55974406562872
144.81634541258052,72.88319151056616
142.3916211793906,71.4441025118643
141.90477484513914,69.46955399638456
141.95207094930004,68.64377345920859
142.7122761559978,71.33007037585183
143.33593717056547,73.83301096261356
143.71723148570712,76.95120665609942
142.03481524390892,69.17468014605461
141.01032086410726,73.39052860504657
139.8172574634626,72.94888198165606
139.2243444210905,72.69409916256026
139.09915909475265,67.95042884212562
140.56959322835726,76.65810806260461
142.90072314645928,72.70846205675772
143.53263224553473,73.31445498747502
143.3464844101833,66.95588620736174
144.1671475892658,67.17486200843396
144.20203518506136,73.80657417044293
144.5329853526603,69.64586504244855
144.31036265107156,67.76679723929784
144.09860853002027,67.06563320313374
145.24906222508992,70.71708659519089
145.0463318516474,79.65307048101114
144.90170572625865,74.26724955164042
145.05794711452572,65.13288042590177
144.54014853649167,71.6385355823364
145.35481230475938,68.09023770402047
144.3341778873992,72.40509663030456
144.44205954471482,69.1126369773571
144.57000618381062,73.19035214263086
143.74359453280883,68.1888954642651
142.71215075715497,67.14544617839255
142.7524530696915,72.30286746712729
143.5752904424792,71.99106174662234
143.58945556634166,69.16284375266244
144.2121977616806,72.84033955094351
144.4240456413986,73.32838436922252
143.38817148031754,79.45686479997715
142.6636247957538,72.08053334409388
142.60590685517852,77.15093585300355
142.19188765796443,74.80042490498639
144.21729881129366,74.52210532848913
143.77132919819218,75.21706604601204
144.17700103377499,69.37836993036638
144.34644032082912,71.98109642233229
144.23768697194893,73.25343581635684
144.16079070530537,68.98706316517965
142.94411902901504,69.70083702544035
144.11619294072077,69.01658919625473
143.61802855810367,70.83474798931573
142.61552518506818,68.0799106121764
141.02887131580667,72.5783057308293
140.5348958111302,73.52403123989188
141.12543215498238,74.2180240614616
140.85898923355984,76.42650109022404
140.53815242119126,76.60251864206322
140.81800278982138,70.1654540734324
139.57900458760008,70.45220618908911
139.28923954742484,71.70042525890896
139.59208306807554,72.33876278755822
138.84610652002414,67.50424232589648
139.24192081962565,68.71917514238221
137.70052912130868,67.00788943068254
139.15817221735006,67.4011334589889
137.2829228904726,69.36199731823966
137.82413108086746,70.32860157359961
137.1834390100532,69.36568387006645
136.9949559003852,66.68786026506216
135.90651717548457,68.08922749021868
137.07917384651574,73.02202781378847
136.945550739063,70.09407804128958
134.405664846227,61.52332574587629
133.86564812063654,67.9655015399812
132.99452076145545,64.79879519774687
133.2592974623219,69.98551482759237
132.94433286598823,67.85106708609409
135.7752723758103,65.64792214368768
136.04689378597405,67.4879462457257
137.1982135485052,68.6337947864923
136.95192919514759,70.5893838450446
136.07319535137927,69.0544668379564
137.99993413038933,71.9600768105739
136.65019483595103,66.95921365279736
137.3984993612853,65.84145210837812
138.28714947899383,72.9248440900876
139.18989479401898,73.12222686847147
139.3356470521663,70.38684122472984
137.81564009652496,64.88980303009643
137.1795740900892,71.00345041209246
138.12950336331363,65.56205307878977
138.18038068035014,69.74337513663413
139.35885337106743,71.80750649363752
137.95128620037804,62.454680297976815
139.12158641073285,67.39845450588861
138.39104890486752,69.48497728703322
139.31770739409484,68.06092773955871
137.64360590038518,62.46486228167487
136.2222578252145,71.66902777891238
136.7228906487893,66.45466302981093
137.76401279890376,68.43365354627707
136.58504547632225,66.46785894539185
137.6690492834215,72.86293990288189
136.74418539009525,63.16423754614634
138.03614389739013,69.85520610140084
137.71052139954224,66.48434281068324
137.24128482562517,71.36256884340973
136.02297542948753,67.8967880255461
134.61796872443293,70.61581184063456
134.6324079405183,68.88549818408335
134.9855723722899,68.23625473838844
135.12580450505985,64.63287936409297
135.79640015345126,65.75013247963189
136.36035997126675,69.85853335957442
137.8917095731906,71.76560411555757
138.54486894512885,63.806834549783
140.11079575405105,70.66675799455071
141.7173552071496,65.99174212722961
141.01863019911391,66.78694877452594
141.5227114718789,73.21455318783141
142.87947170118582,75.68221807428385
143.50200259168182,72.65381739750735
144.54171710200828,73.67961212315053
145.60243685466386,73.88375589124537
146.26164658653695,70.12985884855978
146.58963983388375,74.83942869865581
144.77562980763403,70.2297905416052
144.66086169832545,70.5523047263166
144.49077215982575,71.677056454716
144.81404886354628,69.887645813504
143.8047790200608,74.27973217467049
143.26532617312787,76.61947168180579
144.19808763719342,71.31282741309046
143.8858923368476,69.56080450303993
143.96448725831394,73.64211875526198
145.3402916911118,70.72462615897835
146.03895241161354,70.75435465777875
146.23368390436764,73.09981877818052
144.2816715996727,71.83355416410166
144.0446156624262,70.08551608276224
144.11163436044657,73.1945746301921
143.7752058368287,69.55222603353033
142.8114357238928,69.36385368631666
142.98369647908436,73.92811803634977
142.67591716407247,68.51321114728887
141.12488186824086,65.05575999023796
140.089396984259,72.18446692133318
139.21561502136984,71.14281553077464
140.04978957559757,65.89948853010333
142.63817734677409,68.03209707227334
144.25332753189534,71.32289439347394
144.11953591006247,73.62929966596116
144.36767606523472,73.2940126928033
142.63552866195025,73.02093928636035
143.83475249838983,72.59781058748848
144.0192247996086,71.25012696039398
144.37407158694202,70.29646070542826
145.58750437660586,76.26539967840976
145.8251345402973,72.87714579249872
146.58431723310773,70.65872274866467
146.1765620398673,69.43118315588777
148.59082443462344,73.26332025888863
149.97412842836093,73.95971749142343
149.96424990383605,76.95499683989199
150.43218050360457,75.4317190544064
150.3222512473798,77.45696409014562
151.34926764957893,76.14602006395688
151.09482317338964,73.8195024519053
152.72959230419846,77.27422970642596
153.02191372539428,73.89912024827315
152.0970801803422,71.03273228116286
151.04275021656682,76.3730064119007
150.88005892416976,75.77597332829913
150.4135385733962,73.12681115938331
149.70710226147293,71.41963625377701
150.64117685083855,71.24080846645919
148.6614703694175,74.29806508077499
147.16692938157286,70.35862945686837
146.74354321704718,75.05079509655734
145.9951888667559,75.62571037306712
147.00618429071295,76.32466893391788
146.05785269757854,78.21823048251059
147.31713122239097,75.43471050430178
146.54027262066452,69.04618326934266
145.91455395427673,70.7286319624026
145.0678868901428,75.62386546537937
146.10710006404568,71.57750144737045
145.2731185733644,66.55453821307341
146.4277027713468,72.23740822000734
146.0755013773604,70.10958235997595
146.30093009209193,67.57303275721466
146.86455509932648,77.56000005744275
147.375824491028,75.2531358624243
148.12235066143938,70.94768920461709
146.9413340506466,74.61739604827576
147.08719309559768,67.88622374536021
147.9429320726382,74.9765032164316
148.59979543587076,77.54629843278884
148.6265952560564,74.34717277348302
147.74549489054857,73.49131812894883
146.98445819869247,69.37435439981635
145.8462188071153,71.19475486477303
145.36013648638422,71.46920623299967
145.86843000252395,77.12683683861967
147.44009470368982,76.25799732563017
147.85828121591143,74.00908594895608
147.7714813170602,79.5437301785623
149.07376548495927,77.48640706697752
149.1244690219035,71.01540340629604
150.07505839180672,78.7755384142938
150.4518788865189,79.22152474582913
151.55908797692348,72.98234552921134
151.1063087170311,74.92150151993647
151.64694666848268,79.76301425260554
152.31509447866975,71.22520909626641
151.76905373135216,78.06355227690038
153.15881761134438,75.46700093585163
152.93020385086146,76.33832782653681
153.60699472589644,76.42090223657482
155.1375336173764,76.82222565645628
156.8298089505139,73.24503734865353
157.15276388312884,77.41899554988936
158.00807899892624,84.53675216100457
157.4541781858217,77.05209884103418
155.5988223381562,79.52430293133153
154.9194419773603,73.83853352474765
155.89691355396283,81.14496540925698
155.43248951895154,75.57018291718849
157.14979227937198,78.90768063405709
158.54541296141917,83.57309620814891
158.64672947793156,81.97732355196669
156.17166593183978,76.223199676102
156.16298464823004,75.69382922426924
154.7204379550057,78.38276877433606
156.29970125068982,79.43648628678712
155.47417999081048,77.91456372019333
155.62197949388448,77.70396467236284
154.95218142519036,76.57983773208178
154.3736857000811,77.65259085116487
154.7388501146662,78.26181386295292
155.1873463480972,79.17975292062131
155.94139981087787,78.26237223373658
154.88168059796288,72.77980234620222
155.14244614993865,77.03733343590828
153.45059766151698,76.23039698138642
152.52529845598414,78.63799527117709
153.3301803609951,80.57827743040599
153.89048004029522,71.61101758805466
156.70375444646234,80.30782316492245
156.94396390162976,79.53659203948804
159.564121928381,80.47329409339461
159.80988024893458,78.02012769291798
160.2462566519217,79.98019905734218
161.4915607808062,77.01183267501476
161.53379780169706,83.07420860427429
160.33207285315729,76.76132126072201
159.34872060261543,80.22414244484766
158.7824742248163,80.73139373276769
158.46590111807356,75.06636808127311
159.32146029527104,84.30597769683592
157.99203536873324,77.34523652331914
158.7785124459805,80.96744289696112
160.2415568596538,77.8290261415356
160.33237517505904,75.59704835823601
160.9925375812949,82.74161227877127
161.95240631875694,78.8368097989812
161.41802721805794,78.97693946107859
161.05132043342815,84.43039571509117
159.73101340734814,78.21284245800183
160.66659855601938,77.86386279232777
159.84403929111903,78.68825005340985
159.67382288551624,74.46652343624814
159.49732680359904,79.34518585466036
158.9746137806087,82.18184981025396
157.29037187743964,75.78095242318417
156.10116154355546,71.19384210110259
156.26400543889778,80.68477163053858
155.7878453941144,75.24835333457804
154.55280581582352,75.81896691389302
153.5167317060848,77.8415975678413
153.06439607992462,78.43656696881321
152.88024041258697,69.91164716446018
153.26371728881634,77.88343686642106
154.26620767341618,77.65674175180528
154.41874294049734,78.37383662026998
155.0777812374625,81.84638560108588
154.85797162114534,83.49072608824402
155.28458863782546,78.80203937350444
154.86501967777633,70.90045695947876
153.6573695341346,77.7255318847885
152.80695114503388,71.66837036429514
152.49684917123355,74.74150844340771
152.4321085195975,79.70920255388654
152.32058792162385,72.16981078474257
153.28407364587244,76.05256008366769
152.32456643862554,73.48959766119022
153.05780207613975,73.80975546388456
152.99536225622478,85.27877785339597
152.565048218024,81.80904891162837
152.16941932332495,81.32353386218412
150.97050352093999,74.72366846538591
151.14380536121075,76.27696928173721
152.79377471189372,74.57494917635033
152.5539374575139,78.23689756112023
150.95846913977206,73.90881849708026
