y1,y2
0.03419276725318417,1.2665084432263871
1.3939403075631458,-0.09048339394543403
2.6186613861490784,1.703608196731934
2.108354309361411,1.8920397501965867
1.810384798254964,-0.7350039624567928
1.2830006052215386,-0.8390173584407037
1.8527269627934988,0.23053653373440797
1.7966625237478813,0.5446396480074625
2.5435481400044253,1.322447051666073
0.6962233410303158,-0.3982635502383248
2.2627721157298364,0.39843816661376696
2.166339955574216,0.05880642868484043
2.8467184088483624,0.40306868849485156
2.7101520748715346,1.7072328180596679
2.3310535077966814,0.6472718884515269
2.794163666394268,0.31947304661853115
3.618677193924381,0.6455864583514346
3.4161473232309296,0.9127246114519005
3.2633611446607325,0.038544716456898165
3.9490597554699907,2.158179744459416
3.0787191135228196,1.9216615238928316
1.564335609791424,-0.5401100419687624
1.9593174725409541,0.43335192781074283
1.2887516488530748,0.2694296969771818
-0.6315889412649538,0.4557075158961067
-1.4456426052103133,-1.4679835892790933
-1.9132401641030603,-1.3056562347299965
-3.1064426415353212,-2.5804819709060505
-4.598906525598355,-3.267532509572243
-4.562268698653551,-2.9503761299977973
-3.665019441925803,1.3836447820712696
-3.8981515198862597,-0.8545540501582605
-4.641747549395104,-1.9840536660382453
-4.256753740647196,-1.8694117829038261
-3.539517933452812,-3.2872266369129424
-3.8395285319412893,-2.8938385462061422
-3.2948607240203964,-0.9142280167593222
-2.2519852474374424,-1.1132174778767192
-2.4589416836457665,-0.1521429989941847
-3.2724572256273388,-1.631282750080646
-2.9248066271118294,-0.9254543832115197
-2.6772608861489817,-1.22710654532039
-1.5784481177345733,-0.2660881537074612
-2.863028896539918,-1.0658285965584433
-3.524641826895466,-0.6854854891791919
-4.36280878761114,-2.6963198987289076
-6.096823633843991,-3.2705744209419483
-5.970389078646995,-3.6622771631059985
-5.442584866151471,-2.7324844518025437
-6.181374897627277,-2.63922794655451
-4.795727823131118,-2.3240026501964013
-3.973803486470683,-3.9071285757010985
-3.346427007635148,-2.3622885321695675
-2.944719916194178,-2.0058863070446344
-1.989050351745543,-1.3195413617332932
-3.321030191288645,-2.292894033371152
-2.7071005330387807,-1.719443252101022
-2.1043236995053327,-0.15397075002912486
-3.8720422766483074,-1.3515299930006304
-3.5250121745939276,-0.3618705225058083
-3.775433521303896,-3.4945556767665558
-2.993910825242197,-2.5329644725436204
-3.4329730128798657,-2.964368826364846
-3.451213870528966,-0.7358947300169636
-3.1083623532113105,-0.8594291066024834
-3.9846240419555183,-2.566234179107322
-3.3860273937751337,-2.2273467174447115
-3.490990582298802,-1.4781872706983599
-2.9985079586195593,-0.2028511929372927
-3.520345464956347,-0.2329409109948044
-2.4341439216788294,-1.8514688352587105
-1.8289419432493552,-0.02910576710886137
-2.006966967968692,-1.1901280579333613
-1.3750098108750821,0.8923236065323585
-0.11525464951645703,2.516416177885961
1.6759208639815317,1.3858325440554689
0.10234449354131225,0.6605732948299212
0.9854763051638318,-2.0480489434436056
1.450544813677213,1.2906165135693657
1.356684033490869,-1.0103113827080095
0.35001909851379764,-0.410991168532414
1.6072077119869412,1.6669667023501056
0.34546971854237074,-1.3977117606720726
0.9124151842771197,2.7942590219402623
2.2142831804798093,0.5719767463068647
0.6146138924283298,1.0861014936045885
0.3120960519450674,-0.37882806340028424
-0.9971207655712319,0.1915458577754348
-0.7530666575353313,-0.9515867245358003
0.7613084731393234,0.32749354511946094
2.784864502311521,-0.9160161009635401
1.0067500594280059,1.4590522717330867
0.43180105370694577,0.8997657930839196
1.1353461470378572,0.22305472202391552
2.714718799131079,1.05047469218332
3.1359294434093767,0.4839584885401096
2.3897774458186674,0.46176080224980454
2.686908955456106,1.5788737781362925
2.670289754475273,1.6340973250401016
2.4665490320871033,1.9622344863390908
1.732077933539683,2.015300992981269
2.1193376894826885,2.048086201454059
2.4272173158484995,1.6186982678593407
2.334233188272149,1.5099917177060787
2.1125452485714793,0.8585358647621804
0.8276286780318063,1.6442754086925113
0.34145301089037294,-0.5528080869379965
1.5479026822370154,-0.01007356937183479
1.3573444253709872,1.02039035191561
-0.08235289146713809,-1.460452539789355
1.2520899154841783,0.3131704843974174
1.7823553239670984,-0.6121066321094077
3.8904423525924017,1.095448007333565
3.952954521984122,5.453991815764641
3.4915699429324296,0.11688473086903461
2.043925244156883,2.005939629522739
3.3677636142207623,1.093351182520406
5.937275127211274,1.830267216607658
5.116340189987399,1.0779311188221754
4.469252549763201,2.83782265378098
5.0654413484355425,2.153244990128938
4.235095913022156,2.1268015116292407
3.9645375460299666,3.6184060445934314
3.614699846587897,0.4499644082727481
3.8066587338799542,-0.22028472322597792
4.9014771772806345,2.5783736082014848
4.923544766994554,3.820334959346191
5.842454862774693,3.0809594183303526
5.422565966774199,4.104931285424751
5.750364502497602,4.004603511376749
3.612138912984413,2.1556854687742213
2.1621908462030244,0.33665747685562375
2.9581042588847986,1.6343202125032334
2.3679548598438527,2.333875255872858
2.94786978331651,1.987512016702566
3.490214038131154,1.7497480229508446
4.812492896367969,2.8063683305671443
5.62435195604417,2.821723133099834
6.641343306210781,4.159706972485581
6.529671975546572,3.0595523017780804
5.831386798983694,4.565338576796901
5.09982802125803,2.9726274873159313
4.611784080969297,2.5206557115830766
3.4819549669561916,0.005115629023709989
2.9345113848358335,-0.6413520586096
2.8419423333273595,1.2722746707577905
3.093554290433174,1.1304584727946179
2.754663500363389,3.3210619189561816
0.8309806340101069,-0.294836161476529
0.7586976795071831,-0.5548091877910766
0.984043466534401,1.3062132189271307
2.068519061178245,-0.9667840788113446
2.6463829567940715,1.4213956146954259
2.002822270648562,-0.2747988753435191
1.279045710523844,-2.1205902641065375
3.289643232899567,-0.14326754883791715
4.0462811869168025,1.8720343367381744
5.8777210096546435,2.92159046700225
8.007165540874297,3.7299213809568323
7.189081874268904,2.665784603964446
7.574351176546363,3.818433694054031
8.032518181383411,4.269133860890092
8.592130405445296,4.326371308075683
9.134032630727363,6.1567263164679575
9.336087267638945,5.602226891447969
9.510216511888707,3.8040319657567556
8.007716570794267,3.320898313195526
7.842315387610019,2.9514576520548674
7.094695686592486,3.6569610312197662
7.220782992198915,4.598820221164969
6.753236732135339,4.9057892884060745
7.371757483298282,3.819998624360777
8.190833192978225,3.456532923286025
8.499525557986756,3.15708518143752
8.815693702302642,2.747117269855102
8.908640387252609,6.13778556208469
8.460842494290404,3.857349084918814
8.296341230057633,3.61499147475971
7.800695166750488,5.69373050535703
8.18868230089628,3.4361317456875184
8.202795712738252,3.985719535754227
8.784086911347103,4.796498413049655
7.4554385997490025,1.8751732210658971
8.343217528153874,2.812313107163791
7.580521291303127,7.007246251128709
6.84623910503286,3.77267490572699
6.648796120171123,1.3567374263333443
6.085411532435857,2.4571358652285786
6.376536727934147,3.079258352280266
5.802371951469107,3.4945762437456596
4.732894400950181,2.263537907941921
3.887091592571168,0.7686347681188548
5.19907491783868,2.595546737095187
5.243333246475954,3.7254999482643663
4.075802961531345,1.439421073306601
4.084180364708765,0.8953658799125721
2.528233950003356,0.17451781566995295
4.317800507975664,-0.13204458762865068
2.7933223476846862,2.6289254789619365
3.272075052330255,1.9627864668952983
3.815700716644482,1.8172667415338732
2.3656929628039527,1.3522258660059654
2.665969481222241,2.5774075217290466
3.6631415213880008,1.4579147829807633
4.130716807149856,0.7468199983027164
4.391733081233208,3.280650595378334
5.340829762694213,0.38691846452162926
5.501734311582875,2.3957661704761097
5.838159599659931,4.083415556763652
5.7114480531759995,4.384128378096948
6.343253779191476,3.100770302067188
5.40186963195411,2.6194006090159165
6.193632890828333,2.9736857815250537
5.688331357039819,2.5808424090421833
4.597677983978973,2.1875316524263004
4.962926939750942,3.8671888288576666
6.6558824912745855,3.8186625424140472
7.6175607028653225,5.517255178896369
7.101910875262655,4.119458326133884
7.799970547261275,3.541413130494797
7.345761427539905,3.4107061965445546
7.221741971403591,5.789006115039586
7.311270464620668,3.0527981028012614
4.994052247720043,3.5302199828318086
5.185667013882526,1.6454900933284646
4.15605782506452,2.6315818101892527
3.4586592116092767,1.3828452137433982
1.9842688008885583,0.5657263688612937
0.46771058274235466,-0.6181755172511877
-0.4755538179790868,-0.9791268020135876
0.3500434773194949,0.33575141444515233
2.0160848247830705,2.386217099986882
1.990879721263551,1.3882013317774335
3.082670654826863,0.6609640671582289
2.8186900079481814,1.856497856416485
0.906717183155421,-2.046015215932805
1.0566337991768513,0.44864229805652744
1.5022820623194229,2.9967669910713335
1.0736655075618402,-1.8595718211615309
1.375889741774763,0.3629884006093962
1.9484459893840838,1.961195609286273
1.0850384217503877,2.4262531886627956
-0.39179567581391495,1.0585443350776145
-0.6130498411559271,-0.7415909854129047
-0.8241103814263099,1.2453750771265633
-1.176773595281726,0.9984013262702904
-0.1895268424803599,-0.41804105648534884
1.5360619469290784,0.8635026313377127
1.119414928945269,-0.32457313743129745
1.818301632108021,0.6158525888114628
2.7592327450349567,2.775445472058836
3.4723891654583383,0.5827376807033358
4.519875452588041,3.4713325660871384
4.130631482555355,2.4338200778206103
4.870437842068669,2.827059494804764
6.894919777928158,2.8697465738913266
7.698585337308217,4.631693324726996
7.078691668391257,3.4208519976575893
7.686404162325801,3.6710227563500886
8.948784454031296,2.8895450095617514
9.317770740420924,4.703180879883249
8.754370044278067,4.0116386424650745
10.297450627299645,6.024324288973216
9.047683580736718,4.666502322638477
9.551108627392646,4.706864778331498
9.534933052925517,4.250087283044587
8.341267327748014,3.5696323193405473
9.560717011330963,4.059830550228215
9.908604605032309,5.658993971340141
8.74180642793324,2.912194127246881
9.343534784495082,3.196483470156826
8.911934355583742,4.7129001632521685
7.009145853416616,4.9360372073389005
6.320240728016664,3.484602880099193
6.58379217551828,3.1061351570203737
7.219495061794404,5.722866888239709
7.385059966922676,4.001557368630492
7.430224978190666,3.1327846294272295
7.900214985333928,4.111646027104916
7.689238883368715,4.843376050152129
8.866193487311008,4.034925254352803
9.014835135524441,5.294516855559501
9.308756687998166,4.290457517124945
9.849555679543911,5.048537987807275
8.792386839239434,4.684960586967764
8.083159962889674,1.5462289250051584
9.611739076929489,6.0145603272530614
9.947047767290469,5.5277340353197975
9.66443168867529,5.234902689913183
10.005915217486786,5.140888301364977
9.524292982425235,4.471238143555269
9.80285927105753,6.201400182556569
9.136988216067472,4.513305117789457
9.413007033406632,5.514202308573114
7.835304481087623,2.1469288609871278
9.166224274753304,6.499997730391619
8.653266402056316,4.474089139131521
7.072025205061129,3.756623562771971
6.848183510474076,2.330958263758744
6.477187315755866,2.2652704257703222
6.629585734356318,3.6537569454328596
5.484335125508196,-0.6262685661966145
5.881800725298454,4.108128740312622
9.50536841366646,3.9062170318738634
8.22670069292317,3.209387171721533
8.564416268622455,4.206383442335678
8.25369741497203,5.920400440477637
8.446305709786445,4.332841847384223
6.634496671949182,4.303477470635265
5.483487283970836,1.366423378646997
5.943146819173512,2.252820320996075
5.904728799778289,3.7169974551362657
7.539966980369271,2.497098977414246
6.835169588097904,0.6560206326311779
7.009669115254299,2.68241808380707
9.922790567792127,4.458102800500741
9.157229131374194,4.226582411597126
8.253395637898237,4.714267837954439
8.218265553003148,4.6218157425837605
8.173702874167489,3.5213033198483488
9.017870154290025,4.943047629041457
9.147446027087609,4.325458531828807
8.390706714838974,4.189962582716864
8.60212826684655,3.2238572098469405
11.240725019425255,6.163160813059226
12.512498693466277,5.803047501653514
9.730329575843054,5.983489889190628
9.58831266224875,3.2703441952641463
8.713222140297784,5.377353149733905
9.335484654702935,3.3830279412512816
9.162221174078834,4.908849854987614
11.094916922074027,4.328426066573849
12.026152485692934,4.9927612337071565
12.916555378152209,7.068060583136533
13.10312643817876,4.810483771843485
13.062828784871233,7.352454793824956
13.403008713745761,8.718481687926412
14.698288505164536,7.965485065569552
15.232678275037333,5.969001729774437
14.88154570919967,7.99135272275327
16.156630367668566,7.887026691772482
16.348740736725272,8.256676524682504
16.27112567325365,8.032636871201564
15.479748834591618,8.73033953332658
14.913756558125467,9.087202208151734
14.277709778398503,7.39851532962755
11.485352618644612,7.100150513896648
12.502198819042775,5.7060058641679055
13.068676388470585,8.862357758188384
12.854405796891488,5.415085307461798
13.900389535300691,5.80425674643537
14.338377314834084,6.746919472714019
14.709944793803684,8.12671527611193
12.235181244225021,7.067459340616534
12.002165324614403,4.386988812194606
12.534354450381656,6.4666957860805825
14.144041282169892,7.437199721622687
15.98433616378739,10.524323329057834
17.410174409507665,8.372106476688685
16.248564890958164,6.687848418416101
14.050893523870961,5.317740033262288
14.621363098577893,7.080856875446482
14.648978933928536,7.81049226034209
15.611532188280982,8.004227323974389
15.485647824676938,7.634851178503774
15.705402788200438,7.032649062318459
14.2054137751438,7.035894728931442
14.653423430302775,7.337800833613415
14.208524977428588,9.620455975365738
14.558510335132839,7.161715788932535
15.017916328674973,6.385635898448067
14.900694183794077,6.964347002954428
15.21749530590801,7.345546792697923
15.203888275374707,5.433121190381275
15.963087776503215,7.905389674782044
16.46483072494918,8.364111758659345
15.917614355911974,8.056680233590283
15.329712474809373,6.607622383364648
17.073451252799984,8.223217267498622
16.971855757483855,8.72029600455362
17.96366352004936,9.769577155607141
18.3570492503331,9.434964023803031
17.792936759836973,7.531350783104167
17.043962962882613,9.17804125916251
17.16408865237695,10.104682783068604
17.420743073090343,8.424220977656347
18.035106792550398,6.373784446081668
16.768173365043015,9.207010050044142
16.173490082616908,9.119208525028345
16.078623879202652,8.049328710284232
17.67937333935025,8.41558646397147
15.319194768724133,8.810349954198534
15.758306416832056,8.712480044327584
15.218260558218633,7.609432006616516
15.649637901061798,7.672565443932742
15.157658994781599,7.7933121030082795
15.522210058350984,8.820932166037219
17.086848099037567,8.702958083731712
17.44104460249466,7.556566983561819
17.874444544972473,8.33727875029631
18.247302433407356,9.301476221392909
17.49698891290419,9.15286339545524
18.04000676476511,8.461886176587244
17.83166020203413,9.684892685245831
17.019946557875553,7.889184246442187
16.981398631663925,9.485512871905568
16.754110158215994,10.082872893832793
17.50758995354024,9.595175185028884
17.464750728542715,8.83539863838388
16.93530867104851,9.052201418080752
18.39128024677015,7.043982215840627
19.379668009450075,11.14475043111455
20.649397447384395,9.425226073062234
21.257064809398987,9.59026993193689
21.14736581496433,10.09755100705831
20.728272411066015,9.312271830476941
20.448932416013854,10.107595639701698
21.396623025826173,10.293339654488344
21.508526306070916,10.568276522352164
20.025683161703032,11.052778384277268
19.98660036398601,10.268294660013343
18.570496157784806,8.545385160398714
18.73636199184716,9.036698498726642
17.532542357635602,7.7834629900349155
16.268606229421344,8.999427007154889
16.387185683343038,6.933407331578087
16.308971357534325,7.5862942895125
14.647209657744718,8.81964640200184
15.395433375816076,7.235922459309044
17.558530064300328,8.782421626770844
16.077154320009264,8.38793988321419
17.897004038787166,7.15385580074065
17.20921461455896,8.648444161002297
16.715123995394183,9.190086046593482
16.53623677445644,8.297996355655476
15.090959553791096,7.998563671227938
16.39008676822936,7.1464442891356414
16.882780396666696,8.341407171728727
16.13132619485353,7.607840233528323
15.854249040231831,7.789484522107297
14.33788960226572,5.690763060099554
13.990131862076149,6.223453174827059
14.926345013516126,7.795415833510016
13.211055241373085,5.820266708735319
12.774814912421872,6.778915420618154
12.921606648069684,7.842905873126704
13.969845993917602,7.109147647034762
15.319176546658175,7.613324641644578
14.861923590821496,7.908919537645622
14.121616714245654,6.0315800824629004
14.572016375358244,6.645869739501192
14.208761583436583,5.899483498498146
13.8987422100431,5.975912102089831
14.978925888986112,9.056768859914627
16.668663759321387,7.440978274958555
16.934531330455695,8.336796721194174
16.74231655572464,7.904891584820344
17.313578520700926,8.10738643436551
15.426062691271577,7.299721077168776
15.407813627920538,7.367204122930737
14.347236782465956,7.392646697595752
16.73666462110615,7.950252233173359
17.45686454858388,9.010184342720118
17.598234396332312,8.525748169255326
17.40386976707619,8.293827568561825
14.888913726518375,7.1319733572051245
15.60171825080339,9.362550870845533
17.231087198947378,7.32528307286502
16.502267301865732,7.993100242284658
17.185671812753036,9.16628237253021
17.908214969312795,9.381971757488582
16.360087303174954,7.10469749079355
17.295827650357257,7.467885664639251
18.650608726064732,9.159781036884196
18.8790888443763,10.473834073300747
18.815906849670938,10.030536203626994
19.603870340064912,9.630969204661012
18.0631163646903,8.582626762145889
18.156397067549662,8.756610774038394
19.210739024764703,9.342416000056476
17.968303693261227,7.514019683271831
18.96087490241449,8.016514737925139
18.542645243477725,9.091501969802255
16.46181828986529,9.980322290602183
16.356070335635494,8.29970507694145
15.384173726038181,5.879617310297858
15.703433366571007,6.673285703651781
14.531292215736295,7.087751781071478
15.58156812440886,6.7112279359299665
14.842737802540235,7.5388022165576105
15.199095297699603,6.779656912304126
14.605115354267202,6.426318284867677
14.282210042109096,5.747675413498939
15.47397008675839,8.044441544077067
15.689248532988275,8.062950346108254
15.294216441792576,7.929689193290321
14.0427084272352,7.5784210084133194
15.202659701136277,7.375751662639338
15.935470870423186,9.04221483313593
15.608935296473595,6.712210486453526
15.85224631864805,8.558353413195924
14.822668766683059,6.919797326669797
13.807823881480354,6.344063560374204
12.981636173002451,5.74173033158817
13.335063390977405,7.134241633651849
13.630909285075866,6.929116515151159
12.88560635420316,7.4302476945756695
13.623380950498616,5.8580408631677745
14.408074491400395,7.342195116139183
14.580982655695273,6.300394473373376
15.619371223450592,8.260257337262871
15.332008772842903,8.982245204124926
15.218987637560994,6.637187892863821
15.691846312487629,8.859620010710051
15.657802303210088,6.800249676644306
16.451701501661223,9.622122924741095
15.199033368467335,7.710743676771557
16.62479842814483,8.815391575948954
15.843526941891184,6.827133061144041
15.678829091914253,9.370636268931339
14.301286392827611,7.021018774473755
14.901508712666542,6.976345152919703
16.175360085863037,9.010686267989684
17.246407014481818,7.849935274958495
18.079781986744017,8.754786047916397
16.522638716786723,7.87379219552975
15.740470662508425,7.086801547195537
15.277907671268263,8.67073022005048
14.343173404069201,8.782657821993519
15.465868635027878,6.7969882270089315
15.650352947959146,9.334502281300127
15.62587514373397,8.85712890018879
16.113410875837477,7.693943987064154
15.161791838009211,8.193030206485014
14.25344110974202,9.055334437513189
13.371979119709183,6.062086770616979
13.869600068675553,6.384800114645924
14.211196447777057,6.137351116160409
14.789288915549234,9.407505775763779
15.867672033078827,8.918048249645599
14.510371174039927,6.485632770361053
13.949876787799342,6.837995473180129
14.097414881672035,7.697329831350653
12.748671774493996,6.1314518512384195
12.216496546161025,7.244027397709898
13.230525449064782,6.687541691518018
14.333169578602366,8.39835213051886
15.409876471016112,8.05730440910674
15.4528941571253,7.9622678262297955
15.240926620082204,7.071402980433911
16.32045131025782,8.520222876029324
15.947805313814733,8.800209994951986
16.286044303990014,6.6597718582445715
17.61132322810657,9.397278234975037
17.243752427739718,9.911497539857159
16.63320012680741,9.26263121154659
16.623828853482085,8.764662663253926
17.22220803228441,8.48240723284763
17.704617048119136,7.881113522104489
17.86047482132977,8.12340219968834
18.41689495667014,8.929357895685003
16.817296212747475,7.458891357980635
15.958030220430402,8.154137582334485
16.121256334853175,7.659992048242896
15.192594811941806,7.384893271262615
13.850920369598796,8.186926218753902
12.64310051520445,6.594598409895728
11.724936591979276,6.620599892265728
11.546461701154914,4.219711934345572
10.523835885163274,5.902280514826646
10.758734723664267,4.684343195386483
12.454958866330147,7.860684354870273
12.307332557187982,4.816268565017182
13.582031467939032,6.146404790873881
13.870463209827944,7.813984475456627
12.750639710471152,8.445844851578206
12.49423013548253,4.939206497395041
11.512395393956911,5.640675903470726
12.280330778214072,5.522958876058849
11.127235364193908,7.202192815440791
12.44980806511357,8.306583362996156
13.027996007684195,6.921208533543133
11.005685907302805,6.513214274158637
11.790027321905898,5.439596631843721
13.343043684045698,5.727748384933413
12.552519972431064,6.921020954892978
13.537772185320696,6.494974036813829
11.739390453619448,6.748682162385154
11.99154706526545,5.879249708906578
10.330157703578662,6.564610943388605
10.812548693226992,5.401293921449365
9.024585943144393,4.649027330667441
6.391715735735723,4.253326432215232
6.787808904320682,3.706362267270686
9.075698672695216,5.98639077145192
8.480029097053533,3.8030751725923575
9.310194643689156,3.9032040169792874
9.420905740083827,5.701561781464136
9.097401000459133,5.15558556270658
9.71278528556315,4.4249668170633125
11.355190664819926,4.7322375872509514
10.120062677630981,4.524866889082228
10.68395962164805,5.405029053763246
11.029095051581619,5.368516331510693
9.604749380921486,3.8527291085338113
11.219460248153885,4.8742041603614314
13.168818959017708,7.180740294030626
12.216046970333851,7.245420604176237
13.953947465665589,8.496905062671075
14.010093583804565,6.341065365482062
13.846845244960143,5.957958146094263
15.350294190224904,8.282736453286358
15.577727045436347,7.549736146295246
15.900902951804971,8.728772491243841
17.418577926441262,9.630051545537146
18.70679784593924,9.030553307334083
19.599947263855498,9.71280802740177
18.199397379914906,7.624099047499202
16.627007038670165,6.868500245186606
17.753148275360726,9.575136412157407
16.82642874971772,10.405196506215342
16.974912295299536,6.899039725279509
15.900840300245367,6.597809977653112
15.717153771517223,7.402076919259246
14.438458645268438,7.901977567253946
16.0686326971775,6.261161268276291
15.049720267290759,7.534568675729739
14.927725999652752,8.734216234834356
14.739526518039634,5.2073912288361015
15.94562431130971,6.855794190291684
14.525726755211261,7.90674270778379
14.492384722790026,8.281700601277509
14.283150455211254,6.345272136605624
14.813075996426727,8.214291036900358
15.285092775607723,8.512691123927759
14.821346241666244,6.072074085221857
15.06093223279155,7.412991095196204
14.686301050549464,6.775012906295048
15.154416287941357,7.265773110717031
15.051836122116706,7.707653969676697
14.396267028388953,6.11988723138762
14.368710005773318,5.365966105679363
14.732493967082839,6.014935996719981
16.998376568398058,7.217161789586205
16.507144697612247,8.022612264051451
16.8138027620516,9.250451478497348
18.276839483667793,8.605478810833297
16.19867080766009,7.3847340081476185
14.45563261002539,6.705319085943155
13.26697325990956,7.314863693542559
13.152736717074646,6.412752923008245
15.592713498567717,7.796761526610041
15.984080470963045,7.311700060511641
17.19215581264325,8.513110509646134
16.970116461946816,8.074858596008179
14.506392697647735,8.303554621685338
12.192754338207015,6.107720011924253
13.211373573879879,7.716561637757383
13.39623311638518,7.085477649578954
12.097733948572499,6.258479181738473
13.21505463057248,4.9203462259611
11.676099655024903,5.599965767473545
12.810341778227768,5.472357518062456
14.261682627893741,8.041828096363126
13.496859252337424,7.033833832793748
12.388742214271918,6.529317752851636
13.23306926490368,6.417433645368649
12.137780686273063,7.312024530946525
12.999667143470703,4.540283834345258
11.804428365507066,6.539311299319673
12.612006925771224,5.8788785124566925
12.705873869324623,5.332720522102025
12.273095492662977,5.391921279188642
11.377410810038675,5.5840184699790685
11.614985579893489,6.030518544875862
9.722324946559237,5.85191576107803
9.446360774310316,4.022443001701731
9.050206605082511,3.7505950055482606
9.728566532871495,5.781279024783121
8.474746177696346,5.255088775218906
10.188184316291789,4.054000257571114
9.876603543511143,4.199279598518802
8.73843602124468,4.607082846843352
10.124514770748478,4.715291357999877
11.787445807989462,6.479420089277538
11.599673808015474,5.004279299323387
10.70860096869925,4.655383631623538
10.724653937345224,8.23141506470023
10.034242202503767,6.026791396786852
9.72220866272853,6.349435609732275
11.280638058407543,5.979203170123001
11.672539045641377,5.169062098909938
11.817932869841751,7.012878477808126
12.16394506606118,7.529053710795879
12.105855259758675,5.838332578899642
12.947423121978767,6.176059109352088
13.826713252873942,7.425934956810096
13.456996531718236,6.604116050612175
13.562084923760121,5.283078691502199
15.97569260257177,8.613987450430525
16.397291748744173,8.94474168495203
16.211438365355985,6.349906831068534
18.261130118151055,10.825018710942146
18.270562671989527,7.992782744378527
17.17326074761309,7.333167748069599
17.847841607437037,7.98055365412688
16.948015457785964,8.384091687847016
16.450792943307526,8.069298624792872
16.77711832963155,6.661175289275774
16.65035140478311,8.354177723935672
15.88686479736807,8.281955472630811
15.33590820980948,6.906712210032598
14.742532207132507,5.022233354407838
15.908718661575362,6.7552777027614255
15.187718450702604,6.812413060123679
14.615499389997684,7.934036464948395
16.65385375996076,7.761139501235646
16.10008943317671,8.387921158936775
17.589507141697055,11.472287761104834
18.905239344253012,9.360133799677
18.752487723322403,9.089871738606943
17.333096389166954,9.455235685608587
17.786110520247902,10.027058864208223
18.458785667327607,10.457190186421688
19.42659014906657,9.66597422396059
19.498484386761785,8.427432336089053
20.70304187204661,8.391541958889265
22.09340047909932,10.097586693547038
21.03901843824452,10.086839625977776
22.46850674528025,9.942638323571682
22.643049099441022,9.758884639011649
22.077305043468186,10.586381910874671
21.758677315374424,10.30922584027066
23.63624945689317,11.122738118538328
24.62027943450192,13.967939001402712
22.831233474977488,12.219360776351111
22.91469098405137,10.049549111596303
22.774841035472146,12.167866131699284
22.599253763515208,11.029685796341187
22.08609853677484,10.12081430246527
20.629797062240296,9.605882214231212
21.491441374946127,13.253723239585955
20.551751634849815,10.020350038335716
20.181710525673807,9.066733370877218
19.579325239926668,9.483043552733623
18.85150136205275,10.015924616200676
19.59473803761333,9.781922331905106
19.978512196077656,9.632044658713099
19.304350562400234,8.574244283131948
18.359539870892267,8.368083516218439
17.890125460050005,7.431546298508301
18.85714963783172,9.294859720561503
18.98307101349964,9.837991224413564
19.216154705552107,9.910802468800387
18.887991037488394,9.236639615529292
18.63011062368851,10.492930157603197
18.84665435034812,9.69989621235671
17.00322934023107,8.959682173188083
18.61528745246291,8.12098175799976
17.827643900705088,8.420445545796385
17.259329515644826,8.062227994514354
18.597826536360316,10.247487449376841
18.820260261625165,9.173455241265676
18.862343815813208,9.158413958842765
18.279024518712493,8.801492721734629
16.717855122500904,9.774969659618213
16.902800477676415,7.807216075670506
18.09806186640117,8.18976905816044
17.19840665969353,8.739625226101975
18.561161521482138,9.116821283670264
17.434019392734136,10.000945746464438
16.70000826701392,9.4120537420239
17.20589981653624,8.842254634920568
17.205965044886423,8.391142343404809
17.896853046004697,8.920271744366266
17.155114954175033,9.873002347565413
16.1233533336573,8.434483076106556
14.256290632513153,7.717706636546048
13.0525793828621,4.101747200760303
11.976471628224136,4.797367442787962
10.54950600770165,5.05577066348356
10.857967183041795,5.999777706996581
10.194082017605172,5.683873058871122
8.205786955611716,4.145859226858586
10.689269597560145,3.531812916738274
9.854415936288913,4.9603174516082715
8.598906608868898,3.4258860333339283
9.838694844689519,2.689017394624727
11.004128673515222,4.511950819074194
9.852787744157673,4.423679730853783
8.378805856663536,4.277274648132054
7.378739106323957,4.357776554024087
8.508224899791514,4.338293632478908
8.19696413249895,4.007517959742022
7.388266274134416,3.0945809366643693
7.359893861390119,3.569518861893177
8.564085356292614,3.0832938866406936
7.174534984386785,4.210260008272112
6.7907332038336135,3.3211243840537272
5.407257583910467,3.658881745812603
7.579413081240316,4.276609022963758
9.397732615608712,4.251784964753123
10.348894694742098,5.016110920670286
10.215493110163418,5.007586853482024
10.874619725977832,5.4155791446419626
8.772606214977682,1.792385352016122
9.04903298995164,3.5281630892594715
7.712867774521715,5.725454318835037
6.388094965846725,3.2426076730374875
5.683369053364632,4.210945783051629
5.333152306675994,2.091790695911111
5.9073715514999225,1.3788929366105918
6.60805029981945,2.957739310986438
6.870722876633671,3.0334944082647683
5.926386282569317,2.142284537587525
6.602373070582984,4.448096170948684
6.481426088358828,4.6302073763303
7.661654941518237,3.108525070387957
6.744524296396978,5.28486925246689
3.981299210008454,2.8744077479652024
3.5045900056580277,0.5521292814983292
5.655853499636479,3.833640903693637
6.124840852722075,3.4109151987981927
5.930511682047783,2.9608971519211065
6.814147985380789,1.7944522386034854
7.317330449246251,4.07153475595288
7.778671752687962,3.103838593348133
7.265126130770703,5.389166270004223
7.34129717046445,2.6039514778213575
7.542489174657003,2.2542991576117997
6.899827400979989,3.8704101625653773
5.781097237359674,1.6981947690692059
5.9201198984006815,4.412217840684336
6.888570036796594,2.5116629582380585
7.535874361240976,4.463645743659149
8.029851950907343,3.0022715007425678
8.534166890829859,3.728850658921387
11.11816960712386,5.683131912624534
11.378053328634186,4.96979880633519
12.420091415698831,6.8794696941087965
14.37719139067141,6.47450924477513
14.430254497518117,8.611229019109095
14.694784546006327,8.218925687437666
15.738831058279285,6.248038753390574
17.42649432921883,10.695504421978907
17.73959963409036,9.17917267543175
18.10261745392115,8.212292084439751
18.19345703030776,9.373792328933403
16.987857838996945,8.605309778887205
18.10552570414166,9.857629496053187
17.853026949718156,9.775223370804385
16.134274355958024,9.253551212551605
15.990137641287046,6.736380622846594
14.263107780840816,7.395756379489519
13.258411826189558,6.0061691194380815
13.27949581041676,5.081316512491316
12.362570030847817,5.382044362669639
13.437892754139604,5.65739999108354
11.97375344901944,6.3588368971755
12.242886327369238,5.8131017267019764
12.807154427840539,6.750632613057575
14.27462613223032,7.0421016896707895
15.204597902555737,7.725958366668839
15.445802355385968,8.190645626720304
15.534475904485648,6.956311939234302
15.48444395720684,7.578475514542078
16.63191928172282,8.139568663058684
15.984120803718316,7.461378769932323
16.514359401435513,7.247884633432513
16.430232420564124,8.486141450308489
16.680630961339364,8.957882102274002
16.428244580820774,10.051019157696945
18.573619305100664,9.479399385584736
17.926886140614176,9.210305257040277
18.190694614757692,7.9938758230458555
18.477582435602066,9.167536255990393
19.096819200377915,10.795116367452449
19.558572385423876,11.768339911151237
19.994606741799327,10.497542009183068
20.98810482294782,12.154276669853157
19.4948393475088,11.441569546246868
19.516573587358774,11.89419805110306
18.29489202606208,9.93839079759396
18.539487804179824,8.699246406566587
17.368880590767986,8.895017814889176
16.42106286480546,9.466811339064304
16.372816617869933,7.662560727420994
17.781662362937453,8.894889898852123
18.371646538582063,8.386712771354187
18.68096822968073,8.808831981660834
20.097114675234646,8.640261132956814
19.164853944949268,10.771947868263844
17.08583108488691,7.896723917095876
16.675130649285208,8.462892815793023
16.410170851554117,8.737581807060673
17.658208513735744,8.54845574259643
19.81075628848795,8.833373296846325
18.494422446520016,8.653480035852475
20.98532887847681,9.44154017941794
22.56339209092638,11.398757456154375
23.415668644380077,11.089108105615107
23.79747667939391,13.015693318484232
26.237362586937888,12.759780968245783
26.33173750432147,13.68161141260099
25.871884540203187,11.99816978115301
26.0248630549394,11.216999885833358
24.669531243123544,11.979839796345516
25.15551528073313,13.51833619936457
25.05970164237905,13.492035044476857
25.40430074637084,13.881575185781006
25.778535979016937,12.461422473062003
24.7337450723238,11.989500956022244
26.064066711529215,13.138322293359503
25.06339584521309,12.173040980657019
25.965758280534985,13.502398373918256
24.386682544611052,13.007226435974133
24.772559818437852,13.305986792571897
23.966995666295176,11.16554387489401
24.02424029057728,13.455829204902182
23.38752596448094,9.76351536326757
21.219050882711304,10.248187725930036
20.11928215549539,9.481035842498798
20.203010990093137,10.018902820025357
20.84215581344395,10.101350210125354
19.388219631458632,10.772107586418398
17.278372388991155,7.824826957921266
16.421523296746386,8.897347492255694
16.22548404896407,6.93404834456463
15.607666586372375,7.726521223311912
14.813421022073692,7.727533368562835
15.679448453112139,8.762300725731368
16.66076472804331,7.112807814430795
17.41795829916212,6.470056088230508
16.49541374837918,9.898589999963919
16.587101793519306,7.3195017338034365
16.408869640900125,7.868025419828321
14.996831427075202,7.281265274332748
15.894732212068227,9.298945138632785
15.998094475123334,8.678215327997679
15.52858012179349,8.922864709217425
16.96151558446425,9.766622170793754
17.740722569480866,9.335690798986022
18.612101795578237,9.04937370559039
19.827495742029857,11.221953868215484
20.560660997186613,11.249889358809565
19.310636646015684,9.936851505320845
18.93698704720653,7.615558314452978
19.955271258794536,9.359306678570519
19.20138826238418,10.014282917566339
19.253253197996703,9.125870521731306
19.66572120221767,10.752159099392772
21.121886158040567,13.186467781769819
22.435204255009467,11.3023592548128
23.348032951424806,12.024562493439648
23.175876709057285,12.440848161119925
24.104883653949685,13.82084919916279
24.646957736109826,10.184265019162964
24.49897871734333,11.741280980350933
25.870369758063855,14.344102678280516
26.37847302570104,13.138587305759183
25.635815178232804,11.084007476020705
26.915229183776816,13.979743105936247
26.673088770409286,12.003581471851913
27.27955060186155,14.547823354205848
25.767743319115585,13.85752426004672
25.760655330548072,12.495050687677342
24.82646437260355,11.238161010462917
23.86543869159307,12.440271977805441
21.96624673088049,10.620264704882512
24.120727557249978,11.762002165372312
23.981664796866664,11.390427771009874
24.230545204334433,11.6168238643602
25.34903700974546,11.6906314651523
25.237533719590218,13.451076685880542
25.7611643525329,14.018209540098091
24.412043633567258,11.34339455278432
24.6182120879793,11.016991745953073
24.21392311115583,12.861370340941413
24.72396285918703,13.651080815701743
24.914279467025004,13.000128170026183
23.537818767322783,12.915361983678586
21.694983366936505,11.642337488915851
20.688903073331787,10.415339738206635
21.43481086249676,10.45339026826451
21.868470703574445,10.167709763111448
22.28002274075618,11.047234628884862
20.268845681618057,8.362351942353435
17.587315184769793,10.262519997432214
16.971028637307924,7.357364412788123
16.645453670727132,8.587039523459778
16.048794502675733,8.386852585693486
16.40981886767804,8.110770274528871
16.24474748112494,8.078337852010453
15.06450465048078,6.73569223806754
14.189957151714559,6.671583378805962
14.33807642492987,7.9157445858632975
14.415472674577508,7.897930673186087
14.345656951291508,5.8309091456770705
16.6172273883609,8.232834535313941
16.358447286785253,6.405530611387573
16.482231598818814,8.142520801141618
15.489562203649871,7.801894921278101
15.13353316115817,6.193221775724878
15.660482598731608,9.253786159330245
16.22998068874555,6.733021345209018
16.07464191089017,9.239546533688948
16.47137964824368,6.55653006920236
16.52796199364751,8.965802805625572
14.647766255162141,5.3851970361481465
11.373291229900788,5.1520687457830965
13.68446279748384,5.504120518354454
14.515379408092352,7.530567426277154
14.458615728421766,6.371813781171176
12.720577472298281,6.107865497819429
11.445100545569744,5.909756641150136
12.8010110211304,5.358230557667196
10.01283362439578,4.360203179204235
9.688502449213019,5.040590352119164
10.557066820006877,4.271197567993448
10.70029795957495,5.68887561633768
11.455090755587591,3.8901672783823216
11.32384142322235,7.640550938821354
13.717293007642414,7.907013055367694
12.689297021938996,4.819544002746291
11.32706999591208,4.801111711995479
11.601602341650535,5.38193380033658
13.031182985719532,7.014171495840949
12.975291103669795,7.170964327366251
14.024295997365748,8.017072223331757
13.493458720083588,7.850236456308191
12.308184263284923,4.972229728220447
13.708104852248146,6.954594205502592
15.276817884034468,7.413406034430749
16.809946823021093,8.9452473631007
16.37169427363883,7.969173830436836
15.21648702398609,5.757758804683541
14.047114091008476,6.473349369912211
13.822478896168649,9.339052976458351
14.404916687239194,7.157671622908444
14.914088412339982,8.599455062671604
13.479682699858623,6.611079160879911
13.674855520989997,6.4941087898022225
13.692585762563757,6.806991952094551
13.782713505318874,6.608702075812438
13.759016247740712,7.678393934324306
13.557096007148402,6.267433207906169
14.150371142302841,5.152389391477008
14.277230703304136,7.956759030855529
14.502641519557468,7.724195556780429
13.811885701641163,6.431737652133109
14.207663482413805,6.894792187497074
14.086511458334305,7.744226081890461
11.97135025161495,6.3062599723579265
12.45496033273528,5.185494098575818
12.190658766632144,7.398201353160147
13.116940665214964,9.053785915640237
12.95484189917852,6.437865010130968
12.859099376181414,5.3754486302052475
13.070789314088747,7.545125189477681
13.058932906478141,7.870965494113733
12.612003093461716,5.362760732081881
10.818802566777899,3.8482769484472756
12.661490845036779,4.9267623324012515
11.082704647060645,4.987406708344203
10.741182707036096,4.210579526807957
11.394321007321233,5.168258546647589
11.774338019725485,5.36477459776365
12.34160649057995,4.440869782870471
13.11079627227286,6.781886244795275
14.374168973918158,8.47084578826227
14.67145233567947,5.186420977111132
17.57809495824511,8.4210934517738
16.564683162155497,7.69181798398715
16.792062066163776,7.490150683900955
16.43120914380779,8.134895715715802
15.886071836283142,6.7321581905826315
16.173337006059917,8.737703661705318
17.631577677430613,8.305600147838256
16.92136908838181,7.261657681361919
16.210413370309226,8.345897017058794
16.93490220927565,8.384459298513192
17.478896302117207,9.982951803928321
19.43665320836966,9.693645503174983
20.464533175213575,9.669543790922315
20.694124466757557,12.066404273909725
20.364751430978927,10.210322687022924
20.58001423263508,10.46543651620986
20.4047972084782,11.474869840423548
19.039706223408984,8.776222979563174
19.04794098912727,9.236522056785688
18.87281880456353,8.476254032040451
18.640278015914024,11.074621116154237
18.21096924684184,8.048482077908384
19.901038667260273,8.638154159957567
20.59730484994985,8.95817365119815
21.534167596893415,12.379289709152362
20.926496368019247,11.335252226258731
19.903874850235027,9.05311385597468
19.620991198441164,8.869988622066337
19.86506297981086,12.06104310597702
19.51973405017811,8.939827814866824
19.33150609405448,9.51697983168749
20.29292562370756,9.247163169954975
20.592149739943537,12.602681944420953
19.60813480770449,8.904044764580494
19.180135524766676,7.97677730367548
18.52259554412322,9.26089196819766
18.703533932966884,9.458668060812101
17.536282169635797,8.278865457336181
17.357534810238057,7.771402247129078
18.050176565980866,7.000153789652536
18.078900528706182,7.957084731301265
17.165024060090786,10.286917086466394
16.548610003783402,6.441369466884147
16.67296099930685,9.45140800336211
17.156042546680503,10.71698127062888
17.993112884765818,10.183086630633905
17.847901458484394,9.147654652286176
16.530651658638707,9.433151859616533
17.95564427370806,10.119712681772409
18.25353057871825,7.664242480812446
18.659602458480414,9.791773585615935
18.965119086557312,8.382479779770417
17.92762875810244,6.779467287415661
17.608324225137068,9.687205209099634
17.86558276891702,8.0298404384694
18.898210866213034,9.621362817715848
18.95839271562615,8.08138168277489
15.83844425389628,8.84475835841188
15.597092982847384,8.304241718828983
15.94974707670325,7.551406633470918
17.24363620548311,7.598051220694544
17.95495245620229,8.1473972117332
20.44516122204505,10.271646208589694
21.86950351291706,10.16484151010608
23.21716732053088,10.468774008935677
24.159954667730524,12.544871319140126
22.777519379179378,11.626432180958277
23.624569871662413,12.721098830597972
24.22405398865887,12.873055134398596
23.69803344300839,10.534511803724868
24.28467941509028,12.140310747776356
24.702745561538094,11.341717044560022
24.237725972166075,10.624091111144095
24.1143346874069,12.069919079186132
23.85103986772405,11.530391160463715
24.08151895970324,12.344669899489844
23.656943573046725,11.285965288537462
24.201856745568936,12.663847306123577
22.28426888827944,10.863646165455352
22.002340664627038,11.145908331758749
20.317653229844503,11.106404076753181
19.834753824329244,11.56452532830394
20.351690382541513,9.704480209045688
20.37330244474881,8.07193971492891
20.262667220683795,8.4632461882005
20.331459591135236,11.303367310001143
21.900960508305893,12.61957268100512
20.79470854186683,11.17066978757836
21.682441705759608,12.25995080136706
20.169844908123828,9.652999638731094
19.702403955058195,9.234626025505563
19.866001421424986,11.15717084469743
19.014321141799158,10.214490610421448
19.219458516658005,10.101387493220814
19.948150929681123,10.539364122356556
18.75440834433012,9.301063413580149
18.677036470306508,7.628590331571457
18.300470226500774,10.239508541956715
16.360086476392528,8.39529047128779
16.173012317023797,7.312510255137332
15.375241652885306,7.157842418994347
16.7143265291132,9.180252880355354
15.838763807168599,7.220678573024524
17.538236005501176,7.598205870492789
17.004789196384976,8.853484638707219
18.94293323803173,10.28459477294358
19.48232220234918,10.635592765180164
19.9361688409949,10.772569939039391
20.741882878238364,10.64291186864986
21.644190551861115,10.610401081023776
23.04748196787239,9.588085644603353
24.780190241812615,12.217668638218914
24.433476525797698,11.57958968867384
23.183341685135893,13.210912394707357
20.51158537046323,9.730477257491422
20.124332327124343,10.360319492100485
20.884580658753407,11.219361130767313
21.26294291980356,9.482328631962217
21.378128904846537,9.501507564774052
21.027932415741226,11.758210111670516
20.387939908341373,11.375679924600728
20.104265541744844,8.359308995481978
20.493241555593507,10.296515518226018
18.728634214593395,10.683352349929017
19.457556056901304,8.902350001021547
17.999097537386735,9.014317519069692
17.84084711544109,8.990287212706953
17.206328784265267,8.215375460276622
16.836798791228862,7.859860685116091
15.789039591649011,5.1916789697637515
14.633318393241396,6.135627161490275
14.399944503723184,6.792525239047776
13.311912012658668,6.799882796017443
15.767180506703252,9.600783170807611
15.346149644493714,10.074781386373896
14.684530217942768,8.667097953024685
14.129080060038726,7.202867863458607
13.051318591490833,5.377453307278707
10.588542211197371,5.04824595316211
10.326024469403722,6.184894529248751
10.6297026502421,5.123149456268015
9.118963976811347,4.763123265329659
9.117455547492039,5.782042670587991
7.900589028334917,2.985503502888571
7.857631791687316,3.1803445158207997
8.209547521776736,5.556275152012777
8.687575448261246,4.868638538370596
9.115182914605294,5.481921315302348
8.403299545152576,4.448368977298886
9.275599583674714,3.601715716436198
8.819603322599718,5.714875665624195
9.161546897150693,4.165122155114995
9.858017134678377,5.417367730488922
9.545630443639993,5.342028324760485
8.252813818764155,4.581111121566338
8.85790448990451,3.2832564872321126
7.732206154815646,4.35325283961316
6.832557502531574,2.1240059079573843
5.721295797325445,3.181499333646654
6.555183627892553,2.8711479987544943
6.383162662972271,4.693003117675919
4.125623764926391,1.4636080932445819
4.851573451414128,2.264717662785829
6.913466648214518,3.2785477660350373
8.70446045681913,2.4107021970869242
8.127345136980182,3.804109947377485
8.195383784717999,4.023544303168886
8.694771898607863,3.537345902913144
9.578647072601953,4.595563548709193
9.603762665286755,5.038747151830076
8.499428547747424,4.593964798622046
9.24418588981014,5.132873556706554
9.849288636688293,5.940963613947734
8.508464336918243,5.354725685673241
8.130868248302379,3.744013723105286
8.389293222128856,4.486435667105603
8.375756181970715,4.122883861633159
8.88925594707868,3.9455585398257638
9.67382264459379,4.299121137621845
10.204394829196248,3.9874575096693894
10.078250757021706,5.185799377439679
8.717821983099913,5.267920279771294
9.322026858429368,4.197447430663328
10.711609075604855,4.832218665841575
12.675517347557507,5.380852958699806
12.630271064440569,4.961621104621261
12.582462194914868,5.154090740503759
14.016742538465763,7.137590676554934
15.443285353824724,6.015094405558786
15.771377825039057,9.427454634180139
16.47138045150489,8.981525096143423
15.69703708969087,7.840564392918466
16.26803581317568,7.480103145945315
15.428566021173731,8.555259973447829
15.269924688549933,7.248495662567985
15.133208244562692,9.444895551712836
14.650688148932536,7.139423703561495
12.525007213449811,6.665332182270288
11.68475805936054,4.963511460709485
12.003980550438033,7.033327743644755
11.9290407059703,6.41132733048778
11.521240932992468,6.215378765043864
11.935820114341638,7.590381805754465
12.61040662201846,5.407746255986777
13.443785972644502,4.857569530070666
12.621899505004613,4.320720723824156
12.628133566707602,5.585759547374177
12.278399814489767,5.7546312394699815
11.384179268572721,5.285531896939067
9.871388117974028,5.381139689655817
9.756784202965958,5.9128183578912346
8.867399156316585,3.673139393468949
11.004315662913978,6.687172895592527
10.889082416972837,4.872353090270613
10.64795052502709,4.320738252773886
10.233636185081327,5.818002834979376
12.092540173841767,6.870626615987614
11.134011647874418,6.214296429355988
10.95633123627323,4.459784793104463
10.169985130375675,6.429712913453097
10.028623086832116,5.391052729947949
9.976124796919498,4.194753764568034
11.0583257028868,5.547050370855804
9.625380376695986,4.989833690741827
9.587747552578852,4.7410327605242
11.187431687648107,5.003270015631161
10.660853332731003,6.968668480244088
10.466580315243592,4.733241566016539
9.562802691251767,5.13771124880986
6.927697157651416,3.396835985315597
6.806248996845666,3.645847416683742
7.9650682754423245,2.371005630875417
7.480400229562899,5.700845076405202
5.616960157743443,4.276735429531738
5.866500221334947,2.8716629435437646
5.928628787125761,4.079002064957282
6.9121497907329745,3.531458775739118
7.805744074687976,4.696661519751668
7.518629655216796,3.6549483508413543
7.901566236687802,2.413826518142967
6.0852586336840595,2.4458385488599195
7.182121025533555,3.0167214287360373
7.351091847862472,2.9807485997435013
8.41937825127301,2.207108999617964
9.465146285246682,4.489209582921606
9.160800756605088,5.13017308973485
8.994366635031033,4.852621849284475
8.102595922313984,3.238213022258625
6.019241536210584,4.633104156231916
5.870269613127988,2.706511102442346
6.006914748911626,3.3440884657004895
4.904107966151507,2.2263984473424823
5.598914393818776,1.9811814778014827
5.680384200075294,2.9524977734341262
6.117001385829538,2.107677479736131
5.330365040221243,1.5530632176226469
3.5488513946735294,-0.09979715792340049
4.309771745217934,2.2976728132585893
4.903776964267819,3.026109203990143
4.776970007634352,2.314923275256292
4.338863562314495,1.76311547343352
4.044844470701385,1.7863574922887075
3.8909062285946305,2.727317101268536
3.3650832792284584,1.1606722015220257
1.3371202489724645,0.5857216366334979
2.104388437395645,1.381064342387086
0.5926317260919192,0.15388237541350358
0.24282524696409302,0.4171231655822382
-0.08078589036488415,0.5779510565185986
0.1635989713827031,-0.21840022103296836
-1.4664740318947442,1.122189870270414
-0.2756649463905123,-0.8228470021842295
0.3641852591436765,0.16667328644658008
1.1188891671900032,0.7883781851182861
2.3715623145441387,1.127305672427795
1.5593014131958645,-0.3443956179741411
-1.5893078175258577,-0.7825974764209922
-1.269051103319501,-1.5872005822509747
0.031749884204241186,-0.16357308194307096
1.1833556350542251,1.0883315507521296
0.637874315701666,1.035003510958342
0.5371449557342862,0.2229745334939911
0.8144412347014005,-0.08369102688026081
-1.001004030959814,1.5710395575359613
-1.6754538985259502,-0.9664262293289736
-2.318699576661954,0.586577156002084
-0.7414998449871697,-1.1507591013043328
-1.3986856210428624,-0.48935020482774977
0.16706506045941527,1.60760125204209
0.17612670365298214,-0.7887606011462793
-1.5043674327551477,-1.9337685685771637
0.7101074284659228,1.2814530390835501
-0.2642976787796164,1.3951608562189317
0.35243633854369594,0.9610911368167774
2.058023325558126,1.4505547451207088
1.5228764398833996,0.23566789957097078
0.2923009775739387,0.4789559838431725
1.33322169752706,1.505293627046551
1.398639019576808,0.31369757090389605
0.1713062730278878,-1.5145408907806674
-0.9098953782867591,0.6180320843948169
-1.2995567413591647,-1.8057493036200878
-0.33553705045788584,-1.4909985874282388
-0.6225950818603618,-0.7871156846176199
0.031924983615761016,1.0616958378717842
1.6846388589395938,-0.4357925620503351
2.9540639082069244,1.4994610399827157
4.391642599375574,3.9912628326407074
5.6235483129341635,3.188070236901385
4.015021254615297,1.7778458869233194
5.237964776441016,1.8114195173104335
5.566505329179135,1.2461981820629464
5.442107465300764,4.045986664498163
4.3574583652205785,0.8536188395164157
2.7684506722054385,1.4936440844115526
1.6573508091679057,1.7559170296088369
1.6359868143406344,0.22006155936220173
0.4608989066330744,0.006947715285605394
-0.35557590810387085,0.7936453590019585
-0.9722844886287074,-0.38927470494661526
-0.305745843451099,1.0040909699535792
-0.6009256491300229,0.7772093400610545
-0.7468199202057388,1.056617613135201
0.5794098607719198,-1.115062627802279
0.25816688689958955,0.4072817384043956
0.8574091540626694,0.4824963030769948
-0.19988851252430262,-0.30630365742948473
0.12925782977461658,-1.6141346951692932
0.24877261100443354,-0.049070453166665945
0.4241149862830176,1.4251555468375519
-0.042260369646288654,0.8927001391808495
-1.072858761569035,-1.2443390711396938
-1.3723879856634975,-0.8139259327538042
-1.8403620796357458,-1.0548394827184289
-0.8069867338731231,0.361632577901554
0.10084765075522428,-0.6406856643715585
-1.1012735573856236,-1.2018258730835432
-0.4739504798389852,-1.6425043281504559
-0.9536820358102747,0.2672818375446453
-0.4947616911881048,1.5651972625119566
-0.976319177384496,-0.12105884716589604
-2.4480866864726676,-0.6574043769824703
-1.4318191935642741,0.04260013497108406
-0.979523809951572,-1.610909521481497
-2.205210920523766,-0.5226402442565368
-4.096623012585926,-0.5913820385551092
-4.630846853335012,-1.324707675018562
-5.812690473343487,-3.108263200550991
-6.176605110693961,-3.842203474962627
-5.5563284056988245,-3.4477124979024234
-4.087243487572817,-0.9080172996855012
-4.444045059884164,-2.82573318196982
-3.0666919995733632,-1.434928299865995
-1.9023476880260914,-0.735419578388951
-2.336767404766081,-1.4614245421518863
-4.003790563035363,-2.9043959383857416
-3.1501998448923536,-1.1634130320271803
-2.5397925118244795,-2.015284930267684
-0.18487123607682676,-0.5171232182702638
1.2469040744406317,1.726666295765778
2.031260804237954,1.7039577429991692
3.721983445012168,-0.25878096640692605
2.676712108939249,0.24283136531485017
2.8737113548668183,2.168627185718308
2.604158545277299,0.40083949162903865
4.350847697249854,2.94467392710346
4.920661598281833,3.474838435141294
1.8662518124060368,1.9414971214775356
3.2425068736689155,3.3199200452636095
2.342206343067226,-0.08873763891523145
3.127041241347085,0.6960240022391428
2.656646862990778,0.8449576387558635
2.910867255296913,0.9955143650576519
3.556736488563616,2.7008419038451277
3.7621343879242035,2.3442441888480796
2.820134045317049,0.6158810614482607
4.2321130831109315,1.686261925206682
4.642531386256565,1.148139657424947
4.639706716673332,1.9795397003594075
5.360367808123172,1.384359279074233
4.840021697248373,4.268287490244642
6.741608360402992,4.180757477685306
6.982616964262909,3.1697529044499677
7.364774262932768,3.5568483811746097
7.728880214878978,4.657097088956047
6.833463874442422,3.42609899924368
5.676716539616015,4.089433324199717
5.911854324768139,3.1475801677897572
6.2825277874455105,5.416978865283782
7.647110735243605,4.503127752332059
8.117170570378779,3.0160366012939024
7.046864063319816,2.563475811895805
7.592296690235712,3.3087014070415037
8.438934355423587,5.971164314289171
9.46131258555979,4.447361768123228
9.814325443986801,5.841091075108169
8.612040244688181,2.9393509191956797
9.792743022554891,5.442766161602503
9.080097865055233,3.5142528562934587
9.673150765394968,4.400761708166709
8.119394103737449,4.078708168282368
8.903323617568917,3.117585441782505
8.13749015460462,6.382765127615658
9.23904767786927,3.542273094176443
11.022160062250526,5.04707083579253
12.210606856678549,7.7899564481861505
11.061196286695655,6.471332399873952
10.135374634965547,2.7152249460598106
9.282768558545698,5.073424135480774
9.963206600467458,6.053351887279051
10.326414859527432,4.193823041250257
10.502298194595607,5.281292655910309
10.828911384961472,4.716223649053288
11.425711218620425,5.005979743253532
12.0939165829202,7.766324581210025
13.800149411658754,7.897108639150289
13.760193400782333,6.105385756888391
13.97938951115281,5.821619771913348
12.138505827496596,6.847508816457658
10.829160482473744,5.683852962069951
10.149551574160427,4.800807074204821
8.97641744121074,4.770200937989074
9.209577829214393,3.369935869714733
10.262534524469269,4.44372581382507
9.83790142309196,4.239965874487286
9.362468848809991,5.944007572513517
8.8600124008096,4.46032615204797
8.999414340459666,3.560749368493497
8.46237012790894,3.553252757222868
8.896311371364556,5.560866539449208
9.20386799967157,5.007412916972525
9.554231146973219,4.307718230901317
10.323638839158367,4.8691117442874114
10.359725165756123,5.9640763774726615
10.507550341024674,5.016754660767455
12.270553199308699,5.950289117164819
12.227703537554197,5.501167531633636
13.028058961096988,4.1816972718895995
13.083761287211367,7.178829197370834
12.626576680280824,6.208919695768351
12.169767950837398,6.950095002444953
11.349367442622366,8.779918610764842
11.360718127226695,5.397771582848981
10.755912597067155,6.0122986163617576
10.33186335869347,4.864396744394009
11.550218394947649,5.101301537966073
11.415540394186214,4.96925402210134
12.55448578481356,5.966180303054465
12.818662436519036,6.50100482408046
13.679127201394314,8.600249713990625
13.066578686983489,6.944309478370862
13.211928355492173,6.102575608435883
15.845364114550524,8.939185770882936
16.670306366841427,7.495569903794896
17.670889489257185,9.57709988743801
17.900951690474507,9.227743996318093
18.754825731584756,8.900469864836687
17.58861794915439,9.287562275383065
16.733160481578604,9.520923614051542
17.157126165978127,9.258825336856784
17.97197078377538,7.193717339472451
17.556213780007045,7.095999573056612
17.362541680242785,8.607053213888435
16.994096552362446,8.240765166688815
16.799041540468213,7.023544103218738
15.590688077878488,8.562896777314453
14.149279062904426,7.579271064429079
14.05816954796922,8.245739345570357
12.310383843824315,6.462674862828317
11.320977488039865,7.3820422036964946
10.649072323921208,4.712735645067909
9.583617539418277,4.4343222968366725
9.808210401211749,5.57466421450972
9.347426083566056,5.076726032513135
9.250684066111528,3.156320116998648
8.223365741472882,3.3621480237614314
7.463001462445156,4.339403538260797
7.95591261218489,4.127511036185918
8.298521418872559,3.4616508763832536
7.811834872622988,3.6448858217759716
8.153094815591585,3.952076144964397
8.317185103443473,3.9733821942875722
8.452112532052972,4.700985291286878
10.021470728262079,5.678105088019569
9.59438922638411,4.057990358310856
9.98672290573298,7.289018093496017
10.38033611006845,5.512287759588221
10.117638730006632,4.959814536038967
8.923376952089255,6.335271086177766
9.583980687962818,4.831724854328175
9.814622896123804,3.782778707031479
9.83201954041257,3.650725379548164
9.821996598843889,4.35611835634708
9.808893383450453,4.311716759879767
8.879323855462927,2.74438722078027
9.134691222205793,4.202437665688231
7.293668705099852,2.8203523834327626
7.228205175269558,4.88608332397928
5.691263581276563,3.297306060117954
5.29721746569745,1.8401786493800318
5.969314075783128,4.007247086773342
5.665660704472444,2.662287409275185
5.140498751184822,0.6294647803876381
5.60748086705629,2.794607127197907
5.290543771278012,4.073816889658479
4.834060485448685,2.5085967671215528
4.3913248484376215,1.6057159828025815
5.852934780697911,3.0186181690298683
6.466143843920581,2.678007866184505
6.895121033881965,4.042868626401235
5.6523320936660655,3.120433916183314
6.217973831524217,2.8143389502990708
4.870669435386033,3.2619125151870136
5.294859843076321,4.3369371944646
4.123037708757936,2.4168067993832
6.018641425986911,4.304971620726775
4.277360623576156,2.987675169251573
5.440931912941753,2.5761320528871723
6.183218088517631,3.1806254037920163
4.348798868663291,3.6717396041396926
4.048477483781207,2.4560536490756086
5.432697687470471,3.710881074118731
6.508304653462068,1.7662306216422436
4.789329674159264,3.191442388937454
4.208378750500302,0.44864734011225127
2.973563067088569,3.4674122562279592
1.8873958598659235,1.307645231772634
1.1834325972487267,1.5143560074939797
2.962308317079051,0.8788761016367435
3.0329958532626375,1.507135155342794
2.744232982660087,0.356890697084711
2.346335470517769,0.2855322298225136
2.9489430960453276,1.7372635303368555
3.576266393709352,1.5028431272227316
2.593365161621196,1.0543974097412658
3.9965646811376914,1.8804824089168959
2.8497331364984424,2.8171646639092254
2.5083806560223465,2.292437316087236
2.8944280835419423,3.3599897027652283
4.540376514655062,2.09459254840698
4.129574207280776,1.554934641184837
4.350697374827166,2.4696752924624885
5.588197925876548,3.6037291956453315
6.146513706146585,1.7620866521886818
7.208601454844215,4.3105265818308265
8.181757672508606,3.87043403883715
8.376586481342338,4.729124680161919
8.942279368959088,4.852068313863654
9.793759045507365,4.698161547649812
9.700910058086842,4.153603510645833
11.233973883418274,5.433238034697976
9.182981133961974,5.742473983383248
8.197361092678317,2.478588067465215
9.576040530639574,5.023407914770546
9.938030184484472,4.885956303521501
9.229170957771826,4.490410104363833
9.542401592665051,5.031000535748996
10.564260750329645,5.769356449889962
9.940754985354125,5.033320291348976
10.644098559474035,6.679820493485492
10.457566125801604,5.002740992634557
10.279860222361688,7.3463872508524535
10.14644462116578,3.2705449420492494
11.193771226362465,7.243989886793892
10.01025293802907,4.712871308248187
9.578899688549194,3.6523387545255774
10.177519352386883,4.255700701060681
8.894866186428102,4.0038829602916115
7.250449588292523,3.8332144847880416
7.755740724588542,3.8453786895216067
7.693728671609551,5.18524356483174
7.483081150987474,3.6408469556584837
7.561949046316482,3.5381918923459623
6.526458648653186,2.9648023129444723
9.375633810002169,5.266448163796331
8.328240266757687,4.264631266424155
7.8296046696621096,5.468470257257597
6.344773896203316,2.6644572407210654
5.865606422962108,2.6184436875320327
7.328452468506056,3.2370206571087468
7.2840381626986765,2.897576591389875
7.815493553275164,3.5198929747636334
7.26876030085776,2.770864805864453
9.018454665429381,2.3344983515464475
9.11899433962164,2.8434878034554867
7.807372298562571,2.7520953409943365
8.5140134304212,1.6340626447839979
8.081073679022866,3.1484776188527928
8.62468698126533,4.835928056275621
8.700499692078498,4.532427962023637
8.900607599255126,2.7402113454372494
8.97380885741376,2.8612788752923812
8.004945671879444,3.334037231223347
6.439359262142238,2.2993884278191583
7.351605698436189,4.103972392504609
7.152486345570396,3.563603493374329
7.3744144200952935,3.795898463252111
6.846803364104702,3.0189103479767794
4.759814522836429,3.162031083638423
3.419011906525408,1.773335567785516
4.75031330153789,4.857434901442355
3.900899378224894,2.60660372075135
3.453955774554762,1.8330679569843165
1.92225999660304,0.6906011360030974
1.3299363161867177,0.04129354869466095
0.8924627308270532,-0.607501163129818
0.6056617381543845,0.44203994856009854
0.4664646640639988,0.7135742588539618
-0.23080184115057134,1.3861749838539912
-0.8712404844251387,-0.1539381842188592
-0.9513783003738125,0.42318695775606696
-0.695260808343685,-0.040851266883065285
-0.9042366294810282,-0.6633297508866736
0.7712165977539969,0.9230537452795566
0.9092543066331823,1.04513286815748
1.0028023516832432,0.26666502981896967
0.27896261410945966,-0.10445671700804307
1.2378685750977554,0.4987578609853318
0.14586883069162715,-1.9555538847715066
-1.5409374138342076,-0.4604561228551005
-2.585182429875205,-2.6997835052528467
-2.0354238753911322,1.2783795660616197
-3.249414265685619,-1.7592778694077205
-2.02535344359005,-0.715722073943625
-2.1180240217181683,-0.6776524736703657
-3.7043370546559524,-3.54529846939841
-4.003801903663039,-0.4462138224500931
-2.2909442970083966,-1.7213808539197937
-3.2217158092724576,-0.4681414317368906
-4.602380997219815,-0.9067262038026349
-4.161055143080004,-1.0953795075889496
-2.9259882194192675,-4.267386602073522
-1.9809896152831064,-2.072232144647571
-2.3809172284406177,-1.579274099160638
-2.264785289392485,-2.3360853349289536
-2.011287403501585,-0.9987578509161121
-0.9088037005683831,1.174237189832043
1.1682819625875527,1.8837843374628835
0.9889424749975996,0.1384335584163871
2.2166246674353185,0.05802357910240441
1.80106191437289,1.7328180765678853
2.318461071551091,1.9620742452135227
1.3136591338613783,0.4419002967407395
0.47802449577026185,-0.570214609274257
0.8216089238384049,2.0452991092174924
-0.14676820222844877,1.7118103118040264
0.6686384540653825,1.6848542438721177
0.0463784193180099,0.909884719716606
0.05221731139076813,-0.32303747219049894
-0.10295019438806699,0.2979473754693367
-0.5079851512609594,-1.2980762023603922
-0.4486667545336205,1.4193304531402808
0.558937516796072,-0.7581598207702254
3.5925229989109795,1.0699135325355138
2.334048602613982,0.9310845083479449
2.562559630501968,1.1612628251855335
2.3154123503376165,2.690979883690681
1.3305298590194465,1.5525135473144307
1.545266604574964,0.03062841185244325
0.594991594392454,0.6823836858409653
0.44524899141240987,0.568495233906602
1.6133941389440267,2.381572647913893
-0.479130976812854,-1.8365995371833357
-0.30305969974421587,-0.6621732784117557
0.07209902894893622,-0.9584763172893098
-0.9568378102051454,-0.2288425897555137
-0.5045263028502814,0.7199723561535287
-0.22453360576985304,-0.2550423762119971
-0.6450396541107611,1.9513147864632898
0.49542291480473166,-0.6651156102075793
-0.8834900571279086,-0.23594277399760094
-0.3119476097249948,-0.7778333136453355
-0.6170774542622948,-1.6772132424449286
-1.7450302136604339,-1.2596874350032952
-1.994169644877454,-0.8937266553984479
-2.4150312346447915,-1.8576069831015722
-1.6678212599657298,-1.46598240981119
-3.2346521108628767,-1.627394170682358
-3.5009348896472656,-2.3963810472577034
-4.028265656177172,-1.0194007960526332
-2.5271591039894274,-0.5971765282495711
-3.717155562371314,-1.7458201956029855
-2.730639287077651,-0.27339786284620327
-4.559569213327905,-4.491629995215442
-4.288752739012847,-3.0708669553116263
-4.498711747573356,-0.9019883847548587
-4.195546806127382,-2.9565238969657184
-4.97384475397405,-1.4657748904815175
-7.000901279773542,-3.003394054835853
-8.623103789044519,-4.142665692751297
-7.388724298404316,-3.837051173675488
-7.254559885151797,-4.77503863526792
-8.198670739138086,-5.582684764880514
-7.379636558994362,-5.397209214325034
-8.206335948031866,-3.619165746276261
-9.027612306392601,-4.50925219273118
-10.323686710774467,-4.804989828121158
-9.230083054236417,-5.7280075884897155
-7.352155746360453,-3.5957769783110174
-8.401390757609732,-3.0597766914674907
-8.198203504285996,-4.838188969837671
-7.307364973324953,-4.125600896579968
-5.279571235809518,-2.9834388658933713
-7.765906670893144,-1.7552690011670222
-7.713918478309661,-2.676182311378236
-7.158459231793099,-1.567692257745302
-8.72869174805108,-1.6420625452918154
-8.412031474736924,-4.417935120464113
-8.30657087171399,-3.7959374339669614
-7.6756198060445335,-6.22081901734957
-8.35103863318995,-4.03544036955986
-8.026657749896726,-4.508325063160272
-8.725630854492417,-4.289649283933776
-8.21370518350999,-3.9625751804136913
-8.149781090890675,-6.261535216590184
-8.621215860513361,-3.9662204818643794
-10.131582414233089,-5.518714338992084
-8.578618987819208,-5.589013117207028
-7.564754900928213,-4.413065593435445
-6.78015890751735,-2.5970698189494534
-7.539925939205024,-4.470850283097776
-7.98567958278536,-2.5956660735164165
-6.41089209314821,-2.7117298230196125
-5.761718864329948,-2.942627827243705
-6.708552125899829,-4.37666607081341
-6.756913909597243,-4.325893159826264
-6.7098472253371355,-2.2770345266852807
-7.003591565938205,-3.5840672584176234
-8.040704859188718,-3.8500455210522633
-6.878871530922056,-3.2449554204905855
-6.381880718639601,-2.406244595752229
-6.6707423246954045,-2.652976470664267
-8.334823637175612,-4.610079233099612
-9.008660896950767,-4.269038635060347
-9.10255163466786,-4.813852486199607
-8.323232461034223,-3.6984681974102287
-8.780702581540242,-6.012180256321175
-7.759113842285707,-4.180489080276618
-7.704679471275977,-2.6018827986289828
-8.534184965238497,-5.6426905168787425
-11.411126414737728,-6.487835967169989
-12.66897904276291,-6.208260787423835
-14.242264024421347,-8.464791884450127
-14.475590405418629,-7.266500722841725
-14.223947547384665,-6.907586690758995
-12.913874692933632,-5.778786251998819
-13.005684886893725,-6.424883217057655
-14.242446179174184,-6.926073545021777
-11.967657528156796,-6.529582213349289
-11.733185895744107,-5.7137320108782275
-12.073014248262934,-5.867732513691432
-12.411069003611747,-5.822122303297475
-13.838191648058427,-6.258197251957229
-13.276683425385418,-5.967662746420614
-12.976651971667911,-5.878311811653084
-11.46085827729955,-5.5502893513165334
-10.43086628315647,-5.2174806762566694
-9.633690658357622,-5.413189080339979
-8.445737061858505,-3.6300560921724343
-8.79955051485482,-3.2241841343104674
-9.31194447171214,-5.221230216714408
-9.42936815398154,-4.148520705216814
-10.742294094906446,-5.5713938703536225
-10.951287237970877,-5.73103885268007
-11.345718847306356,-6.779375776475635
-10.740754166105837,-5.7163220130051355
-10.818265093067001,-4.848429217380555
-12.788630276650363,-5.969664140080238
-12.819163988742643,-5.632838074126793
-11.463051540209289,-6.493892254579398
-13.357669094289404,-9.005860577638884
-14.175357877443883,-6.439609925891886
-14.215839785090688,-7.232921616434988
-15.598764146761951,-7.190357006103233
-16.203872025906097,-6.300612629137737
-16.202892048405005,-7.0909863460149065
-17.57644246796674,-11.029805045038337
-17.335471841835776,-9.256334276387358
-16.978560005854963,-8.914836563205474
-18.298328732644052,-7.6002833679899595
-18.321926555311613,-10.022770075022905
-17.291728413552647,-9.07869575608342
-17.516268513636746,-7.73700146265111
-17.128379528588617,-10.496369125006572
-16.532045418548982,-8.938740192909394
-16.8129217431325,-9.929669332273576
-15.875355764727255,-9.156589870368206
-15.534650957658002,-7.403354465414687
-16.569040610473905,-8.353157351808125
-16.089011811172746,-8.29663264458283
-15.265335436302163,-7.803477745092091
-14.500628688991732,-7.807726364102164
-15.183693221797077,-7.771055292760816
-14.762046789269451,-6.966769192618545
-13.426400341931743,-7.621032398249129
-13.231530898663125,-6.568555722094169
-12.08178810755559,-6.610364233202248
-10.814738013615244,-4.533506650875467
-10.883757623095358,-4.269468446917596
-10.254772599441877,-4.52529136981322
-10.575969730885161,-4.304034810276219
-9.53761127636084,-5.317472037247392
-9.657356406757973,-5.219496776716969
-10.235504727547042,-4.961764120742419
-10.288703506235183,-5.491389252199926
-10.388217264022941,-4.630094079962989
-10.0324043555374,-5.230373606059942
-9.592762284813992,-6.13513347219338
-10.782632236872614,-6.465505260149609
-11.458586220623198,-5.49764653605699
-11.122502409761811,-3.1683313689403474
-10.664490359214028,-5.2454767578063315
-10.600875743850045,-6.916137778452828
-7.9881878471183025,-3.7837178648152294
-6.888878373312994,-4.191957799236058
-6.983220317780823,-4.8904958530297655
-6.271418390094231,-0.4823427898217503
-4.948650276768154,-0.05581603969252047
-4.597001936282261,-2.3802977097138958
-6.3549643567430305,-3.250429327499308
-6.268611011543789,-3.459248745941692
-6.227329297132894,-2.303551537176613
-4.102563940315479,-1.2231896352377456
-5.946920046929225,-1.8887567911433645
-4.4057758786663825,-3.3466350716850206
-4.565690845351512,-2.5938718551159408
-3.63683050713691,-1.0222327085886285
-3.930054557916036,-1.836093347249758
-3.7544806275753255,-3.420144039991367
-2.6214273193952056,-1.3308622138185116
-2.5345257326074733,-0.26189332701983115
-1.4766357923395146,-2.9555992144248706
-1.5528677725273412,0.7885307580621219
-1.9571602954279945,-1.1588537496096103
-2.1696142968566052,0.4183548658039895
-2.6654492426297574,-0.3604824957693292
-2.7776821167302455,-1.0192327068202494
-1.4067540924504598,-0.8042289267716214
-2.5672949015595066,-1.4681222630341926
-4.217461171742893,-2.830309963735756
-4.224798830120559,-1.9749985305482922
-2.528176132297262,-0.9329435986095662
-1.4686043119245253,-2.299638168792266
-0.13221768330743489,-0.7136247204755358
1.1328595953858571,-1.889922524644096
0.4190701059866144,-1.4294374091656619
0.5538733722072813,-0.5729596184789824
-2.089829879955818,-0.5981691439334742
-2.681397610639805,-1.3834928224173622
-2.0553488548132717,-0.9755723676062339
-3.5929242205538783,-2.3255320852154173
-5.6335658091027785,-4.023776718422473
-6.911634831310895,-2.657480530264933
-6.670644925699355,-2.679025153165166
-5.479307238947514,-3.9912681472217546
-2.8669668619428768,-1.805240446661662
-1.4089456374276441,-0.38547858327185563
-2.8959177300273535,-2.614299072753303
-5.185914482620856,-3.4855677251534836
-5.003653550527311,-2.1149663293518772
-3.909926750688527,-1.8844769522809093
-5.491981163108472,-1.8145445301701593
-5.97641391244079,-3.3359964474071533
-6.3860602971651135,-2.5796804147845283
-6.309473224073285,-2.6540533523198553
-6.444482522808612,-1.3030767584534675
-5.881087175694427,-3.749154372618491
-4.774180277984548,-2.4630065000699943
-4.651105527372497,-3.355625669272186
-3.847446968042317,-1.3077782850588031
-1.7990967415961814,-0.17821715864790322
-2.7642654770030357,0.3166735352262604
-3.753542576746179,-2.0726772477643425
-3.1841065313092134,-0.7205908745390887
-1.2698130873184579,-0.38493822262389277
-1.0391714501770144,1.2356170395543324
0.1191495252911079,0.13993021341827855
-0.12208724506969029,-0.2176083894457757
0.8624926531078285,1.3390778902293812
0.3060971817439524,0.1080207425103619
1.0527488632266848,-0.13750030328903728
1.5220425095052086,-1.0122175630631036
1.9924870655368077,1.5262174829474773
3.4471174131230398,3.047634928852726
4.595070480382709,2.482883379834156
4.07861799671578,3.1197240067336978
5.048565398434853,2.1886269901030477
3.4363582858385993,2.5408749806703836
4.5147679521724005,3.1920693437794494
7.356226207264477,3.325645222876735
7.981065219711515,2.626445261669611
8.585739004276745,4.080345270206088
8.748491910275167,4.4517355018697495
9.68261711143895,5.622003260791043
9.336265155998648,2.7446941228586836
10.114901385623781,6.602667934937238
9.953441972090763,5.626902314376035
9.641772236567748,4.602552953206569
9.880807827865581,3.895619395345272
9.937746625100495,4.354536672412092
8.320680023367581,4.620815520273007
10.517421860437128,5.718283397856339
10.77896225885497,5.783655149123912
9.205768834438311,3.014740528774433
10.406717407109673,4.754599091377576
10.502103943409278,5.238229246363491
10.830878247823316,5.210762329658547
11.662548574202168,5.208022097145215
10.89223524662639,5.619182117282559
8.073427877818538,5.295166962409992
8.098648216473334,2.760510356310294
8.465961308574498,5.502345659501924
9.59394729008417,3.8344931693465005
8.962344322491726,3.536202753179375
8.820922102657267,3.4033114239053255
9.34557778779517,5.486434445256771
9.154597419829043,5.078569053296651
9.030495483637255,5.624073031294397
9.41073748812595,3.9283868865986493
8.540030851133247,3.090517696961431
10.249372331123281,7.294206654652578
9.452130905901148,5.304392699698346
9.613107700396956,2.30578339659615
9.408211008822839,3.6651066811737634
8.824570328746415,4.491109725999964
9.483775358786371,6.245890516575534
10.618639784284868,7.248892453978879
12.197944533342552,5.036195076200975
12.903069586302674,7.163017611944756
12.577540778111473,6.108576698421535
13.56262089343995,6.496645500750041
12.24002925089733,5.717237764898473
12.410358406161786,4.980454594285316
13.053410157113845,5.626509682339922
13.737305486774938,6.523189425508295
12.703763391706822,6.832146340478259
11.32266526055871,4.263367443519284
13.099323067821718,8.034834580166061
12.701221826472878,5.988833971477628
11.165775304402198,6.411076320887043
10.036458783990641,4.043305396986637
10.158332447110796,3.8825318626977587
11.445051096294417,6.878130043174465
11.547252347831316,6.3677255233182875
12.850974649866682,4.447281325893182
13.178838830559434,7.103423138781065
13.750507904518493,5.2395074614360375
14.833213184886667,7.886033424478304
14.553939136741398,8.081010427158759
14.945360737073235,7.485935776328115
14.651315886429705,7.000907787058694
14.106684249216409,6.879119834182032
14.854071829971199,7.367957672960691
14.122589904955442,6.218717133198462
14.290971330709368,7.583829941479594
13.586778059757485,6.1816421235639
13.583048592883872,5.030397822002549
13.139475766296021,6.887113418552018
14.315861627146656,8.980723100889302
14.475526131297038,8.325643103592578
14.630941525438995,7.146352924442288
16.355256197716123,7.42916872267458
13.533152371614449,6.246578350658732
12.485670053317872,7.617204268316707
9.810020210845362,5.6890575627313025
9.864351146960903,4.065566127907383
10.36145323533757,5.432754684318617
11.061558916303486,7.073559429405185
11.384106649083623,5.7913187503427475
10.5641049073585,5.430986723714104
12.367090107568874,5.635023801551357
12.72018766704071,4.6723678771655095
12.50549632954856,7.171521645154007
11.42861802925544,6.396041411017264
11.891579514078401,6.712319875023272
11.441090154739127,7.039255718863781
11.03024156842127,5.462648870322161
11.274642869468302,5.251905877096572
11.52847992396299,6.242328451349809
10.742117305611092,4.157271537959354
12.028736194538379,4.05484031194612
11.058602924635878,5.188805308671014
9.972501867497495,4.367317812762852
10.309983766917366,4.283838418569047
10.465800578984751,5.356313944060716
10.56303566834091,6.043286744945688
10.177654711899708,4.460495993372935
10.245248297704252,3.1028734210784377
9.70649298184882,3.143335309861852
8.081344522347155,3.133194203145854
8.839535557227272,4.217575566143267
7.848516585477478,3.925387539245186
7.641285600891037,4.342715946049841
8.393499955786602,6.295431444637945
8.43825645730757,3.229957238184436
11.20067080115775,6.668347155943141
9.820851137316387,4.751921976429174
9.09164644350075,4.748065975399289
9.198429442612627,4.294349463219281
10.57286999992039,6.420135446682932
10.341545067166189,6.071589048165906
8.926646620265835,6.023615418598796
10.086090906487007,7.2172622762804455
9.179885337362656,3.299278897226456
8.996447790337836,4.463787728555013
9.892213457428621,5.937636138526737
9.236388116270746,5.727204593466632
8.797587398546693,5.048071487153478
9.297672924777071,4.041162084114283
9.105695562945586,6.734514033079942
9.40341483455836,3.884380893407419
8.467471385135873,5.307267568467658
8.358386795212498,3.8595661674283983
7.27587731936695,3.466546466685006
5.72696376268013,3.872467438235391
7.490708155177813,3.0101812104967443
7.952472505985397,4.889581731876186
8.876016165925726,4.647245281623788
7.914611412772697,3.010850638851277
7.891968296539875,3.97956201973951
7.692170900561512,4.193272573645424
6.2767198167718306,3.9275523422910523
6.82825229439728,4.632916600229289
6.11123549889343,1.748010952046439
5.913218839925873,2.2497261819451615
4.400727925529357,1.5280987169643667
5.398158705116328,1.342598860780744
6.161751908933978,5.143900143048217
6.558468929963301,2.8845255875959945
5.653450644366969,2.5935976844979325
5.118789188173904,2.2096973544675422
6.344868322505319,2.3417256273695446
6.072295088547743,4.026343280301012
6.343354121950598,3.3831724783112374
6.488209886885407,2.6221731424507033
5.373711228898648,2.4265930387997336
6.902027875008473,3.917384499775344
4.922217630718115,2.8282284355904634
5.1502354335438225,3.503425994197924
5.066692261038664,3.876848531497055
3.452873813835798,1.278342709216677
3.788947050937261,0.9552526824424824
4.313149580636854,1.7299212402236208
4.36886956578319,2.3655307605767955
3.545172120314871,1.2041416664760536
3.99921820539883,2.3620058488979874
5.118016508052789,1.3699513297449073
5.343279623614844,2.675346606899155
7.071340377005875,3.9097539629300635
7.934711084933331,3.1560436473881164
8.70856764398389,5.157126262643586
10.103420772445414,6.748641034540362
9.446662316991876,1.66859147155182
8.930147218644501,3.700416261667046
9.450548970840476,4.565931708927054
9.974851273430138,5.78995480071706
11.489203930618096,4.75630224537392
12.640124103433932,6.512484137759005
12.821465042150178,7.871353458154134
13.046718522966332,6.848983477007465
12.778906113807569,5.858238652273436
12.422728009013506,5.651169598994632
11.980729679552176,6.260600397849807
12.895542567149002,6.928838417257017
12.436525154843087,6.625757835166499
12.094604495405259,6.085736021305154
12.267916323264014,3.9781993233565602
11.770670874507804,5.070507136453458
11.558735796498352,5.482971518386674
9.394461550544934,4.882804366031112
9.788627209547357,5.454072115935507
9.505582972581673,4.1342692066642375
9.722134353778843,5.5845315890334
10.117832959178676,6.647115860992437
8.292899585943456,4.670272921984673
10.730452534660813,6.170499099841481
10.93202132145843,5.0560429483428955
11.161800747379989,4.587187821323068
9.437251848954045,5.2162885082886685
10.129332766622362,5.459223282957105
10.62072705757315,6.381934537846625
10.349164588961854,4.83940940324619
10.694255306581969,4.311883700307668
12.083335646461789,5.0180714472055
11.863445774679889,6.160346958012019
11.08213291193814,3.5354646041242597
12.542649255265099,7.563916242040342
12.943001498887325,6.016832646710388
12.905002228573334,6.410435148661929
15.348527349368414,7.358553466288673
15.652992205504301,9.363234123867684
15.62583240635432,6.439201196757383
16.03907884505221,8.69817783891261
15.784707821104284,8.272750644299926
16.145593538173873,9.221048564916162
16.440822938713637,9.045402298378018
15.92956481814405,6.864481117189516
15.813399961127958,6.230214889570643
16.26510040629165,5.905410690881141
16.787763249630117,8.017292334907475
17.50877532605284,9.176801128822104
18.43071450950336,9.307337623810431
18.815198560229923,8.933025842093375
19.466063905875203,10.171509118443238
19.21787623982891,8.100692826181346
19.091600380616082,10.749093805360422
20.258393442698683,11.55189783784926
18.40927748359404,10.368992206295275
18.902993911762625,10.119448124322524
22.184800805698252,12.796230977228712
20.450482124821914,8.717538378194318
22.06391914958231,9.907309244970635
20.415704875576253,10.168539228574533
20.88074742275979,10.37982345680405
22.601701739354326,10.900770799406892
24.179683042027296,12.547487377169771
23.358560723505494,11.294826145315923
22.139195572926173,12.661312610035747
20.77769676990722,10.396255632845792
21.566261485261144,8.31647489100765
21.243258533563356,10.128431041728145
21.31340275249332,9.865380073123722
21.633159928515592,9.267375474685632
22.10196885077198,11.956145543846999
22.693378188368317,10.274128994207713
22.87088709395034,9.471938097809746
21.317134934396254,10.167175288806288
22.823098391773687,13.198044235624614
20.12566803444267,10.040952854593435
21.409126127411998,12.56665688471547
20.85260341558498,11.042837975276937
20.700309677321876,12.171084671551885
20.222049380991304,10.749514323981847
19.895481580237906,10.511974812119089
19.91590334515048,6.876934368970298
19.677292371697288,8.355847327983536
18.61990617258196,7.812555433389436
19.509151611496282,9.365767070353519
18.968629784054443,10.376635533227645
20.350401358808636,10.838780168657252
20.235907743186797,10.642497617639247
19.568250035366454,7.719355835704031
20.0430368133532,8.878847514313835
20.968837461844775,10.17949418361279
20.082552847389927,10.451815029064154
19.83643719134763,9.960914207530413
21.300990877302972,9.610642963740542
20.339796881008926,8.549436444377408
19.527076916435806,10.647820741985702
19.730961806956135,8.724433257009322
18.55342788445691,8.984776899598023
16.12609999118822,7.953420249397688
14.49539630644217,7.604139253590795
14.906731070217745,6.566538699785616
15.598489988207415,6.454949117365942
16.227767613025797,7.796383609130082
16.655348802711966,7.314713614625086
15.459419164445103,7.766791909924589
16.17387670312137,6.424805147659679
17.363058886893608,8.159331322941377
16.702611001284545,6.942381696923512
17.682482191972124,10.937002343604364
17.353037704264683,6.718801458368787
17.581127292149652,8.142786011857513
17.986915907835705,8.54862665476733
16.539514328632496,7.579746596697283
18.04392379366921,7.598565917702751
17.227156358895122,7.522367327139241
17.16533311566937,8.28425756905081
16.710987618840896,9.773155171769716
17.208737981850078,9.850702554365466
17.6804864435515,10.622428316301425
17.741560068847527,8.301289981405022
19.19549200263128,9.763122644434604
19.5183341875357,11.096845950179054
19.159443560507025,10.157185621974353
16.320134681232773,8.416912565337944
16.0789316324542,8.176143493195303
15.829406037324052,8.822445099877868
14.999172857139415,6.988878152806683
14.17951888474391,7.447474158925483
14.813701811046585,6.613804899300841
15.899627852696248,8.76048790349012
17.835388308201807,9.529515900534268
19.018881343355485,9.521046213342851
18.3523692803525,7.840930738019705
18.649712191314098,9.224221819272815
17.32742038181502,10.337431604442683
18.099241796795816,8.495914777330652
18.49807908756124,9.588849052933897
17.92859820844545,7.170882986561449
17.864372982282177,7.835260447391472
17.65521553179807,8.776972225297106
17.059992366244526,9.432720019544584
18.422189185943452,10.033385847378298
21.568843938171057,10.147208803561401
22.434256985707968,13.131323747074475
23.534129654022923,8.897340396640882
23.736369559289226,10.301283880128977
23.428891158290934,12.783342817369757
25.66663034181101,14.124861375599417
25.343265847285217,14.41854384419401
25.781909238899253,11.964044629584397
25.705420579292433,11.375463209896221
26.338938244279912,11.618287562644953
26.332514104077063,12.134522940590026
26.968561888213603,13.888353607607073
25.744771593082845,12.420649547217721
25.686549566024542,12.392204478686248
27.09968367013714,14.142653904743781
26.108958082365966,12.786869109045453
25.484251954183677,12.871496038154266
26.897554306317993,14.918981328903973
27.344595709576005,12.900410164406354
28.455902425682325,14.278078203086094
26.26064986092474,12.288172823852946
26.448218495229447,13.93206629449485
25.214302166801566,11.353652294825531
23.864081332449985,10.919601672127358
24.316899509255276,12.78862319462124
25.542605114954963,10.635619791619566
24.086343756905663,13.87264328630251
23.01865561072573,12.104366651529455
22.474161599771094,11.0063960601909
22.387062647509463,10.779220579170286
21.094304381798192,11.025481229229781
23.39614644760666,12.069595228400065
24.02323709229897,10.942796469789004
23.700335628758943,11.950255305748339
23.217817194119384,10.678037450575976
25.583538575380764,12.218145664645858
27.865183494159414,13.867282044972383
27.41055892195655,13.7418713399148
27.793732189464922,13.544615711883475
29.09089652381199,14.409090502857799
27.93667790177453,13.50504780443549
27.380545312053854,13.329588315588827
28.76746860862655,15.94778568764237
28.10279857806189,15.482067672492809
27.70004047146243,12.899082449682966
26.37782834836669,10.924697005683992
25.643324091603482,13.624043650779997
26.359388666261445,15.058116968523201
25.559728873064355,12.525561822804164
24.273998609347522,12.51165573259879
23.666967716946612,11.847141867845492
25.469309135310947,13.06788071363275
25.668814058467124,12.304674369256166
25.126015682479835,12.538722895786833
25.299702894424076,12.401861397594784
25.763628812009184,12.590468133045972
25.90369090392125,13.124444919190474
24.10465047191775,10.631459637715661
24.421194038755186,13.346397436623384
24.221691262685454,12.213137000126961
25.08390811619602,12.751017154988693
23.737034736884755,11.146758248477637
24.803979540626973,10.332540111866777
24.316977270126152,12.042550411847687
22.609898351131427,10.819327794783945
23.958064977139266,9.489189608777384
23.447924791800528,12.905091452437457
23.831815749613174,13.45901958144636
23.6761355129665,11.529600756913794
24.78254251356193,12.869120666507001
25.90037445351222,14.46245923869536
27.027863258414627,14.145498564520882
27.75139204941355,10.935366157713165
26.128797982017183,14.316646391229423
24.43803741673324,10.311034935375618
24.641784005746114,11.822348248854638
23.682952697747098,13.430115751835409
24.153311708583516,11.213513037058407
24.320992673515867,10.585084628506957
22.896355956289824,11.289389518118073
21.851459949856196,10.580283262716573
20.70787814109633,8.116491350352419
19.81236725201985,11.357046167893614
19.60239917677401,9.708823862148831
20.287572250670408,9.917047028702193
21.635965798100496,10.816242774416912
20.65548106968745,10.374210785174519
20.085381404927826,11.347623622847982
21.650966251932253,10.547671197579493
22.551084747105797,10.571571374794273
22.784909329461335,11.799209517344284
20.414711841821227,10.428297181791212
19.396022382357256,10.323362628128091
19.553487499466048,8.82062841916484
18.955423194584387,9.891504943895498
20.961123353228793,11.002423105634863
21.049650858886853,9.414077685204658
21.33267254655349,11.139156804042722
20.220084716919573,10.016701619874247
19.163179385171276,10.9684185476818
18.487088299184716,10.890971910993956
17.85172783710436,9.197064454894132
17.612190723441966,7.592431524038633
17.98624564905714,8.892317518966676
18.222481742157452,8.146773625017712
19.230587482776205,8.721096214353615
17.86116464984581,10.143568427082858
18.07022479371491,9.536951759815604
18.308717333926964,8.773008608825247
19.90897891727336,8.803874937374506
19.684767046694347,9.977482338091868
20.010386391860617,11.302126698481723
19.18215727730771,10.121168230959364
19.605854537018764,9.965845499730435
20.0036551319137,10.187604118027796
19.365165354164663,11.001495139603538
18.917803476061554,10.278698277866456
18.881645964787765,9.571308114055098
19.46391667508415,7.563879487092102
18.298649752103127,9.815701309139525
19.188788484992177,9.74956502921431
18.84934025229796,9.350907562140543
20.764908314405748,11.50242925141309
22.23746452946418,10.285646988634817
21.825148227837566,11.191086221457859
21.1883257372863,10.69524524722468
23.669118765848886,10.338089808900573
24.302481177145914,11.910695050390181
24.87307808112792,12.536238113120707
24.442053564626974,13.29952031654108
24.307794062456875,12.674329461427675
25.11895892150689,12.51413519296668
25.738593518722773,13.609906126109797
24.899179624623713,10.297652374455694
26.15314754964634,12.617697774821355
26.462136791146232,12.415927223868284
25.498343873090853,13.23835274505726
26.50168026096828,14.986136091318725
26.32204149335402,13.866456909588507
27.111215533879818,14.525647677499997
26.54933937783352,14.0875518583736
26.91315665828081,15.070872109206991
25.27055505779157,11.481174967775726
25.645532102135306,13.289040597332292
24.107866332879095,11.173608526603957
24.270924971603144,11.62342151822813
21.70772064301231,11.555033730519016
21.641004554106708,11.658766536671166
22.369101597394792,11.060276442951128
22.856983389558994,12.521945294074834
24.063277823917645,12.006273428352486
22.97744079444739,11.353112853388536
24.559006319909543,12.302041015891048
26.17845607951106,13.153006892167662
24.96400443221846,13.633501466333428
24.15866649827123,13.140664099908253
23.579476030768163,11.381952240196425
23.553771921685822,11.582895785350853
23.738818617090867,11.37674084787819
21.244598861831655,11.157956406169117
21.840906492214906,11.262972805741965
21.580527312444914,11.270702044044437
20.54954829081215,9.162735553243005
21.505075318775937,11.02948583963875
21.15377557916954,9.963776694196929
22.297167193856268,10.098772116745966
22.831489631656353,11.45052607550743
22.504727881649753,10.912051476136366
23.68396088643451,12.326768353807427
24.493265069221696,12.71136366964641
23.979271885109863,11.9547472597544
22.348500145240152,11.697264515860404
21.792543720434928,11.18803065528974
22.41036917066132,11.137376176568836
22.165580631511222,10.27033858510828
23.94007152575041,12.947630636655798
24.198408143612003,13.013347329890664
24.38993885662994,13.229146970487019
24.79197631193166,11.417561772873869
23.89649301313547,10.97005844163189
23.76806962158457,12.092091367229115
23.096118517863324,12.409670267746947
20.72305582370294,10.393966526535111
18.924506376472316,10.574221960249702
19.663034467744346,8.82535852893606
19.21007611067506,10.172760113918185
19.08151962136533,7.634422758047256
17.58592794058994,7.992553007142704
16.98717595428485,7.4350098416238035
17.771386271520903,9.49185895246672
17.86343744085031,8.335309901697926
17.33469422120506,8.676351883684047
18.871808988900707,10.306269538438643
18.80540609791597,8.798254104574585
18.446872482792717,10.141055639770086
19.595350840844766,8.85957554793759
17.840641244610477,10.225860402697984
18.3907573803008,8.224204870133514
17.26133403092819,7.451551558364791
16.46102344583342,8.64693465440991
15.765796952557054,9.261537335257083
15.890268240044124,6.170512970884047
15.992806548591643,8.983675250750482
16.29302009713719,9.3222789524658
16.49759021306132,8.607119623751927
17.905057367456525,7.578314509573048
19.60333108921223,8.785073707247179
20.312520507475078,10.632893472826916
21.069983321625134,8.32757114786915
20.68630559773331,11.43861800791677
19.572774477576356,11.540707694723602
20.163604154566894,8.766222483539769
20.194589327629032,8.932654288817297
21.05401102192792,11.225608801964386
19.210164214738086,8.900323941076811
21.904626862754274,11.621130496556287
20.619046689584675,9.852616608945242
20.65026873074359,9.810087845605159
21.645003434529237,10.690662930857897
20.246698423225542,10.785140584620521
19.685403829525928,10.45183837842825
17.646312027796597,8.764114682303589
16.201327173938846,9.49472311532789
14.245171771078587,8.664836412582158
14.346743635105648,7.9720631678564144
14.639944740463072,5.923420249457329
14.317278051465406,6.503982732257969
15.5876548598411,7.586576638818712
16.98427709150236,9.009299978565906
16.974872218826892,9.816479844304975
16.750236567161036,7.766919602266666
16.47183093902323,9.49105052691412
16.013589623470875,6.809159558640259
17.32810049678733,8.98587907291248
17.566096153595495,8.346434540970831
17.230415841098814,8.35664139995744
17.0002980407178,9.745041751009985
17.549320046055765,8.397170924667327
17.14712013162523,8.670208858174016
17.463230100082182,10.472646147771636
17.426655127651653,8.981359713221932
18.791357565654287,8.014800251305388
19.9593417009321,8.899431009056467
18.532318873921575,8.77844435843155
18.37122135916558,9.42791729577336
19.08860264236768,9.828910252552005
18.637141209932782,7.605180917493841
19.45445607356065,8.58738273339905
19.79362153418044,8.602527956598344
20.39215958646995,10.172796769162012
20.330376389737047,10.543589261564476
20.638411816932486,10.105338554456216
21.16770826698233,11.08511026839412
19.68879227473459,9.65260278018183
18.768530722136386,9.466619626662574
17.745414042424922,10.338269686691948
19.441947259282838,10.508144126167482
19.74909394093673,9.33658630879832
20.12664285656986,9.726767034526407
20.303776491880075,11.301444513159186
19.784737036885836,9.862789097130364
19.037487968744763,8.83601832563429
19.894850338486318,10.402689850891756
19.52216936113781,8.499735991302021
21.11538684175302,10.789548743690156
21.31612094345874,10.167870590065585
21.4123356314401,11.058092958919415
21.1958599190287,12.826784185496797
21.125697297528816,10.828620767457105
21.164575916623818,9.532818430704031
22.70013926312177,9.65046909002182
25.054043234924006,12.672045125607788
23.8987928039239,11.681899612107287
24.1609750129346,10.73340902640712
24.878751690103023,11.888399459219059
23.97670269558514,11.980555424660304
23.346404517752994,10.538859427434907
22.89290295320489,11.281802723419945
20.480312598048283,10.716613750954847
21.140671694222764,9.850162224781819
21.10109348386041,11.886594439687101
21.01479790413623,9.616737420885407
21.104575017659386,9.421914892178364
21.36274072355974,11.766035718688045
23.69508800715627,11.411973388830967
23.885351603331852,11.21357772642548
24.73177639742807,11.427071468652912
24.21839762487797,12.539611191410492
24.581656944862278,11.625680912696753
24.275389898941825,11.642005933319302
24.135028753504457,10.235786419165832
23.23799983231254,10.208078227892662
22.428729128406342,10.79441892702443
22.897025197818383,10.003764716483106
23.65665731230899,11.31939004182828
24.13024486182766,13.131319710279442
23.467779436197784,11.821480467142084
23.797210065377534,12.961020625903176
21.264794268799985,9.62672843593645
22.224055789175843,11.690639186338156
22.199067774592475,10.635152807834443
22.484699934748125,11.97822761859715
23.667723340675863,10.683664194185551
23.259502378817437,11.721684714403247
24.237416999624738,13.060184724360523
23.81272599573763,12.075468341436986
24.3760883658769,12.446154048507434
23.985380497493733,11.679222381053652
24.308863984681533,9.729443318274106
25.78393789548716,12.005686937339057
25.15086421287573,11.793953248313372
24.558690371824948,13.182319746495102
24.251760298241837,12.231033917829064
24.575481980591665,11.248685752318044
27.35606974898365,14.594292454980502
26.799308543431813,13.789307887618634
24.77588361468927,10.734166537164894
24.145009550872103,13.377576575159967
22.58230389534991,11.67939494194905
22.04735482734,13.840518915311982
22.091472824176194,12.102991252276313
21.157223660175607,8.981878320042844
20.501801049452176,11.398186852914849
18.656127287446154,9.539827934088501
18.86623773324954,9.01946940976432
18.144525525479313,9.379710054179863
19.263243050527397,10.271822883444326
20.347052565774753,9.800696952047058
19.505904678594902,8.798410202124957
19.165842669846278,10.198462991726329
19.251714727549725,9.982350038905007
20.043975122670737,8.810891948382814
18.39970398687595,10.50398028312595
18.361217549569076,8.889656621485205
20.263648296605968,12.026508102964002
20.209364353483725,11.58538290377468
20.46708924432481,10.068071441327984
20.504472169941018,11.056672813197851
19.34617234742892,8.616798146452215
20.336770762850712,10.340161354629664
20.644629698000827,8.399516540202146
20.84751200524248,9.270465589447623
21.615732809041717,10.72375553240291
22.44522855161315,11.829079732363859
20.58616339096774,11.149015198365907
21.110756940309017,11.702061272612427
20.568003301606385,11.303193067112803
20.770684858302612,9.89224904401309
20.0978981134582,9.931326279358402
19.27335433657628,8.970178045385953
20.272688341430595,10.148794100769464
20.310103640557653,8.321200843547812
20.07334983565404,9.188273138655573
19.832096913114444,11.329768525893584
19.961479085889533,10.128437116253158
19.994506052644688,9.282360172559281
17.672768784829916,9.505900000503651
16.85052344871383,8.684753946468064
16.666607029382046,8.254724441836824
17.46862814386926,8.330763267415847
18.88917339732812,8.382719353545191
18.009987388921687,8.947374096767929
20.010381331879223,10.096123506955083
20.165952793860093,10.085744814256882
20.718950130770317,11.849967111861405
20.248447974202886,10.12046592278781
19.708187537699906,10.156847173224207
21.215693111296286,11.887924006916458
21.0661164029099,11.376855310836724
21.0345357660062,8.428099908877433
22.268243501513066,11.03972279996455
24.069222146698753,10.969172727180311
22.64248255751315,10.51507654869834
22.530732726037325,12.220640921895393
22.598289279869714,12.916222821628619
24.496184169407016,12.669623650420567
27.048763248681773,11.129271359539263
27.08114287980712,13.029420970340087
27.539731569695157,13.42571051480649
28.493457623014606,13.726632129976656
29.73508587564799,16.483543668102943
29.504657649429213,15.216024042579555
30.45462003565925,15.903912728813495
29.846169913544074,14.971331717095858
27.258278103218775,14.52275433324507
25.970033040424834,12.799604320496202
26.281894787018647,11.786202952984816
27.164790574202033,13.553214791503022
25.000093134581803,11.761779472537784
23.29098033553322,10.063135191335595
23.362798265497826,9.657307174868532
20.081222755255688,9.409282450071432
20.747725020241873,10.072284037646497
21.892648947260966,12.77268703692141
19.015458499774404,8.838427969695385
19.89783233139796,9.183090263282402
19.82008277707789,9.793108020489097
21.358771218152107,11.467424684443788
21.760277135893,9.557801296520195
21.64200907966301,10.52022702715075
21.885552798668154,12.20196837001831
22.952142948568437,13.113111607969735
23.269631846392425,10.820210699548001
23.438672976763666,9.931586362211943
22.122041544798414,10.875521915702487
22.73772046538837,11.097972691642155
22.901490795251128,12.50710751404748
24.87991653855374,13.30394277964961
25.00271264015351,12.514715461411727
25.05265166348224,11.621568851319411
24.56280536809912,12.577235425497497
25.427070692468394,11.799360843526655
25.362454517334786,11.67972026616018
24.796741306150548,12.306579382792473
26.5447074041259,15.249651396180553
28.472730949288252,16.019089480084467
28.161465402835276,15.532861361741205
27.278156651836245,11.95526592083702
28.5539172238042,14.872730477656079
27.86148558399528,13.11284506014604
30.839492560438565,15.87673740857083
30.849749632450497,16.29555105942201
31.962904320555072,16.66374948443502
30.809030709663865,14.697195948267726
30.922198867934743,14.401671241267245
32.16825321847059,16.776779326535586
32.75904596736343,17.630215846526628
32.369799567877365,15.388058462337103
34.98274778518759,16.57403914821068
35.87555748032368,17.77856819192785
35.79728082338691,17.298184690474486
35.342104898954155,18.627495852296743
35.2231331151411,18.658454634462828
36.732196134188285,19.18256912190945
36.10987638872851,17.40831785805701
36.29546622296018,17.22583531077392
35.62474123562773,17.45785501231815
37.038034555628286,18.629562143540657
37.02801078787112,19.365401525519506
38.0479080002916,19.441113919739287
38.771566242388005,19.023518906343718
38.34232570996799,19.747870077896494
39.20020366358268,20.404280738780525
40.29868934015664,20.018569457468868
39.300568535613564,18.65778965625027
40.16186275526029,20.563993051648794
43.89342422108095,22.932348834472503
43.74982341709558,22.584104082007944
44.547572708703015,21.233346486657233
43.36054119946317,22.127611002600545
43.97857760062113,22.101303543682462
43.54209944486551,21.54877714385941
44.46958040005228,22.099018855826287
44.57389429106448,21.754578080267223
43.54495836581733,21.112470999110837
44.80798391801306,22.728582409773715
44.746121818791245,22.38271241627535
43.87955867213081,22.07985970840329
44.10190741708041,20.896320139715325
43.28433256346484,21.886846966776737
43.83851640137438,23.54136277253099
43.93040216985003,20.904498627303663
43.712933645595186,21.968518379972412
44.5407650736137,22.278117463104227
43.40891880745846,22.003862087844993
44.54459794689519,23.031672513526342
42.67900379679261,20.75679750980956
44.45563881182615,23.142676469870445
44.795029842105315,23.092756003188537
44.68487475606524,22.069363718457435
44.098484057572755,22.72240141939918
44.806775916293084,23.668264570939844
44.80176195619169,23.88502971926686
44.778233009955876,22.2368875079991
45.976150473500915,23.88971611366218
45.694028524541004,22.902345710983855
45.611787283293296,22.088635657879202
46.20171167346695,25.591891458354294
47.44123807704028,24.87202083003712
47.44587307866309,24.60650635828697
47.76331739783445,23.711691403828763
47.96616219366258,24.311639606902446
48.87291974066045,24.09317309124927
50.53504948721081,27.30598965737901
49.747243827600805,24.433004879627756
49.7686428962243,25.05189263189333
49.87727524032164,25.944270053423907
50.629832836819055,25.30359745532606
52.30280359524806,27.193069062360124
52.441825881464794,26.603277032989
52.81306797115177,26.440569261445024
54.113393388281125,27.166162773970687
53.011083060528286,24.595247046874817
52.38829564643318,27.243576433482588
52.088017761885375,26.7470506478151
52.23586358131912,26.593060885885553
52.62345441172925,26.58430701152185
52.25318952183567,25.18091478539371
54.18105111794374,27.24091629946912
53.62003452193402,25.955198115032072
53.56870147519812,26.275881733398972
54.82161602335794,26.275788868660953
55.75668675253599,27.557398234143363
55.894821001667395,29.031637221468912
56.4275736208577,28.706856849128318
57.407887099138435,27.817257699009073
57.54608093321598,27.931898137030412
58.353582189896564,30.308592370496207
57.57425059436503,28.578130829040425
57.7947144566695,29.7994925620697
56.278488729377486,29.839507002302355
55.5204462267368,28.81942493530334
54.508120722220745,26.215517126489356
55.91949337781049,25.713545121413695
55.592854174519346,29.436264069280103
56.03714569346236,26.672232435539083
55.24053784873669,26.21529135314127
55.174723659309485,27.065510273987776
55.03017357598381,27.18832618282621
54.29962898569912,27.773275907358638
55.30637352607129,26.994666498822674
53.75474156611388,26.007483758015304
54.524219529731724,28.129295319532417
57.35519950724803,27.734017894290687
56.65312204728001,31.088913524956638
56.81339323298829,27.026802758342072
55.35797816132303,27.776035888008774
55.45505047793276,28.932113025108528
53.81378430512702,26.962867942314283
54.56980566330998,25.682919167131853
54.18487743431324,27.092762834616217
52.42086938385453,27.330812404977753
51.21435720865464,24.90841078487959
49.70688891094044,23.255391838602854
49.51954200871271,24.746333242652792
50.4865969997425,23.129905013811996
50.17844320535759,25.609183765364527
49.073456775430316,25.313093673592718
48.31261260727605,24.338421547686604
48.517861512446956,23.135727594362034
46.12256452079062,24.198295876863853
46.79754472129852,24.815082675391142
47.28493823071841,24.865548395727366
44.856302347519986,22.067811884346167
46.129115235486076,23.624341259221918
44.52802533740942,21.607863077694574
44.370367106549736,23.46732654121052
45.63035176548572,22.421659372856144
44.018059860932354,20.828883375208544
42.187882837234675,20.91736569949192
41.09745128850101,21.150643594470377
40.041309274513,19.960166288753143
39.94690638088722,19.84644971141198
39.455990109990346,18.790941389926175
38.992644598365935,19.61890867455993
38.54284454804262,19.216302547597063
38.39784223769793,19.305770588749233
37.56547742477477,18.655735984712027
37.93966353829829,18.92204049150533
37.976250828234335,18.182480429021496
36.97697519959397,20.346842929207615
38.87802731587834,17.82184661633828
37.61982580611431,19.066024821477978
38.41097025373353,20.404974756567025
37.69078746842003,17.114344839433368
38.10117069120218,17.370703110230824
38.6778596435737,20.095943883176833
39.601864198265716,22.420565223445266
41.09951069458008,21.65731155724576
40.288490658820585,19.762961401496725
43.257507643231996,21.09430546561982
43.72403701088689,21.285594280849907
42.94935155411889,20.18818015724471
41.62035684103021,20.174516639830898
44.07487532434165,22.943734441493955
45.8168665378494,22.590092824410423
45.86369850008626,23.31032670670793
46.708073474533784,24.17739699064483
48.120919623057965,23.39595051352606
48.291991865389534,23.767854440792487
47.93084943148246,24.153163816862744
47.96785697736701,23.172997554590484
48.89911160113089,24.549940173977088
48.996029230417136,25.14512875285247
47.814782543473534,23.94540360392182
48.662102665040756,22.662368671856456
46.97393703799268,23.769396418924625
46.28354044370517,22.94867233242564
47.626349524763306,23.788522015358115
47.9465308553249,22.7994565663879
48.26241165281337,24.195827128875862
48.44830120286698,24.11411314419233
49.58035915588591,24.209823704081344
49.60525123595661,24.02789082753652
47.687907168252465,23.675558823789864
48.014796359470964,22.089746462068472
44.95648535587087,22.715289665635126
42.9352320053555,20.947104859327894
44.629288044665294,23.33957138854192
45.766979772976185,21.02537180818433
45.36693081767041,22.184427449629574
45.364288829385366,22.965175339910722
45.5255546278004,23.01154302983339
46.62364020954975,22.862513374542903
45.906558434232394,23.905897806148367
45.07853610368538,22.053798641997016
44.50865162853458,22.751518327197296
44.7221967375435,22.296447118740126
45.06393091806982,22.25799993316348
44.73256424974008,21.574513714407665
45.581368219460145,22.08893923671632
44.607074469457075,21.73142082989983
44.60024223460351,22.61180009605386
43.96365737251939,21.371256694192507
43.00567544749406,20.44070196770387
44.33162670886006,22.739510803531378
44.07629175667556,22.154653934620907
43.11834615038629,22.083747839492514
43.230601465212246,21.674637677799517
42.277206680711714,22.78562453925386
42.95828630425456,22.191236136744067
43.89887120484728,22.24221162935359
45.01941484516237,22.97819948547653
44.008649446116266,22.967453358180677
43.930751770136766,22.104391674046127
45.88877680153079,23.650399651929494
45.7419839173941,22.656590586098307
47.10819178120412,25.09114196781839
48.741960106300255,24.192626325722888
47.403588319927046,20.462827168837435
48.71608380141378,24.997561525844244
49.560360712704295,24.439183006878807
50.531516217482306,25.08788805396965
52.33451957485052,26.84144324301088
52.88026121461279,23.67200195859737
53.036197218200236,24.716653763524462
53.7367644974833,26.699954480038837
53.46013152721824,25.39103292879607
54.0428906914534,27.61713844436697
52.06129151366807,26.527359182878147
53.905162644383225,26.509461591683785
53.43774776094441,27.537404341921228
54.06568521334285,25.08885542981275
54.46011044770876,27.12663387516184
54.641926912100324,28.1968623758446
54.83109004243158,28.76806677616464
54.97207415125291,28.037880191884256
53.37111708139348,28.171303670554437
52.88700694755598,26.854280777483062
54.18204151546378,26.955975833557613
53.211008010049056,26.928110086587242
52.2061413952718,28.5363272282382
54.44195715297779,29.399883786557588
55.74943897248086,28.26791940312976
57.419823177052265,29.221232639920608
57.479819038998606,29.268164519377667
57.82735366429739,27.463556991017658
58.67809296156202,28.84151890329648
59.32436757672655,29.826750206017202
59.30601856527912,28.89518137345802
57.88174813860198,28.73641596081773
57.20208943543654,27.394484375496905
55.73053216259253,27.76430795141412
57.40395071704688,29.670207425013146
57.05896966475404,28.579337359067114
56.93692040779635,29.2687445827409
57.287671230601056,28.467046500287633
57.36414801502258,27.878805112858636
57.96072371124073,29.095000213534398
57.380920290693645,26.91640282282178
55.881244468744555,27.17577571950916
57.722225799998014,28.51362165296335
57.04806254013276,27.943979652502183
56.614070737911284,28.654552814449616
55.852357404047076,27.133796975043975
55.34147848921727,28.555477699079205
55.40851691261913,28.495448092177494
56.215856518583415,28.20286787064123
55.18726267340425,26.914431668306758
55.525207727245736,26.609299483572475
54.88123064024904,28.0284090744329
56.14502797589169,27.783293497502253
54.93149515402969,30.12211011576744
55.07218587620573,28.362540302524454
55.83574139625271,29.286805779784196
54.48989968390878,26.3143506306392
54.63690271484196,27.224185026034785
54.81974624668592,26.894157019020373
54.04205781156739,24.609485404135775
53.854318100566736,27.130956225603196
54.891529539897064,26.99669726786305
55.17115990496356,27.25408019011894
54.78014091371679,27.731083216536803
54.59747599959556,28.267725013543995
55.07895451771863,28.080380617345167
56.39263262983359,29.873809301131917
57.22507175702534,27.91851540394298
57.99139586988715,29.781875288521697
59.60115314336858,29.02171397090151
58.061481554097504,28.757546437894156
56.6306492929778,29.370196867508078
54.352748144007094,27.6573297873271
55.21666297494073,27.824112756320847
52.92198876494767,26.661814157266253
52.89610699969013,27.088007489586435
53.67575278913256,28.07984060273866
52.281560379312694,26.734806760299186
51.62958048317999,25.376911759944626
51.37867013476997,26.497724563863823
52.12897471856913,26.025263534683038
50.61005896904773,25.56270757165774
50.94408578775333,25.619737368390904
51.65888074992835,26.761988711321056
51.81364787088523,26.127239392628645
51.98308561270105,25.61964884898769
53.25161111603689,25.22703192142325
53.483823520487086,25.44142417854704
53.46972068654937,27.07991289311556
53.140505647188526,25.926669544017216
53.803985746668786,27.754608073241545
53.52036028714523,26.80038903863588
54.18526045803764,27.363260018113607
54.29288628326624,27.09912567427853
55.43529149560738,30.226560097524942
54.64582060709045,28.2710424970847
54.726973370366686,27.87930269555633
55.083572277936334,28.20952156990155
55.504484495954685,25.391144110975223
56.64736767006812,27.45324103897234
57.04844998784106,29.7083273146471
57.96260744880123,30.239260315020132
59.93756510378174,29.203081550273193
60.789211436576494,28.324167402685088
59.73156945462251,28.5632323595786
58.30330623088225,29.64863473586554
58.98036678859241,29.27578854635381
58.60642916134739,30.356250532456148
58.90260689354163,29.19368689608259
58.73261743250122,29.606314609378117
60.04848202894611,30.515677057007633
61.255883048604886,30.481198158324887
60.128915281612166,29.59613414295987
60.40670210374069,29.557754166284735
60.10856451195061,29.830745258288896
58.79882389113823,29.399960419177987
59.45145148494669,30.671813346023853
59.31069451240388,29.682288866271993
59.757928904720806,29.302523698480705
62.2436300612659,30.01778689484794
63.57794611843558,30.9870838800243
64.68742081490511,32.70199091317157
64.2814636943311,32.21754442915597
63.09928376167566,32.839201227282054
64.35280410015991,32.013161053253775
64.05140727533556,31.581930186124154
64.09848947298295,33.40626848312748
63.72373667699058,32.80765565615445
63.826066875981546,33.068836199614026
66.23947697955859,31.877291340356518
65.92567876175514,32.880331415949186
65.6445806952619,33.02715543465969
65.84875057449855,33.10134772638001
66.13513343637452,30.72346553163737
64.93305556331866,32.48648256503194
63.154741141094235,31.530254333420928
62.56974338290169,32.34377103754202
62.35366217714525,30.92878491650601
61.560872532982714,30.818585212105113
60.55131695886149,30.07869302771194
59.6011281942684,28.692508288228353
59.19479615223871,30.20758604130985
59.06133543728694,31.382627981807897
57.413646572581506,27.735566326146998
56.847010691062614,29.915385767975586
57.18375995139715,30.257377446005275
57.03921677666207,27.13600683794293
55.65762342792803,26.525568375964646
55.27814161913376,26.82761979886961
55.235282337962964,26.650617998063336
55.979918360097166,27.257154638736026
54.32854912608271,26.10871617781103
54.987064043673946,27.120362153283978
54.49807374284015,27.667161600068496
54.67405111484578,28.102720568416107
55.32875689775617,27.438683367297383
54.429909648755284,26.20553835175476
53.594487221002325,27.309561279309264
53.45093391919755,27.309416303549153
54.14523167171263,26.26242607705379
53.57006419374555,27.15340704117509
52.12548473776337,24.932154173818752
51.39714418803767,24.96494603845009
51.74616388243502,25.94040202233266
52.869173947217135,26.152000728733068
52.326692111244604,27.22157737553714
51.965246402920855,25.78199152265406
51.74785279373912,26.07543638238145
51.573947761539564,26.867180248054726
50.58857875346366,23.723118332471397
50.106922726629215,25.656174660074047
50.27957570694203,26.253209653349273
50.339754983631494,24.9233739491828
50.318903475574196,26.210434945029405
49.27279725306004,23.49952985868063
48.681626939949126,23.42518240221004
47.92715263848701,22.579919155683406
48.93052562172129,26.011466483071285
50.334952328848324,24.265565236845536
50.63214549373649,25.791605058504953
52.176710223619175,24.366599935683094
51.841573398407036,26.80035424866393
51.51124206273514,24.341918548546705
50.17820540657005,24.30573482183634
50.36590479434105,22.549289707093177
49.872346396331366,23.585336661582865
49.92390512062513,25.85183477690507
50.368497267936725,23.72596464912241
50.088329694471255,26.577532610332135
48.93309164011179,26.612043620047125
48.85037435392487,24.17666879955081
48.74055446690303,22.929236268017608
48.731160230468866,23.926424497874486
49.36468609968502,24.871150031723133
49.11583293578529,22.444454912356907
48.81519897367952,23.68708919564373
50.500803288796305,25.351247286003566
51.53258774646465,26.13986301329554
51.41004961624948,23.738492798070492
50.451954797871565,25.11767692396434
49.97974944424953,25.043195135631567
50.32887991521627,26.23837476934245
51.136992554131574,25.82753206703128
53.496574339398556,27.77993996921496
53.229403884274596,27.13952938559688
53.359007231211486,25.775511626554504
52.98647994224325,29.257338295309783
53.0483097000009,27.167388916565976
52.652631593857755,26.54571897268865
51.578994804899686,25.364904633838197
52.57747400525942,27.84405505902503
52.69208752599129,26.39839163316429
53.95328778929184,27.531900879270495
53.445423273908894,26.91195535861813
53.69756429017585,26.677076753496845
54.34133708241379,25.529043129937648
52.47835266878191,25.618956112273125
51.16839528845416,27.333319295851247
51.908204775410546,26.17295771751366
52.0057732735864,25.272323050379608
50.189586603274854,24.144687381550003
49.46016182683813,23.83055099742924
48.422715152558716,23.739482722013392
47.94841357211407,23.769354319727036
49.47970674075458,26.185536108104543
48.91802889303074,24.783269508081077
50.928215427687654,27.15698906594301
50.68752481918098,23.59549724048193
49.971508800806866,24.758995542251576
51.53012638790603,23.75563027835413
52.47827076100914,23.976702316266895
53.85440457731424,27.10322211390137
55.79065595424052,26.008546555538977
56.85877723772398,28.438566541126367
58.0856294707772,28.08908007180718
56.40757464392339,29.328050045953276
55.61516743827905,28.980917162266447
56.07620863165758,26.366813087074394
56.304480088944494,28.876186008694244
57.04447619605685,28.4512486042185
56.60356669946478,28.776667157861787
57.734022203177936,28.274573116008334
59.762666897679104,31.078156954521187
60.377072955761136,31.139546192796228
61.24258651991243,30.51192757820443
61.78411145031883,29.199546195823356
62.74405466576025,28.855876897644485
62.999777563394936,32.45075438916878
62.546621178353995,31.405760871128763
62.787720464504545,29.856492254828197
62.94183286337706,30.42624051008762
61.478965478966046,33.3501153191543
61.75790907016056,29.680779903910935
61.83214748323856,31.204681828807473
62.085799189197594,32.32484131088098
61.59150818120803,33.13438482030047
62.11611462173,31.338703399944592
62.781176656814914,31.847589202015218
62.12934266138832,29.793695412683157
62.49569112298675,31.672482366712917
63.31376698051417,31.56483843914723
64.09479437205019,30.87101254784022
63.2283468026779,30.37208762575475
62.25862763662375,32.37227023496954
62.32303674755806,32.20525743389723
61.3246585819213,33.36637834752638
63.830899187096826,31.511830527963436
63.05950692815995,29.384900985452315
62.298975528785824,33.20784750335762
62.96046836059135,32.08360803686931
62.51495026052955,32.987616159714435
60.211957440098104,29.35271902150263
60.07836474243103,29.58843966455098
59.109131002623364,31.087157393840393
58.59357296411182,28.443043572660454
56.995253004410394,28.40116383028801
56.09459384389562,28.002622645180125
55.92043765180765,28.86664355754188
55.82726451391258,28.976604960387235
54.70514594846868,26.530249374671843
53.97099446222595,27.93695220403354
53.09891280949086,26.3040512917022
53.203360493809406,26.483324270110327
53.01870206126875,26.662968480627423
51.74451277747168,26.84309811027694
52.33615515216443,26.069404429921434
51.60137392473582,26.30758330634382
51.93810040452907,25.18610090593712
50.984097612220204,24.027161536750008
51.22649195183392,24.471232905655132
51.05551030312052,25.806807743713303
51.05560020296889,25.632786399343914
51.497306816884766,25.929345538590812
51.874155198305665,24.570647993498305
51.98062250868311,25.212800597873375
52.08466073874817,26.09443744900893
50.77244962274347,26.13582971006565
50.645712653323066,25.867554602126596
48.42551147511375,23.89428713661525
46.15539958744137,22.3662557374203
45.78939178615382,21.351867284751766
45.511114307907455,22.22752436536918
46.92836544306505,24.669176177475414
47.527501682331575,23.544294877559295
48.56456411436685,23.714245140359292
48.203413611516325,24.390969522195455
48.586064773987125,27.124785544462846
49.68171473050698,24.367065678756543
50.15205409745853,24.073598519723404
50.45238702469269,23.470752120062638
50.507798129339406,23.161201123283153
49.555305523139616,25.1901511621716
48.63053478944588,24.65313897017356
47.17611856467228,22.948169992813295
47.53969115382058,24.170986130541547
47.23459994104314,24.217328738582545
46.53233288491691,22.46129580650325
46.848680530343934,23.6923968231945
46.24912864603746,23.99555709930474
47.248717958484946,22.085296887721984
49.10249807904523,24.395775251258126
49.51924512803885,24.83396503258768
48.81015957577436,22.531481143725717
47.30646041569023,26.148503360068148
49.267378902673535,25.729509622869504
49.687607592162884,26.809786824133155
48.50221625371564,22.746499283278222
49.53884518697368,24.70844337878182
47.86869937981283,25.145384418962156
47.41008813280429,23.19902135372142
47.15227608843217,25.740168397207828
46.77391863227766,22.257146570753495
45.62561434010652,22.7849437079975
47.97139449418581,23.60647605313262
47.55662606311427,22.068509483286697
47.914816428600645,23.708186046051114
47.928991082533905,23.962349793068885
46.32638211605325,22.050134584954524
45.763458125390784,22.37859898348703
45.95103500364998,23.965114186635436
46.853578255349376,24.318978918420818
46.49313249215563,23.727875288653472
46.83788344034625,24.166357049828594
46.48477311456512,24.593374556270646
47.04981889613268,23.35645085938644
44.5819618786017,21.563891421853338
45.16022255102747,22.697875409641547
44.5277613969419,22.435310984085813
43.937508284260474,21.304508957570174
41.10339579061057,20.80949458286106
40.03399522959385,20.35166068258842
40.62735704936803,21.423587343002414
42.90508856043907,20.494660473921076
42.19378875664684,22.397515797916494
41.52529494411943,20.57991121722307
41.99956064070129,19.568228667719907
42.272246474385234,22.278328766066718
41.67737986289476,21.39132008228643
41.49926703292236,20.89645087222977
41.108123638563484,19.392248673755795
41.712428651079264,21.748022613982457
42.49083161310571,20.193318107391192
44.22906918391846,21.021681383014144
45.13199408469429,22.499774852206627
45.78698341612608,23.883835566459737
45.93573109168521,23.013181017490123
46.860196801542436,23.559296922882655
45.87591661604782,22.003065162104132
48.01371032747684,24.970367928202922
48.28862069386284,23.77930642164623
49.68813447239614,25.47922903795285
48.89321573247335,27.3675303372212
49.914600518330474,25.192940906729984
50.31015179646663,24.0997519766351
50.122555092115306,23.59034293469611
49.45550535212404,23.72340015334536
48.57795798719279,23.25638764903574
50.365352204087344,25.462469952038422
51.57808620792065,27.166481179041103
51.69159739641698,25.865556839151267
51.88515273380414,25.635973394739484
51.161377714691525,26.229322204622672
49.33320782362137,23.79826201972167
47.54974726829879,23.529611050293656
46.94386508939208,24.418346440673496
46.78950235754008,24.646098868265625
45.62211318511575,22.431676340841477
46.41577368878188,22.82552766979897
46.92945375947234,22.963401811820958
47.089426995880764,23.851260876189688
45.33594887270354,24.25189320659673
45.121261308412556,22.63396710510542
45.09080970288972,21.352375856911053
43.832794159799725,23.031457796541623
41.65290367240963,21.956886575580775
43.563118376616615,22.98177489421101
44.18182927566951,22.962665490337024
43.797387866231894,21.533360743059784
45.39096544122353,21.636440501956205
46.499302989630415,23.831428973076683
46.94585684811457,23.183876839722373
47.17069766123788,23.71604353820511
47.948269654910256,25.333806900267135
49.40838458614508,22.845306239970217
49.47757401130911,22.97791017530826
49.246659376243805,23.11957416427807
49.82754421064341,24.18724662432244
47.01213778137515,23.391535541365833
47.09935798079755,23.871527517871385
46.692015149793704,22.509391314260753
46.67400208404347,24.51286165077329
46.48921991926855,22.924904945220344
46.825663324985015,24.17134380293085
46.92957588157719,25.14788767917238
46.996498779836024,24.651219977686544
46.86347087689485,23.116859060549245
47.317224600239854,23.589011116642308
46.80923271859229,23.924126507293117
47.7909512048007,24.747061834701856
46.1078207714098,21.853299733355566
46.31086632691248,22.025370585521472
46.76237851901724,22.780899355242056
45.491073151761476,23.858411729587175
45.060607345246765,22.75172362168608
46.38404425514475,23.08983657414261
46.252025941192834,21.655961592439184
45.36943720090011,21.259241907535767
42.38836343399661,21.561747189709234
42.728467881174815,20.25363351200767
42.83027192253232,22.398650225100134
43.440110467962725,20.82508826982102
45.48925807750865,22.92051127998908
45.48518001458753,23.493224349105976
45.61876833958834,23.379599319693515
44.93237459478636,22.438085072918593
44.87065269748249,24.652646811157474
44.84158826927974,22.33679237291176
45.5965669813963,23.24069944970844
46.150406497617226,22.734014031032935
45.3864149493475,23.748936388259043
44.91091034414904,23.713943120599076
46.289514637209564,24.38274552078982
45.32973388093862,22.973495853401186
46.07695871129592,24.027845186419565
47.70100738571843,22.813481430200635
48.354580376972066,23.791087764397325
48.6077160810646,24.994910730251664
49.972404914024814,22.721269084832095
50.32594629924617,23.516328553893853
50.316903628689325,25.886690602470114
50.1138421986914,25.2497466679311
51.26201395785585,25.35614024497767
51.957169941308045,25.766634128982837
53.50167038488603,28.293576814107183
53.16580864623348,27.062523511512982
52.85284181445629,26.059505129411544
52.416861962271135,24.691786432541704
52.69677916071694,26.478571733148787
52.00422023761922,24.828477084348883
52.929910369419446,26.26583193623575
53.268606919231246,25.855913746447914
52.286811921030484,27.455201857182097
49.321857664139024,23.928291558707816
47.49543757146107,23.717763105689052
48.93333552268389,25.926921055271695
48.87147881490995,22.13744971794447
49.018157691319416,23.97158812632177
48.592274693399524,22.649283322968277
48.98516838988848,26.140152467002014
47.06288516617646,23.98266756233341
45.06064994189226,22.455312505533943
43.42250552814542,21.892604182191477
43.48718348491564,22.554409393196114
44.18884089888985,22.712452144438103
44.66102224041093,22.479885279574294
44.53198956991017,23.279554759394113
43.24811547438592,22.054311910473533
44.04143477610506,24.08457848690561
43.75625146746746,20.787568738245213
43.732658476490535,21.554718348611296
43.65517112982521,22.656479321197033
43.18286538363252,22.47884303613137
42.4552636835123,20.734639166173352
41.86018954190528,22.336111170543532
40.56421562740012,21.295722540428287
40.80852371216626,22.220076907724028
40.63065791574654,20.081663964562864
41.64400429819347,22.12454580267636
39.82797873641689,19.877393432874328
40.99585424041757,20.928172966066466
40.919733616568365,21.305855844709736
40.7527007996863,19.98638877271107
39.94259557263168,19.69659805210803
39.12091966668853,21.428077168973825
37.62241666305958,17.861430729629436
38.516688927193776,19.88176193788265
38.29823169955879,20.59454100640662
39.011269479769005,21.117977689641283
39.83447472030262,19.788879309840823
39.33053159316889,18.668666634916747
39.088185059924506,20.73648007448622
38.73890617627957,18.8483947809779
39.76183108187613,19.923560179369247
39.88944753344934,19.227470342202135
40.05443158246888,18.611852936923064
40.77181619297056,19.782660654025666
40.6928900884229,20.09579330913357
42.733868017107646,19.55371824487507
41.80304235927678,22.37723319126732
43.05459579843175,21.273903299615174
44.456851789186985,23.925242221131917
43.312817451988124,22.85830387862628
44.173814315886005,21.519230632028062
44.45313516079759,22.2081441531677
45.3227545947604,22.20647794746391
44.120258109541496,22.048916321639403
44.36320350131688,22.289392685686447
43.38276236883992,22.102121020300945
43.05095981456282,21.983034789135985
44.47075534477743,22.417929529033557
44.33581143987008,21.54720146352554
42.083719826051336,19.4496900118841
40.68479791651243,20.57835058060171
39.54475656415601,19.57378107188894
40.56048183102169,20.971413585560956
39.862650438464385,19.309805796148453
38.3055113409366,19.430301706065627
39.4221728497283,18.732707620584087
39.67270759640674,20.241718277036988
40.01501121645284,19.742312295074917
39.21605584776723,20.050744099010448
40.6436190464789,23.00016196073655
40.52079476700668,21.11068129501452
38.54701325249244,19.17672620152645
37.40906124791475,19.01466296134478
36.566534542170125,18.336931471523723
36.405438335258495,18.184831732925232
37.169994563648814,18.675972099085964
36.44293959929215,18.255819364108277
35.84206557661365,17.93887362371884
38.04635339295868,20.072641037623676
38.12899147204478,20.088026687142534
37.600210022738146,20.60214831355443
37.633167482637596,19.334468044439813
36.38105684802665,18.667238247214208
36.916075594481114,20.920431173974006
37.88435336677309,17.506990411853362
37.3019534518923,18.89111393544981
38.30335385462848,19.66932113239862
38.012637067571,19.6790896609421
38.30084135741936,18.527849384206565
37.55925222281982,18.4114471731194
36.75843877048921,16.930075395048313
35.25916285725702,17.116166547902537
35.478833377924744,15.823684915444092
35.19467599270608,18.413085574991143
34.94115878261565,17.295643989325523
33.81225503979664,15.885550457454487
32.64422178152256,17.757129853537982
32.01197763753149,16.01041530572351
32.48150990185652,15.253004471404791
32.78259882920003,16.87191813078992
32.10016710892012,15.56113389248617
32.39385858660025,14.244761544858676
34.151525340208906,17.157294290282113
34.257310205822975,18.676835104527278
36.27913137786475,16.39653421240093
36.712609335660225,17.91312760110489
38.04384291856659,19.73460788178748
37.51505375538264,19.060308575610698
38.68876684325221,20.26103356448375
37.50413606111957,18.507090217872545
37.7471985583502,20.208951466474456
37.41220171222251,18.727159411604585
35.4154469641244,17.625225456981514
34.05044111786753,17.438934171052296
35.18179311347262,17.308421682558034
35.67144896925328,17.521000906522215
36.9658208911226,18.019809691732057
37.16044701715646,17.749410637147758
34.25663720062317,16.393472849843775
34.50539534260476,15.896112936098477
33.93430515795959,17.530755946956962
33.42872611975864,17.026863218327698
32.97685243033357,14.501390426995581
32.20812957183023,15.655166491807023
31.24572403576239,15.664239716101115
32.48471706695616,15.219198454694666
32.928107849098325,16.87878619859965
32.271194258523096,15.540346048647177
31.84538877016274,15.941565060349907
32.81540368413304,15.444235588064764
33.19226878059138,16.783166986267183
33.38303965509911,16.83717139065673
32.15213748843597,18.383939347943503
31.712784852381777,17.435519507980786
30.572246263753087,15.447610537629629
28.649847258314317,14.37672932750487
29.53803782184785,14.83542814714204
29.203571752252518,14.857876710144666
28.78467497173397,12.20388670777859
27.817355599193053,13.859955930655644
28.56704658530371,14.908398047062104
30.65231184246223,15.35108022541952
31.229605527819334,14.396907904770186
32.15139180719273,14.52832393594358
30.898161022175582,13.608411904645688
31.066161424795308,17.159662868733506
31.27667573609573,16.365112679758614
32.75873122630057,17.719810541214763
32.75999505537952,16.06017779513478
31.807961913091177,15.14281023161624
31.733242671815983,14.267333704367958
31.29005146721288,15.999453750424246
32.72730987144181,14.91033125174659
33.38338901145306,15.867546467858656
33.71555429233872,18.025240106851697
33.88585244682155,18.42271877364441
34.72026092401416,17.092959692994324
34.219755823445034,17.976679259691295
33.29149408399741,16.782324125332565
31.399914058598057,16.177883156938446
32.575948569679205,14.963130749117536
33.07096709751817,16.81653883065779
33.70179502528664,17.091270667753026
33.73229227660558,17.258288297767365
35.38234793351523,18.072190164299034
34.38828636544459,17.313275702030175
35.579074753905175,18.338572942304094
34.721958920975304,16.58907589902484
34.255756477297375,17.483455319214645
33.02432625372027,15.608979759233847
33.09943771938699,16.66063753279276
32.79358073697196,15.952502928426828
33.208546730386736,15.891652141286148
32.60569158914847,15.717498663993524
31.19513373794588,15.02974473774869
31.744243222647807,16.675138904601237
33.01283287646485,15.787202649187126
33.72974254010127,17.244799403855907
33.65567659855093,17.361033593928724
34.03960598774828,19.23128544147474
32.32018843488404,17.145424597024075
31.96448907563132,15.052670434418994
33.10344757015738,15.368126352122065
33.54134803167171,16.861906507318423
32.66488612853726,16.82539904894261
33.4985328551723,16.10453180350352
33.3431997700728,17.646473208801783
34.05100123193356,15.12091498106859
32.619848310145784,14.26091711395675
32.06983635918418,15.296708915750296
32.371618183481225,16.811843773787047
32.65110144156743,17.25496528785993
33.18136060709222,16.693073492892175
33.147320514431875,18.05167297433244
32.925856369905375,16.969597951967554
33.374113740747454,16.555686769625474
34.215101775392824,18.656470928548885
32.677901731487246,16.705587790597885
32.33370028099011,15.38640374868143
32.107411648344076,16.39968429140502
32.2425291581039,15.075125774694136
33.23122695074386,17.746031974830608
31.8816457404262,15.728247869777508
32.39140289831206,14.434036267032168
30.63988247395669,16.63468218462573
29.864721215054892,15.361583831086033
29.321345636531653,14.179595048728713
29.02910177902087,14.70763084324303
28.395917722699732,14.907940707529029
27.86082640925977,13.92836557514086
27.498181771718304,14.015705466618025
27.206200113271507,14.71210674700081
25.344863927673252,12.288200902430628
23.925442846490498,11.98643795901904
23.467481688715225,13.574295783886006
23.971982233704495,11.720048878071356
24.950601009722295,11.822216894356272
27.772253979920716,14.008543342883604
27.858174797968644,14.948007051951397
27.05255148883696,12.768060230592969
27.208719309001502,13.407109156001763
27.865953072539366,13.353035090258699
27.983029461209988,15.788519232505617
26.906122198286532,14.733485032529014
26.784717316437217,13.772806299177835
26.722509071795166,14.548323610085617
25.299279771754293,11.30091075388894
24.076129909876528,11.303867402594179
25.249642664047368,12.946666500231432
23.010372006829016,12.868779054115912
23.157819211514607,10.11942987138128
22.878169173492438,11.800605529472534
24.238564410714492,11.85482100248719
24.825603471868558,12.147787881214787
23.945487338713892,12.116108066324767
25.178617420922386,11.516472894260675
24.600504698195813,13.776139143971237
26.56062116816569,12.743085820538617
28.18813302421294,14.473990736010542
28.089457828734904,12.951863310659913
28.83970934278035,13.738367048272165
29.004068185089174,12.755537299713318
28.08858300433958,15.543121937229419
29.12821818586018,17.253400824853085
29.534348599509503,14.87591602655399
30.363266073854625,15.586105167632121
31.41130718242035,17.774949347785263
32.802142702490094,15.792511927675086
33.81838656986072,17.220731313668505
33.71797512036697,16.195636022741166
33.79385503458597,17.783533451262894
34.19353895562137,17.582048991805134
34.06433769954188,18.173306902858375
33.821225689751586,17.99155080089064
35.660353995849405,16.814771912429908
36.1386871823256,17.50245032700596
38.01248992933002,19.270552250540245
37.242723297839014,19.264558341518242
37.1958001721075,18.551409398794814
36.7588807306127,19.06011755951025
36.366609712412775,19.04623563391839
36.07475947346073,17.66531268881662
35.948019205573075,18.06563357099843
35.51238852032144,17.389830583403047
37.29531468840733,17.521519812725572
37.96141345499959,20.089275064072673
37.21993885742246,20.528281267987218
36.67602590210609,18.22716266657639
37.410997269876184,20.51290864287961
37.947380348308045,20.669344684361683
37.340414272232586,18.14910412194222
38.25353288669528,18.86348810715357
36.83243324352018,17.946886661122914
36.36224764574307,19.22402415054756
38.07029584895086,20.450329802421592
35.48733888446391,17.314739807084997
35.28360842369934,16.1846852514903
36.25999767857737,18.274301768264735
36.11472066846817,19.416610539197215
35.339650608687506,18.14473766069062
34.45679225957862,17.31019289778741
32.39470540444211,14.621720477125269
31.080229411568318,16.236794470967688
31.144050264245255,15.32291459440607
30.578672920077928,15.403823526277883
30.56453568515958,15.48494053698081
30.414869757550857,14.822224492956629
30.69536987698457,14.471452915995352
29.049992615686133,14.713393783180583
28.7434360033979,14.997088950268552
28.406547959176844,16.00134385842027
28.096663166827344,13.842623450400389
27.215635037675213,12.6322282096455
25.04357854391006,14.46967400871439
25.66662284376341,13.974453482528764
26.471159863820603,12.552877448077304
28.81610326475491,14.22826808222685
29.537314429304914,14.914605519334208
31.161928097991208,17.10475390237548
31.749847994722433,15.944845794687245
31.372242552005996,17.212957243988487
31.861695661882557,16.25228370577481
30.704979505382518,14.69358804719839
30.94400157082137,15.758181446972248
30.834724936385662,13.80730664106869
29.78905460586862,14.336067443654493
30.99781231143195,16.18059341536124
32.10417070395041,15.310553973412453
32.56087568615932,16.024824420085917
33.368240465350254,15.490058750235614
34.99873019965422,17.5876397192127
34.86738173117469,15.794404691983392
33.529063074622634,16.474899871656387
32.5868464405595,17.125151862568867
33.27865659901907,16.171555977465037
33.507977576242105,17.735674870436213
32.037971050883435,16.497636556817678
33.349068631422774,17.383762617775634
33.56460366716613,16.12197795694169
35.16645472722771,17.58677845324085
36.28940050996085,17.183971521467445
35.863415159910815,17.265352851793207
35.963603602024826,17.548656950052326
35.24190938208199,18.227415709645356
34.415964547217385,18.843744440954445
34.12801665024184,15.782867070353149
34.63194607466632,18.885281738055873
35.99750273475349,15.748221887081653
35.12344983910032,15.551026458754041
35.82907750539972,19.71669577553406
35.879494405230766,19.23573414957411
35.67435441337344,18.10102538496514
36.80758583256086,18.698888561347765
36.47127894572358,18.34196382225692
37.854700332482054,16.79583867566152
37.54293046856637,19.532901861891904
36.64813539328756,17.90931848699061
37.4300841850123,16.63731115396201
36.00594161248546,18.57405202271339
34.852271017935095,18.22479531752114
34.69106786111608,18.7548841872343
34.71817467998817,18.482235271880832
34.47690291794069,17.042892412788536
32.542781649439306,17.028075844016605
31.243167824635293,15.659144034062606
31.77895804381435,16.113951858242935
32.34263346403438,18.114112672966826
31.368181604072753,15.438306520389682
31.661911959078314,13.39658135685243
31.89607630607423,15.56493649280068
32.9359552663682,14.991261506760287
32.23812651871168,15.164408235044759
33.71769369808963,18.371238325979284
33.44775253504195,17.228233432986094
34.91444989525753,16.743233921876055
35.86639969644716,17.834044516437476
34.894536313006654,18.523958425191893
34.61926527144668,17.56888249234335
34.937278639010906,19.249564853174203
35.98170001127283,17.04738289952578
34.6389602000692,17.642482212079543
34.17643072955094,17.27322660193435
34.8299242602317,16.5902861485787
35.340324242332585,18.077228443495475
34.329166826395635,17.92606089652887
33.470211391475075,17.986181204937104
33.93152827483364,15.019303299406383
32.94673245695175,16.681751130738057
33.21198913891588,17.28879268835116
34.15724069323374,18.347540555007914
34.20663799118817,17.56192713836006
31.571918591676443,15.901205081331929
32.77354087860474,15.76540972077351
33.952622992191266,18.500830465645258
35.39690556017112,17.676976435094044
36.28568125202776,19.73617472296189
34.644164272859946,17.50545626432589
36.08784104554235,18.41561609696252
36.464993104153805,17.490951559596414
37.43429489951959,17.451599441705966
37.31066357994879,19.01069890146725
37.10220550278631,18.435383690916517
36.90144291080722,19.852336754621373
38.5250561534229,17.946611772875183
38.83255269702117,18.151331504021684
38.66493126223442,20.44715806501575
37.4242906993656,17.860173093446747
37.92718990331027,17.897659393402172
37.973433446932184,16.917197432307482
38.163790847825254,18.17855461104549
39.18201252599238,20.192290869922473
39.937809296291775,20.904513742262953
39.97657288023979,18.112011851563295
40.22709215103923,20.451546512472426
40.35233655347542,19.208936667570253
41.102670678111956,19.827843757584702
41.82644145732413,21.499007047964596
42.00204952015905,20.804318128883203
41.184373960579855,20.855256374901256
42.0608251988186,21.633398765496743
42.99349408002881,22.078630200732967
41.962077060326585,21.292254350077755
42.383240211931344,22.038866732013528
42.031850994071995,20.48563796678126
39.88647961533494,19.00876228021187
39.87428682018381,19.064476205636375
40.852893708866816,20.425743106156155
40.15532500277656,19.25743468879784
39.481970480652905,19.93050377609393
40.527921059518455,20.086888537430386
39.45838142135939,21.226135021990792
38.54683619667189,18.298723542508323
38.25580771938354,20.329663206991533
38.902502508813875,20.15795061049974
39.553756252960504,22.073142436342714
39.052796837372064,18.904604578549087
38.76943363054087,19.949741822097828
38.88273376133519,18.898642355178975
38.518974352734574,18.8927902790602
37.6811314626756,19.149199026110892
36.61469714377165,19.257575982450998
37.348153311117954,20.156268116082877
37.15228801097962,18.24644896975026
40.0295602475263,19.340691619362183
40.67410095215024,20.480854414414782
39.947465524349944,21.114439052492603
39.971758539048,20.62674713910988
40.33448619315982,20.877053756317125
40.753864569757326,21.358387002469996
41.22093931516528,20.691522605361932
41.69471848722959,21.501507968424107
41.579167540850904,22.884480739236228
42.24925485918681,21.740388474427384
44.45084422201403,21.647349599091065
44.033681862540135,21.695346617676467
43.67555898864202,21.663600371782724
44.404234780353285,22.560394392127716
45.668161904327576,23.512212815084045
46.50490951960186,21.779046988249533
47.739467034698855,23.173538459639815
47.712134839499896,23.50815611754925
47.50403531266876,22.774595555204304
48.177821845219164,22.11493564032465
48.871049885836854,23.227677396844822
50.5591400372636,26.35623849417933
52.134063933882814,24.77645425592155
50.33656685229706,26.786832386235343
51.13282314273923,25.635589138177345
50.48662880609255,25.41005160481528
48.40686303877224,26.095212575007384
48.817352682262765,26.387149924107238
48.66823088954623,23.175521500557217
48.33976235464378,25.216696056091003
47.07803993830041,24.17762690739609
46.08340087926102,22.35725316466008
45.88594591277164,22.633811064935664
44.41113840016552,21.303628003530317
44.317276565061334,23.84959755106222
44.443772802524165,24.885599763551614
44.304257128716976,20.725295208050436
44.614349460027974,21.531951644740882
44.55782615368768,22.133198007442143
43.410483205326216,20.7778278403751
42.390753338429896,22.292378085514247
42.53434485244468,21.531949584271352
43.505323728183534,21.521708702910086
43.66353899122445,20.178817267722003
43.17086833900012,19.997675835859198
43.34415973583245,21.705013385386827
41.54811830173571,18.845283728995714
40.56281614316759,21.120262046210097
40.19194440989886,19.644526209118688
40.13333142953722,21.115411804142383
39.8135128723944,20.244720245296758
39.54726895029874,20.394507781191248
38.36688810230715,19.61366412843614
37.797991299886704,18.251430002454644
38.04770729617421,18.43506198498119
36.213518662291925,17.751857402330206
35.017164616963456,17.66313852690439
34.67074023263352,18.153180663421757
36.14838386388535,17.88091270938683
36.822676623931216,19.78563349265993
38.38199884148176,18.788504938415958
39.71981364923127,18.731474177977685
39.272668362024945,18.918246610342305
39.20314417963364,18.98949567349
38.032036519159746,20.47376149085604
39.20321080814883,20.475492333500142
39.92993824809036,20.404020937917323
40.51986519840191,20.21114704520385
41.18089208156288,20.906327409926497
41.64040840691071,19.627722095119108
41.848853667448694,23.4209095870243
42.12434010016519,21.670786862182965
43.33227478261414,22.74832960312924
42.54750812369289,22.50773047894215
41.506550740328905,20.74849361568218
41.510914030021205,20.657841654503624
42.66855813753496,20.427158094026737
42.909270347414186,21.413067531753843
42.70628631564054,21.20753235272657
43.53891318317072,19.946125994212384
43.65227264738432,22.107419865327934
41.761112465592724,19.700305430128196
40.760325608684205,20.207217315263065
38.67893977472076,21.65072729301895
38.46189989979392,20.979405913776915
38.019111668075666,17.556298437623347
38.45997766105672,19.4458880351927
40.56780283407637,20.66589615797199
39.977213591523686,21.596324286503112
39.98877028298493,22.03655100929332
39.612705119976425,19.86558496899712
36.81577959424148,17.906234040058866
36.061441079298426,18.449056921406154
35.34932376089853,18.205626421099236
35.627466206197006,16.024960428683386
34.79725560842524,17.73307794517019
33.51647133018241,16.380798102061984
34.10830708684639,18.75248602017696
34.04873103742323,17.675640424992505
33.16302434217147,16.86639287746776
32.41401212041142,17.07349254852677
32.12059202256797,15.932731188387836
32.94217773742416,16.66253774892261
34.364314494115625,17.55633084738116
33.06862366969947,14.750708184685536
34.2361629495062,18.025599898546144
34.29707784890161,18.19096149557833
34.66333112258615,18.10219107329746
35.637686635005906,18.953210820945493
34.68448194988781,16.201694239417904
35.54707498326661,18.011547155224413
34.25390265405631,16.971370128836803
33.796833556617145,16.69104432782248
32.95776093285684,15.291641438186621
34.645125456129456,16.421850773973535
36.286508145795786,18.04046606660298
37.04981376168747,17.459007222348962
37.571836431442776,18.440300961605104
37.052450948949364,17.366609590325602
38.7958492435455,19.874695948913992
40.197381266609405,22.144387688257222
41.10439724702469,20.969114102244856
41.00537318008784,20.41254433391766
40.67134448588459,18.944608483224744
40.60132457485901,19.579362554888426
41.93838274070488,21.618408267251375
41.01366058143615,20.661947340293178
41.14726086031372,20.32753119075434
42.79051851270278,19.50623216219792
43.68913438836551,20.699192672564354
45.44185454079947,23.082139960933258
45.876766387188894,21.91012608880032
46.327332587565834,23.959108430371177
47.726906766765794,23.942634962997523
48.40240295186671,23.186868825861776
48.77204660860152,26.193108550296476
48.295095069546385,21.575517412001627
46.853686079562955,22.962658344723987
48.36598360980921,22.651273118111053
47.98616464657236,23.605705084263004
47.28158569034379,24.1536340171553
48.17884265825705,25.405372619380195
47.33603601953205,24.057031724985276
46.03409299962321,22.77773244932913
45.50886978535582,22.970118396135618
45.48804488578622,21.4862048563277
45.800083761082846,22.74390026898441
46.35056698094929,23.945248791946803
47.35540242057776,23.951639954871894
47.284122175759315,24.31424603308845
47.69147831206339,23.378447986154843
47.62657502784387,24.395192285967102
47.039017572986545,23.36325529244783
47.484535527053296,22.798104846391727
47.88185524799278,22.33759290157397
49.76472195248175,22.505539737631295
50.40591600971852,24.272605143403236
49.763656892363535,24.361714674659147
50.40297260675427,25.33848442254487
50.203773487364145,24.276486852064526
51.81424181081577,24.677707621002458
50.17618236095769,25.41884376154254
49.57045789434664,25.237753154884114
48.96718296144392,24.988319166975593
49.1358527084743,24.954702723507847
49.05745483105615,23.921246466601158
47.53534353554752,24.19739706993048
45.74294852767714,23.361699622606007
45.97344655386922,23.936321265876195
47.47275610048026,23.473954672185304
48.959988545429525,23.41400000982553
48.616000688897884,25.353141140533687
49.12128606688148,25.51798579007977
48.31654546044432,23.97393029703885
46.94013840831506,21.249742778651175
48.202912206471694,23.228510541377265
48.92310808985887,25.45420047901764
48.645829522618975,23.61001309981747
48.329758242148195,23.584711879105964
49.28851480313154,25.702130547165677
49.65895846097012,24.924956955097677
49.38081604991196,24.694963162150927
49.71311525579796,24.11963680219965
49.757806793933256,25.179892659967546
49.40996848796478,24.865877744873345
48.757195772678486,25.017674578748796
49.72471788814499,23.058095310201583
49.31427354705022,25.86096772605998
48.206792507448974,25.95758107514783
50.04535133370851,25.53792719955394
51.3312530415623,25.292316196394836
51.90371428328297,27.168147474139502
51.89558388475147,27.225213900767127
52.14541480948309,25.371494044921594
50.77265223379929,25.33053353116475
50.80974931291798,25.619989326557373
51.135159957641804,24.673918032595136
50.99244105700018,25.3799437283303
51.47494903663073,26.672814899219244
50.77329228226641,27.462293493894506
51.00392260731734,23.697739942465407
49.510320618946245,25.402842307798842
49.53393825160277,23.31504117952534
48.97714512468399,23.895992838617058
47.717538269584665,24.519282221232306
47.37140232645796,22.664064611989268
47.43603785803588,24.085358689725954
46.89371238534298,23.006007144267286
47.847904956435016,24.647477904374142
47.203737110848685,22.241670527149076
48.1647550429117,26.101417139911558
48.9208469235437,23.52103875316448
48.366076242542405,23.53648816006
49.81244435287478,23.686181471080573
48.512985343233495,25.57684972753635
49.074047658303606,24.966218582469374
49.175305156563816,24.68009159373885
49.96125662535857,26.483649482379345
48.458202027539116,23.067271830521214
47.322585576000755,22.772698843751364
46.53820060950174,23.571451487339566
46.586426831727216,22.50700266668699
46.69623720865678,23.05422001729354
46.73922987903649,23.19252770754783
46.50774567110126,22.988760445624468
45.836959277873675,23.204833246660048
44.51467355891629,21.156451744913213
44.11331343841084,23.127021523592767
44.65013327203671,22.358198335432526
45.66349553335017,22.12927498813647
45.183921469079294,22.068313824675034
46.25065364565457,23.41401064921624
44.93879809366533,22.365608303668058
45.71418653311159,23.38782579207874
44.66299714997747,23.787064526880524
44.91533856135503,22.463720956672717
43.99154506104635,20.418753383496067
43.05372704092464,21.85837172600339
42.531605578045415,21.41692618601502
43.934558726830325,22.118770141741866
43.29400683619618,21.483072296985835
43.91436803289906,20.348136822558036
44.077816845033276,21.78164916783175
44.385155812315574,22.3769433968225
44.70285788617337,22.197804368893884
45.32981102973227,24.241560501071003
44.16590837114437,23.799606887552958
44.220656229388844,20.187322530936452
44.57409296400789,24.261258739333613
44.01578939888952,20.83597970689119
44.37676426638994,21.742327229047667
43.39086533110971,24.493646126357014
44.11278382104363,23.67665091009188
43.43904494887572,22.68371203847452
43.17810658135444,20.557370436588275
43.964986445209966,22.110421570516998
45.03409782346586,23.05426941249517
44.49168548744259,21.339256976239227
43.88047435691598,22.354372694930767
44.85992945588026,21.11148659736105
42.055423738314744,22.456084882834276
43.37680838487357,21.654643483719816
44.65284941828084,21.507106067151305
43.622784169956475,23.236035765217565
44.799578264577775,23.27560560592335
45.16603976769183,24.08384357487945
45.625863155774695,21.45469447847084
43.3719503728696,21.08465240305564
42.90259341536432,21.36581013554295
42.724954390186554,19.739241804343195
42.33487392605692,21.29146751193835
41.96590782715502,21.061414498389123
41.696269225246205,20.637136542675805
38.90269996560556,19.366782682613515
38.71663700313348,17.855863470881907
38.04762696321741,19.62766983962104
37.97000196267537,20.38830801347266
37.49266557569768,17.426776951371885
37.497464660415396,17.581155883861015
37.78224865889155,18.905636827156215
39.52660201362853,18.595734093195336
38.72801120667396,18.486280393532308
40.387336573570096,19.805083030096025
40.15698917765625,18.706753251181105
39.288512194339035,17.972267707045603
37.877094543140366,19.88844375173297
38.72811439420195,18.310564520336925
37.249631984812005,19.477812915588906
38.14681353388212,18.25018028161123
38.490426455072296,19.91221159082695
37.93855421713582,18.472511445253364
37.290278658678446,17.11312702233311
37.76918679751647,19.353994763248615
37.92383042445526,18.792026325667038
38.65372757415529,18.593280936870645
38.65557385981056,21.487857841979736
38.156506485033184,20.823221157230062
38.68537422610203,18.17138868129155
37.51547340170974,18.628286896680017
38.346286487257316,18.75067181900319
38.4014017094861,18.326230565293184
37.30892046801717,19.1301368853569
36.31449976940201,18.931072818854354
35.997777840531676,19.069182191929407
34.217096148647144,15.91164908393126
35.58297431508572,18.331230050868967
36.532292673468156,19.506596761117315
35.46042174971278,15.653744124736686
35.35006844331929,17.299499782950626
37.0142856255139,17.67580329251296
37.410494976026065,19.399969413553325
36.41484462875156,16.715510814745663
34.29801009310094,17.050144440952046
32.68803136313188,16.11296571220715
33.85940315388909,16.1206740160524
34.17092761199093,17.029451086234527
32.88378884579184,14.823964577031393
33.58030281670707,15.594783353716434
33.22324013619594,15.623595391756462
32.566111392305075,17.03281151138503
32.05244716636474,17.38636840268469
31.59495596690993,15.53562269366474
33.242061276065414,16.1673196141929
32.309937269414625,14.508538198006084
31.913174322067174,14.49082340261951
33.228818914861435,16.74006888095995
34.71399945777689,18.410061112775658
33.74610151880019,16.420738599460513
35.786516253909,17.138131569966543
36.87584214211618,17.803128859734414
35.40964571547947,18.2834494864716
37.19558540357301,19.826016294914833
35.73515383040634,17.81905395942025
36.40926763339199,17.806697094499448
35.2715428950928,17.852039670897803
33.511430944771035,16.152529577172942
34.3547929216494,17.092103012406238
34.77378468403653,18.498468838329856
34.693270723298575,17.799858985784788
34.88419898923376,15.872791926552356
34.784073945152755,19.354360874174237
34.529086066705126,20.129656417519374
33.47159859522945,15.255019986514373
34.050999823611185,16.55441541344532
34.07422541676476,17.650208883316427
33.83379376857546,18.163981227713776
33.27202019292408,14.781414260368306
32.9950384521128,18.16049626873876
31.49238532967722,16.968152703379133
31.187096080845716,16.270018738691828
30.21218414499868,15.019833743860458
31.486787282297072,13.833595009307462
30.5439668914502,15.435669029372823
30.09858925664124,14.251325659857503
30.11551183099193,15.432846935845628
30.905272140978145,15.016495874858709
31.363604163164784,14.446904402800225
31.380366187331994,17.77069581563589
33.523760201930315,19.365173303333247
33.508663604375066,15.23702942710108
33.83026458859357,17.18026343600655
36.541738934307084,17.19464711606927
35.66041361131998,18.58817515430864
36.617218940123216,17.39251291850673
37.058800646459346,19.01201543958954
35.75414263814075,17.326184328350664
35.13751273493846,18.231783817130168
35.965706953394616,16.153439200835706
34.52799863503467,17.723113488418218
34.345298295827384,17.404223030920004
35.272055946622935,18.06811807170033
35.037540965199945,17.70088436998589
35.30370705610791,19.050812772764058
34.641582156430594,18.612824205152265
34.02306840521133,16.390539370653432
33.41376906609838,16.740776031563662
33.06587703647297,15.716617739084734
33.693465769542755,16.33516242798887
33.76984303369448,18.661924321650055
35.726391141600196,16.86501197380623
36.27368206145536,19.018922755693023
36.54972713716305,19.907540441688607
38.780218922290345,20.120326051361797
38.6718243885906,20.47129248704146
37.871315692372605,17.888836132190953
38.023574182234015,18.615366224516986
36.94228362291509,17.638486896759993
37.45493789770645,20.17719487991465
38.80952666079791,19.30511329328078
39.44278665582391,18.948068886534806
39.03717063674398,19.45757285855488
38.89392616424273,20.59686072710122
39.37382383613391,18.38725650704777
40.54516838962136,21.08247583452783
40.148700429889416,20.223083629746167
39.73689717822347,19.700516232865244
40.81630783811972,20.7812895851805
41.034510307079394,19.8357595145908
41.37769477247955,19.67439971170026
41.858788613023606,19.48111248467799
41.09273411090341,20.902882698987344
40.9476943301274,18.994042011980465
42.004030980790844,20.406849085744877
41.85049729211088,20.109201696473836
41.65653088844804,21.754479494625954
41.956459018500084,18.32614562748208
42.346179453256894,20.783601877031913
44.872656593094035,22.42450896570087
44.073268718957664,22.250825792271378
44.21699734733067,22.049595880202485
46.223349524950834,23.993703439012744
46.26224002932011,22.989789192078455
46.644137943337554,22.857489009243395
45.20586318578397,22.8191971453298
46.17790849497739,23.408044131331522
47.048876468607496,23.769900866997496
47.869468941496,24.32279688293618
47.695983995665145,24.97284826744764
48.069780894372855,25.441157463926874
48.00959630910841,22.920251451046504
48.86063511394648,23.618614505087805
48.854347117653916,26.519732057550307
49.64209857458752,24.432045688694632
48.32253390420124,22.054184591901173
48.00352827950801,23.84548662486065
45.18224295333335,22.984809202132222
45.04259782832893,23.685524426364854
45.81563444864265,23.308029757338645
45.566706326937926,23.376319681688773
47.9078710969415,24.192193982465866
46.9294439562909,24.567655919018677
46.60076732261507,21.726670931840758
45.689750672632265,22.906625740225845
45.197675284468,22.909418992518543
44.73829218775057,22.57958158785167
43.281210096807605,22.819512879245096
42.31578496850316,19.92773635968169
44.3382114717262,23.44088544760466
44.084487863781625,22.87340430888878
44.99646471939434,21.361505798383586
43.740803547235096,21.70479175339455
43.63144995182894,21.75380048949838
44.170363538447674,19.919714965021626
44.00495551425048,22.017375088331388
43.501189403468786,21.16220594113516
43.31974295851597,21.066450029148385
43.35322591857168,19.739993157048747
44.185372914968944,22.39200882763325
45.387999604003085,24.05341709542549
44.082161145910234,23.36809349490491
42.042851779166426,22.24168494451939
41.855478923883,21.350884843184538
41.863020654117996,21.85061290273077
42.578330745843274,19.912809331452905
43.642055112164556,21.310187949977244
42.984679775009155,21.311824601354104
45.03613948557705,22.559562018324264
45.29490466699731,22.11494176144976
43.54147570243777,21.656538649429546
44.49860508473997,23.105721911105523
44.77759634825455,21.084326507970136
45.06587596836716,23.111456616699737
43.48689453815074,21.673527854811482
43.18809701749481,21.999330439703897
43.34928208181282,21.866716620326258
43.19911302181538,21.910124721953384
43.88499011895091,21.61401011357138
45.13699863308202,23.553513623937572
46.65528939906859,24.38577937898197
47.9023036405805,24.63059903393396
47.75867640404138,23.08627819856194
49.47061410164367,24.506756708039106
49.733722237193376,25.090283755775086
50.586824584146974,27.23556907837918
50.34864899279095,25.91593726779413
48.96592273381573,25.0115313194962
46.71496208412232,24.516213172313368
46.90338713631026,22.17778156045038
46.23374057154562,23.716514561929063
46.23062782052292,20.21326214963505
47.12265315277005,23.054883544303802
45.60642026318723,22.95223494002785
43.858038871059044,20.451085483738108
44.11995764097522,19.712092923063945
44.486532269169686,20.81316240540968
44.21893985396759,22.506556060519333
43.700674189483145,22.19691816292781
42.12132292545692,21.374120547775686
42.03919520988978,20.811646606964402
41.30416952725185,21.639241305231042
41.73665076325332,21.371483600590256
42.68161200023002,20.736283606683457
42.13173142331939,21.017850740889553
42.548362454571475,23.18409427893406
42.7355891041723,20.823267014325175
43.43454661132599,20.511950277330417
44.96188711221997,21.10205909595225
45.62149732097975,20.805589013102544
46.33075510039652,21.811368811724524
47.123752057267765,24.825689294528704
46.703360811906364,23.94936131207002
46.69985295318928,23.832661690171086
47.046276677356495,24.285350927655756
48.281054906646936,23.443011276004537
49.57063885077151,24.351969542194478
51.83258637085021,25.981336379601952
50.75036315458454,26.76437783117618
50.7125630251848,24.8564665615072
48.9990544501974,23.116071018671843
48.46800248906781,23.309663147341197
46.83663949412123,24.843391193348342
48.0000579515287,23.876390998822504
48.75393850639831,23.094028215178003
47.68895836699311,24.112771602317913
48.02576090708523,24.725920417520854
48.762671388121625,23.562134587939333
50.49460324169329,24.569822399118586
51.32247469837284,24.642717103568053
51.45129397524919,24.05090933906611
51.36323170105199,25.238902513556443
51.98863432167539,26.66453789002969
52.29426794215355,26.70429533079803
51.82199327455942,25.78565373183489
50.61229734617704,23.85615515859519
51.66433258885921,25.909195454360646
50.95094209671505,26.438265735692966
50.68545806513085,26.374028489449255
51.48339829039365,25.14828231871481
51.43106638157559,24.7685969372193
52.56115671072488,27.20157030297848
51.44888770723584,25.8152249478383
52.209665564051726,27.506329357257474
50.89169612855837,26.326928976351898
49.40177073371297,25.799627289879133
48.36814683743503,24.20639612994575
48.48822708389404,23.03203581990522
47.81971340335993,24.332764366439047
46.45075529606455,22.963434175266023
47.64783573286343,24.441389150449712
46.69405296607989,23.162671188811515
46.58456767811554,23.906223728384088
46.84039474078188,22.811835989725445
46.371012027282525,23.272971195147733
46.73427059276271,24.36120075433981
47.35249200944253,25.093990987106388
47.254386889591295,22.39090246933693
48.291776153984664,24.447516619185443
47.70562516656635,24.117607869272945
46.65512111809599,23.538632209870013
46.86045721081573,23.431136878283635
45.90049539382151,23.134657392199397
46.27821281662654,22.72175874339185
46.17953206588803,23.602180084814176
45.71630124486894,24.298805489369546
46.294632265653775,21.547646551251628
46.829730261200126,24.836520333829608
43.88596899287922,20.664731889951362
43.570357977309556,21.413574588233583
43.71086875417424,20.963062466759013
44.19930361588266,22.757439149979
43.658274619121876,21.59255135425288
42.51761984853492,21.820426235662303
42.64277844699503,19.391814646744454
43.32200114359147,21.6310887419108
41.27505307170811,21.480003441731057
39.781130634150344,19.879586613425708
39.197553997703594,18.58589320487682
36.62151826278633,18.385591185407367
36.02772929291127,19.61934044085494
36.84660264115898,19.37438931619667
35.788111132920676,19.1147775879948
35.92601978077882,17.083114341511152
35.04234975545255,17.505198451929996
35.463210766376214,17.167798290448143
36.11016895568094,17.8862568228372
37.40815315862632,17.756857920097527
37.4824350726283,18.054603893962007
38.52962989243727,20.58606420592108
38.92809748066688,18.26177802677458
38.45557174770375,19.90876251740072
39.923996147169184,19.80725023337319
39.326818127867575,19.086284037254877
39.49480828677904,20.466395278259018
41.93275639308738,21.148527553695303
42.797691855597456,22.729304815405936
41.97688360745782,23.056456846917836
42.269838107481654,21.805441621004174
41.71762321966972,20.50645948859569
41.57242545889152,20.188296904929356
40.07086990471107,18.40404986916591
40.28718304764428,20.217382049062
38.73857833517759,18.76727273076697
39.1057318052481,21.715871267220002
39.476651300760395,19.191750564283993
40.31839356539811,19.530646752262463
42.53821315593383,20.323193301248732
40.88569710389877,20.340973390789973
39.69282646487392,19.279966556581424
38.69590349432885,17.592742938727742
38.128117137875556,20.167074178553204
39.003847123434376,19.97506910533097
38.66619517716944,20.986595826001153
38.08005726155917,19.725712065985338
36.95174856467143,18.498476453134906
36.32096135867598,19.119012589003685
35.88079727566163,17.911935851751682
35.77395105495293,19.0246600903582
34.34224864864307,17.187648904919808
34.262846043680454,17.41001862056836
34.82486807180429,15.64103372630907
35.168714873003125,17.18748973135886
33.92138468928767,17.31183011815052
34.73688651954555,17.511774488302756
35.53589350546362,17.705863673151
35.83107331234401,19.0848144761491
34.603355727025104,18.4985426838186
33.13111648122031,15.32664951939557
33.167966921956214,16.667330032340566
32.139188681409095,16.560098612513183
30.80165475067745,17.505763392359267
31.68938558286154,16.16248584760792
32.59708895837778,15.868705106370726
33.23572301087851,16.536800627163238
34.540808163121454,18.50268152075878
35.43900628937847,15.316768400944799
34.28089897413859,18.126607723370743
35.42321157953385,18.885654555225067
35.54074543471329,17.606263346752733
35.980223115644584,19.1362067251708
37.543576540622134,18.05273757846735
37.98332997325566,17.916540752253443
39.55365021390776,18.182837652537952
39.60857430693276,19.627074848258378
39.22617046157606,20.023135226598882
38.51892968141621,19.410772895957383
38.38200974685551,17.831732584935757
36.70050874801583,18.39900105228358
36.6365983444841,18.879200756102083
36.51432714803573,18.69538695926981
35.979070069740615,19.41850237764355
33.74758696504964,15.82505134139479
31.599745048540868,16.161060710801603
32.30307565916201,15.987508636334429
31.34422950851444,15.75517546614921
32.7129905295162,15.791068917465978
31.997564700966603,16.0341329325919
32.35562148999217,14.811154927004875
30.909783704122646,14.852001835696116
30.270754131527458,16.085939471509587
30.04940225855292,14.438948170868132
30.628435143405866,14.993582155804924
32.309191666778375,16.516575167405044
33.27153624242919,17.166963460079977
31.819820968688287,17.121195410696664
31.82552862350659,15.120700557519047
31.657026114419832,15.587342126451547
31.0199543579202,14.235008289671063
31.60751249491739,16.245105885155713
33.185249091737276,16.65983962590065
32.728596903217664,16.544995400419445
33.8457811305545,15.855544248536035
35.24171215148634,18.290149659893867
34.179258211003486,15.9084057396508
35.953293912994816,16.72467252520987
37.640740693554115,18.277392114254674
37.9369405473177,18.071069061323165
39.64681978057275,20.358226109599183
39.898445086308804,20.049418173549636
41.051448948057775,19.762725643607112
41.70337873572715,21.82223151177604
40.84129707122089,21.05007651153607
41.10406707383443,20.279208036889134
40.93691607123651,19.656973584626446
40.44333351909775,19.14537525159234
39.29038480769433,19.874438908636325
38.51017769336454,19.1792950764057
37.27700793106757,18.891185767945117
38.41542657449989,19.530158449323693
36.45526551631235,18.472424560278554
36.53290609118995,17.557415367092844
35.92147107131024,18.260240505035537
34.67170699016567,17.255960101903597
35.39801451485456,15.491754534277192
34.60025356365666,16.75746593721308
35.80879857623292,18.970949395486493
35.630516371898736,18.13957643586718
35.964373627599485,17.503812637827966
35.83461784768757,17.356875735213766
36.48545988939413,18.57983846698398
37.42556142829168,18.285874017208
36.97625638467364,16.925694958477045
36.96773147769327,17.113143549504553
38.727627369989506,21.63841374942501
38.15363918692311,18.742447964018528
39.964718949785365,19.976289004030388
39.5714559613297,19.92431740561014
39.01391923412272,19.806287682176336
37.32606939272986,19.31259211550798
36.47792591588,18.286590381647173
34.7352643765401,16.9405452868709
34.16358914273462,16.840585606583243
34.85569916535278,17.323472512688152
34.7947348350471,18.98719554612899
34.191631508096094,18.751802261670015
33.164418125697914,17.276348126149063
32.47677145989763,17.909780101617734
31.02170081542895,14.977189632717733
29.75141575336461,14.068399280461371
31.69877959707266,13.608171376825984
31.939171330243017,16.775079177396584
31.022543204153173,15.902953644153385
31.69393145975424,14.60230877034858
33.19432475774369,17.09991078425826
32.55625105802713,15.950594397537317
32.44791259796622,16.418906393267143
31.191345753736503,16.557450294132064
29.595336709829503,15.389233485705438
30.9746773149058,15.40505130094624
34.40073006057859,16.761553542224323
33.66033722665669,17.78076422671909
32.03420957054293,14.888923045114428
33.4534565407971,17.022132341676066
34.511063736968474,18.13638028334294
34.98689556529996,18.830284235738542
36.45949341445665,16.709217923660926
36.1206945245599,18.551419136429182
36.396992294470756,17.933975909554764
37.18718341733611,18.353909342812884
36.87303079572528,19.30076473424543
37.34957437400779,18.879182632303927
37.11089171597502,15.944801752546976
37.565057703028614,19.454136012678212
37.72551261257806,17.783159984315358
35.74425317000863,18.388212881504302
35.83313779019728,17.328969017763043
34.40102897882163,16.464888234287915
33.5470317085468,16.75758560749235
31.880370080583994,16.44316447250195
32.69322295571291,15.379054685732571
32.36246699627168,17.36710546464448
31.973285084167546,15.39467394149256
33.2173370869113,16.98106356441591
33.92549882444245,18.673762961324968
33.70775439252725,16.45406231907601
31.62381636105399,16.04979508908548
32.28017801609672,16.789911917330727
32.011925522040755,16.826511282543198
31.643961781268516,16.77605033369222
32.37518237375484,16.309517480697078
31.74084284572141,15.923351558144747
31.6546027492002,16.022655482107893
32.538973927963674,15.806288559529413
33.10709651877816,14.79214690822396
32.4893862005261,16.555304185656944
33.93942686537243,16.99403556851166
35.08503699692389,20.129163696302413
36.97214077812763,18.0284814798162
36.91539823544002,17.266929398505948
37.12816626088928,17.939009134936434
38.17940367532534,18.549391377513025
38.61820718376097,19.79737532194481
38.75625756327825,18.894925532991135
38.65412714387118,19.857813057547375
38.35145425879934,18.597107238114873
37.69996843639777,18.329192632960325
37.05564270613082,18.665825332646094
37.46253840053294,18.810483808762456
37.15830625858582,17.191777286951826
35.74796072742123,18.300375333072342
35.8019912135984,17.669182736053095
37.46022340634108,20.59317274771793
38.82093932670698,19.197645391127462
36.813897662131424,18.697602839230672
35.96973770293343,17.03380073823837
36.74841331476646,18.877908013190158
36.83018293646098,17.855864584166973
36.90323434679104,18.605760518465985
36.776095590759354,19.2090376644346
36.837506844256666,17.083422715102248
35.82439770529842,15.847457104447873
37.0092597143894,18.21770248635884
35.97150756612004,18.067595610312992
35.83288029864099,18.41791746386175
37.36918488912349,19.895985630807534
38.45725661240967,18.7721828356793
38.454938550835294,18.861144032004766
38.45243581860761,18.21213422064796
37.861477993320264,19.341279651817676
37.36796810321099,19.7419180783779
37.13745837171053,18.471024131324555
38.47836689199974,20.100969128330878
38.053327981155256,18.482009346581986
38.62487795281097,18.8302929250129
39.06181407111664,20.7940664241441
39.47520503628847,20.926207872631934
39.20580101712984,19.67894963919027
39.94884076983495,18.950929733512446
40.12085274640474,20.266186902592384
40.231460881264105,18.925978708035778
39.77412363929412,20.366114733158597
37.64667112134823,18.400682740200722
38.38897012449318,18.244605679564497
39.158618001086985,19.45469987088196
38.67491117505331,21.719449338609838
38.51651963752615,19.728187614357537
38.82105114611281,19.91491801851117
37.87254911941632,17.750783690773236
38.597857821751305,19.904740698923682
39.32835065838625,18.092960549463744
40.1987048500716,19.487672495270115
41.13885720130631,20.76314796944124
39.27286730641871,21.702962324763416
39.81680375316636,19.165370404299466
39.40438089585772,20.17980963229757
40.535373289301944,19.962347461546397
41.61370088339865,18.91701156196757
42.451467259217445,21.804545251512867
42.39557671462893,23.530459755148392
45.20533090354406,23.33735979691547
45.18060504258671,21.779664869319177
44.1720991305561,21.957910674241297
45.166363095795724,23.072631665328885
43.75815199899014,20.8646310488888
45.69960715731561,22.998141987997478
46.741459359098826,22.735839085943184
48.09373633128994,24.023044874227438
49.16821513971158,24.138935218113247
49.6061711125024,24.837551775009068
48.33520477518218,24.506856263426688
47.77962869983878,23.159769184332998
48.38009571829043,25.68922597507533
48.22115800851284,23.05237529972887
48.63131536097814,24.793669873845122
47.99606793394184,25.915330357947475
47.25814043108117,25.061084311417964
47.59673365610582,23.62939671146747
48.37440399384876,24.683428143139007
48.421765474949225,23.33277943651293
47.496179921065945,24.133158176249967
45.88906231056281,21.987845136399105
47.9365158046037,25.122736549384136
46.84609982995407,23.76974857686531
46.0208026569289,22.371152475039445
45.3371914671929,23.432010747678795
46.26117361939187,22.57077273545102
45.54670221402989,22.998899846710838
46.12421544087134,22.263075560909
46.45093595024312,22.648412445854333
45.3507272496942,23.546023611657766
45.53917298609967,24.64726299253877
44.356903021544795,23.84334402678371
44.225718824988746,23.177460809455038
44.986617416496706,22.686759491830074
44.77847596345663,23.248376542139315
43.900707409651254,21.85938668333052
43.5096545648053,21.687375477299085
43.34741514206618,21.462684333681963
43.6998935538063,22.780018424739055
41.44526966880074,21.041872286727724
39.63378613106441,18.487084551511124
40.132955269695024,20.37173544754516
40.027703423122155,21.263986527506002
40.04754052753476,20.572784010451937
40.26576633202199,19.537686841894274
40.109858231232806,20.096126170115333
39.6649961372848,19.847571667379775
39.77490993723535,20.785683629683902
40.43485494694736,20.807474588544448
40.77033159321661,20.128069436350046
40.78792518912054,21.29514104580379
39.75359422099961,18.079989659865003
39.982937559556326,18.16699634934571
38.83380930256731,20.15746006087652
38.16367033399963,17.19941238377192
38.30625913341474,20.65205651643228
38.41684507661113,19.48081621512309
39.49284220788074,19.882914729442167
40.3591488046467,21.400046842911916
40.83657237157344,22.396214496018008
40.511125681331485,20.344319759237667
40.4927862108883,20.69499487160602
40.247412374648356,19.197490989484997
41.956651371679854,19.7592081071206
42.406301655767386,19.954114914267304
41.759246961239086,22.208127507438473
40.91980958796206,20.082257168926095
42.14250504858589,22.618195936420857
41.27904756751184,19.52822497553719
41.63872023237013,19.960040512705877
41.81200391136453,21.071174711674786
42.86229171219322,22.43035086320835
41.99506395167331,20.109429748694833
42.450303004403516,20.729049868775054
42.64931096486585,20.602861627103568
43.436859202642985,23.5088195799893
44.77996498179215,22.772249011474678
44.88206066881724,22.880236326240617
44.661898119410246,21.616366859181596
45.530150684093385,22.593758364144875
44.14069866561833,21.28743810539315
44.32923812866742,24.386005327755328
43.36223021029708,21.50284019827818
42.172349441388704,19.013212493991077
40.6154563003218,19.052970769302615
38.98527808015388,17.191578932018082
39.80892122833775,18.529583061058414
40.67565243662304,18.482509350124197
40.783315651310694,21.44960276946296
41.81149832758205,20.553295834453078
41.84788084961991,19.625913759977188
41.36586129910868,22.627544741588796
40.30634535509659,19.624097288415182
41.0728339844822,22.201915203874194
41.885657632880516,20.639506787218174
43.14108681249512,21.56654901985599
42.361373466193264,21.74701102732313
42.092419909539444,22.59855342082377
40.77063016502042,20.347874769743097
41.91262628189647,22.51371552720048
42.62421556803485,20.44716064579539
43.14329735538654,23.743921041692282
43.14074476104054,21.936490959939107
43.00932733234127,21.624016440250994
42.66421951240752,21.132452538432343
43.75752351818507,22.138492867618176
43.14935882305042,22.163613230983422
44.04395310560921,22.235791195471943
44.34468494993714,20.77477120940704
43.36921330231167,23.61173172026509
41.95824721163028,20.340656050501046
41.203881657472074,19.720041504365877
41.184779361269555,19.588050064521777
39.92702198506571,20.65710783898639
40.56480176999506,19.481174084250082
41.707370496918,20.557023268753582
42.263392048037936,22.670599044504364
40.61087094696379,21.169727969134136
38.308430847961986,19.127048032270526
39.1864778514633,18.564512589478632
40.67860248524203,20.245487751347312
40.30340719871087,20.633792008508173
40.83920424073597,19.414880143772923
40.59173080292419,19.54851311798266
39.98019533674279,20.560575233225173
40.98213984632379,20.180225892885538
40.457006949941125,21.645409244256477
41.31824524441589,19.31193615624762
43.041619478728634,20.96633176231805
42.94052877035791,20.650070496679092
44.81379691699698,22.687573047959845
43.53375384983963,21.066407895110082
44.46292214403006,23.16207921087461
44.491792265790934,24.08413280216788
47.054143684450025,23.4778902616133
47.11558953510334,23.982387233849884
46.34778762689114,22.6164949965173
47.979303998036464,25.0940000388921
46.48069999401834,22.405182188176205
46.93983925431961,23.32673855214267
46.20233238322652,23.54459758442999
47.593217740604096,22.79676054191426
47.51043763262121,24.450187827526506
48.38227510163044,23.98588038023301
48.36353481815719,24.501218089555767
47.28796068821367,23.27649878645495
45.16724023560347,21.354289251159475
46.96182334583394,24.13820583990194
47.21220307204095,23.781600214452215
46.084866748787135,23.193329780587977
45.79159557560286,22.52458370689902
46.79186502590606,23.924707701502815
45.327485154039216,22.235947395119254
47.60142503285237,23.969295035334813
47.3704199112444,25.28092434532264
47.02156058713209,23.141601833235722
48.316230424291625,24.591885246633545
48.54077861138131,23.85513576662496
47.558856322004985,24.08278055160915
48.486223525738644,24.02272185352522
48.948902434043,25.240013881835825
50.08390190847918,24.441245021022052
49.17933299641741,24.225026315772826
48.07035728651149,25.623551387418306
48.7056801072949,24.529907698599374
48.283470643918434,25.891960308951635
46.147629221505795,22.894503099311464
45.573528112200506,21.7137039222979
46.207440258824455,23.04850470540839
45.49251388130296,23.140971329956653
46.77454531930546,23.178287316059485
46.279487250935844,21.758610536477683
46.188979211439936,21.41558032440328
44.575523391777615,24.02896472920449
43.78271636990904,21.08099505807173
43.5994438914343,22.260567773509617
44.178829132356306,23.011343390056023
44.368099207192444,23.041578170804968
45.42928807690217,19.56560731007627
43.26069888489512,20.033779868743558
43.28632103129656,20.28041385539721
43.14215622324287,22.108617758215622
42.1007005205623,20.50320244715029
42.05896340944256,19.703303416700113
41.315416994977156,21.195925658448136
41.74275385620834,21.568407916660345
41.39737101379836,20.687277923695426
41.902251640493375,19.546613881574988
40.99381441959882,20.76577064641653
42.26074750075268,20.192517549861773
42.65774673381742,21.121754548684045
44.4385457617965,22.42577186815935
44.304164508093415,22.297936555776474
43.80304104366492,21.624637194120236
43.93871993453371,21.831542610093983
43.47210520915139,22.33298013399799
42.43289881134303,21.287841064994243
42.44796143131691,18.69627925437223
42.38245509412572,20.359302000685197
41.73237647883031,20.823211782736205
41.34830579472002,21.654261689138472
40.374765380378605,19.631577291527368
40.51925107571378,19.614540304688926
39.175113018810684,19.98637239588928
40.871965026418685,19.32085532436588
40.90283928060652,21.036712439361583
41.847270648957505,20.251608833018352
40.64444095665059,20.465164237035324
40.989232098501226,20.787940203325498
40.856172950553834,20.78374073075662
41.84001121500634,21.978465047319023
42.71352331743248,21.10177030019792
41.073427253845544,19.743941218105974
42.22439683872768,21.097264049574175
40.72933043140943,22.44481910398733
42.07202879977702,22.078044418993727
42.01924895557422,20.02186622765608
40.82081130837342,19.157887153572155
41.52859642270122,20.55598290404774
41.567679251827805,19.330193560012894
40.57437503339763,18.97681001597774
39.83377357219121,20.998798190983955
40.312806841482555,21.181368388651695
38.939034926239025,20.39365574679216
38.075211427103916,20.645459491832383
39.933308117397466,17.943185777516025
39.163450961568515,19.719275095702805
39.53517707494476,19.118160661565913
39.98407300482109,21.003301891527784
40.948361969528506,19.473710699066967
41.83126535694846,21.33319273415038
39.29892146194773,20.493653212425574
38.812854062155445,20.37996590544107
40.00187019803891,21.580600669498
39.20882983710257,21.09725923417617
41.039161063978796,20.64091511172619
41.29015640900472,19.1157602504846
40.06551942543484,20.449374588805487
40.63512898221892,21.811916949519052
42.590916028705045,22.470280271068074
41.91889554715101,18.968448203247988
42.48207790898567,20.306685267896242
41.59600946334445,21.43290261362723
41.010566688653284,21.062143812732003
41.12818758238776,20.66983446627697
41.647095432919585,20.95570737544692
42.00475236350858,20.221500151461477
42.22031249554687,21.62724135544372
44.64484015477876,24.08713837834149
43.55888340827915,21.868263044866236
41.69085132171624,19.17825962122975
42.25810863386356,20.450292961454952
42.45098813440351,21.750440233628886
41.01016694620935,21.061299596207665
42.74971255702857,20.626503365188142
42.04836261404021,20.176573884005446
40.63387572646335,20.499336257360174
41.06288110929032,20.815633415140667
41.71362941969851,21.021838794915098
44.09043090431552,22.040014089277587
42.54971673814424,21.25622257330339
41.27131536390316,19.940198444729504
41.00013325834541,18.61110808190833
40.56409175609865,19.045077475378513
40.49511120308868,19.859947990331197
39.786044004224856,20.658134458918777
38.221360711044106,18.220283575717097
37.775978659289585,20.932397590666252
38.49588400750603,19.097307917799494
39.29748268405752,18.85905731213182
38.641178897703604,20.07258207009769
39.189585692734894,20.801889188321738
39.61267332794816,21.298087537572552
39.12147554594221,20.426101249167342
38.77409293147189,19.95538110212185
38.8271968575412,19.081832788091415
41.65489128494637,21.02290394952212
41.82821002356116,21.23705236410415
40.93856352656647,19.78367833019197
40.78470033094984,20.84408221657317
40.22982576936685,18.302606307093043
41.386806389582105,20.028180406183616
39.213631725402855,19.161110966722802
38.11692733060144,19.118581368585236
38.963177251653605,19.939208403867607
39.394028456253984,20.078163414632836
39.43157424811104,20.018796972243244
40.1673659948128,18.64628640132227
38.83512848671196,21.587846099454048
39.21293328090346,19.117656532926333
38.070569023043085,20.262831225674987
36.78326181109037,18.655441604271168
37.29654230622983,18.80238224389178
36.50023519756933,18.002051528992666
36.148756674868956,18.01722095213467
36.79092053318819,16.799107498843064
35.74547835311464,17.50959300393788
36.37205990882091,20.375357131726503
38.65314244716155,20.005734486353965
38.46326859226971,18.648193007887443
39.44536462685001,19.3137673449411
40.23766349192429,19.632745069562933
38.969816861616806,19.300918235155315
37.60094446083447,20.097381536537547
37.61801228328879,19.2994807924836
35.47458714153085,17.19383888244099
35.53225906004246,15.596973699960595
35.80790180425613,19.559389456174593
36.296411060016936,19.258794475247427
36.766100379883575,18.33857831498627
38.13023974202571,19.426107230334775
37.80989524949908,18.504140718043107
39.192632686225394,18.925855405042366
39.747123864698025,22.315910894700796
40.29956066384008,17.80027816110452
40.161773186849935,19.780626622422425
41.14908925640027,20.994914014880344
40.40823015747683,20.73209709695212
41.16350984407441,20.62177932759759
42.31502345784432,20.90757011561936
41.659632486855465,21.15142395367742
40.71817249605341,19.26766387414294
39.97376918562204,18.89005335145733
39.95485443623524,20.57307958034138
40.34455152106198,19.405237554048927
41.25369041913753,21.329356884037523
43.19501612981693,22.726347918262334
44.86110571860967,23.84635325991878
45.16157274943956,23.742899662211535
44.79244550474586,21.37509831037556
43.59540656268616,21.86470536588794
44.453367379251276,22.21679850631322
45.001128329972055,23.559850773640154
44.741742559278755,22.086538034267807
44.59827994610219,23.648559871303483
44.50327746132077,22.419844139477313
41.91711841793766,22.299423915797888
41.883572108534715,21.075883244090612
42.237256503205366,21.240819609781852
42.13530983926529,20.015121746467543
41.08213174879404,20.171088146451147
41.15233841274306,22.156965279932425
41.66111380900482,22.362105289678826
43.50727764492887,19.42850280344235
44.60342935321558,24.667004738880564
45.22745941795963,24.346713590995794
45.19857989992689,21.894399485284243
43.867267754119496,22.686220823238997
43.41556454859187,22.651818723939503
42.05473074385269,18.533036159303638
41.97414745905833,20.835902107572807
43.07709735867766,21.685800655004392
44.16201015200401,21.88877511549459
45.10279508816719,21.174135679090725
45.1480681947188,22.444178445026918
46.17615652575884,23.638282793070193
45.924742441881904,23.379751820821976
43.965645311302666,20.89412509548286
44.12890096534073,24.38144447107506
44.19137222450982,21.028834144273322
42.450550271013036,20.596112798209745
41.937563310672395,21.49245407856438
39.48385372199671,19.22838722807952
39.02487806352396,18.939137493231343
40.27430735969354,19.6021227858574
39.64383996066668,19.6955913479446
40.997976369263704,22.886434168332894
41.25211555285072,20.328467636446415
40.52513973527874,19.708626825369564
38.7497064082999,18.215959214467407
39.53335133337723,19.97385178623403
40.23088647514673,20.69430766686693
38.748530271823704,18.526019853389364
38.34394913645482,18.70871622502301
39.48830435296364,20.11252687461962
38.754936815914256,18.775400934354455
39.1780591368628,18.767427962014203
37.225131211895906,19.321514454458764
36.31333755037938,19.426042190342926
37.07130295792176,18.181346018624108
35.89527327830861,15.914330274263131
34.45745777168756,17.65927534491689
33.069593864166954,14.977616951692724
32.708999555567274,18.204189894424864
31.1344456555118,15.831849714610954
31.042569330455763,16.151741222896597
31.630232358354778,16.084714055243925
33.20449980579663,17.59251941017019
32.82118420089784,17.1086949439133
34.478590596494755,17.66351511028523
35.069032774705605,17.749297400807045
34.866773786742804,15.891120509619578
35.415242037340064,18.36032201234537
36.97623770837495,18.19478046597999
38.51348857223569,19.505703748357213
39.30112061580416,20.58917911870951
39.230231235498955,18.762770204239644
40.09601010684355,19.252326945650637
40.337515345974005,20.971698516563848
40.53067089527204,19.532286227164647
40.8163621115842,19.902630477507373
42.67712742184337,20.87907983946002
41.4857506244888,21.34671591892213
41.430745416800846,20.403746639559174
40.34734823184228,20.349954359275966
41.2466863900465,21.95585310072749
42.3963038277051,21.728035819904523
43.79129862167943,22.370126596643843
43.45556447334311,21.655951661097316
43.533568163496476,21.347403744899985
44.336983834385805,20.65687497159528
44.547483940410146,22.0428465302124
44.86925932499811,23.506576251768188
45.09556967192757,24.377877353171847
45.397639945711205,22.10795870040024
45.3085367542335,22.65210609631988
45.782346073194226,23.376815987315968
44.32920236435469,22.448265108331196
43.93199386430676,21.54462571667024
42.61430468347053,18.92078823790097
42.55340473956574,20.791015410912166
41.84114319041628,20.218514741158526
42.4126452841181,20.850785733493115
43.7161848105779,21.665865274780508
42.489192652856445,20.50707333183827
41.72914327076417,21.05724495184962
42.09203863986239,20.34913575380097
43.580728441030374,20.34318401597775
44.39349213130761,22.52942721199916
44.87174742683536,22.324035330306465
44.84296415724405,22.791171201017026
44.42554055308027,23.181318360789763
44.84503673980244,20.878996732424707
45.382123645246956,22.404086885594012
45.57463640744292,21.486949747742607
45.01588667599497,22.680622239546267
43.42242675189299,20.33437489803942
42.592109097432434,18.611946243822203
42.2413315571375,22.362561736014758
41.09562854863763,19.41272898917184
41.45240208139185,20.12791734388816
40.042106292597346,20.356818278769065
39.76192477431663,20.728560448792894
40.14433857155895,20.173192602629964
40.99564070864094,20.067855943788647
41.26903839812176,22.517273235304568
42.51715041904158,20.916819723222588
41.945053763087664,20.046678324948658
41.18898902982838,20.793589552690587
42.31739601948464,20.481068890095038
41.45615858300437,20.996487911103777
41.325668125857874,19.70517752452738
39.601954515428446,20.17929501266737
40.762814468585695,18.697640931483217
41.51417065408999,20.8867072627181
40.78167844873292,21.03509233063581
39.04322117426228,19.67025727802121
39.32486205191668,19.588710958891348
39.62550509986346,22.02779375294971
40.82906407779814,20.42956125005916
42.726330930215894,20.556530257354225
42.98895487337074,21.499017112577352
42.79377026269209,22.694732695976548
42.57910107600104,20.778563122453022
42.29967892182018,19.429060076967648
40.94170074503696,20.116480777737877
40.05920522800401,18.74124100687049
39.99399754274285,19.681841885569025
38.356816051963946,17.540122658922254
37.05311391224095,19.9814700959964
38.3064009802313,19.048521263684233
37.649608889602476,19.4039231712848
38.48013396808545,19.210223417804354
39.61084535739244,20.544446991894688
39.64278150226186,19.492761562361306
40.50314611625904,19.76118311328751
40.34450145510769,19.198525658768915
39.485604951569655,19.076352441853214
39.399462394266905,20.48285569707102
39.49370277113269,20.682641315188803
39.64068258412735,19.227122723740482
39.737947844362346,18.254155177364442
39.364114481809096,20.510215755161557
40.460277463710085,19.270346844392066
40.28619346606468,19.36359011824355
39.89431324097499,19.60978281857751
40.856066014591704,21.333750665921663
39.87737794681026,20.24492321007611
39.9014016446422,19.616379536147026
41.415310161320456,19.16551334484019
41.50982231995695,20.727863278521173
42.970653685663194,22.580748982463188
42.74407049203194,21.48197803851213
42.264463407259505,21.773793440165228
42.13588411396947,21.12022260036553
41.60764652565093,20.53686545899434
41.283461425309895,20.774502556138295
40.87764391329587,20.417536288085298
41.72003384133167,23.24620475446399
42.15906026251523,21.28420851938281
41.98606570235248,20.91496757532413
41.271258793059644,20.63869363529177
44.53460990528141,22.515277448317676
44.3723254006051,22.461899090627988
45.82130473001538,23.749242680389056
44.676983553034376,23.148896285271235
43.97373161865612,22.24846751322473
45.24641607870235,20.640310715305052
44.18274462562233,22.915087464921005
43.14805191194622,21.856166694898008
43.13131929658219,22.991842184761673
42.43802905784833,18.86704424220892
42.183606645197706,21.880966386178354
42.37821986617335,18.9240878352646
43.29140445032037,21.699139484788073
43.51560638212871,21.43222066477591
43.851360660886755,22.798867746059834
45.22231771942895,20.54401414719171
46.683951227344046,24.07899207625535
46.3701654285494,21.526555660704158
44.54896330918735,21.791884563406022
43.57744132436734,21.123178937558233
44.69406287819444,22.8844306149605
44.25527799965524,21.660855551108963
43.58636026349999,21.881342048377572
43.17580484958823,20.83888158475392
44.81693825492503,21.89195305307388
44.91788092427633,21.634553074284298
44.583039988985064,22.662539298144633
43.92350473035104,21.282673804745915
42.86519251338101,20.405033996163894
45.7422899160359,23.50886165249425
45.74673059376385,23.25986132245145
45.94215957037207,24.52878130185242
45.667289640932374,22.731580738740902
46.784198910942244,24.146482976136788
45.81726478292627,22.263438854388106
43.93310417596532,22.933110531127458
43.39905984927385,23.156093831595914
43.78155294062693,23.318655772727123
46.098484709764655,21.26676944049684
46.06750370111502,21.828975503717025
45.24741347458488,20.625594880324904
45.064548606601655,23.558052361585194
44.32521055259876,23.37700011114094
43.58143249960069,21.402798780922584
43.718381863421335,20.95621114131747
44.06110169155967,21.374672388372183
43.44448543161856,20.77361533831455
44.59491280004871,21.662611510046972
44.56468267755509,21.46341632680268
44.72616166298918,23.07831669762183
44.25496495207101,24.141004870364455
44.67292611410404,22.174156429020865
45.13319331813926,23.362261977894363
45.847772778568384,24.455964725966215
45.0756153446516,23.944253269794874
45.76025233860078,22.659756116740464
45.237545107544975,23.131782715232298
45.38633893909819,24.018111049913472
46.18644793232906,24.219385299557178
47.76140884115611,25.28440036504139
47.36220823021364,23.021450822287896
46.29915077169575,23.161094213107358
46.49329908247504,24.132428387189147
47.776021884426974,23.696633763439294
47.49833730259308,25.80805384222224
49.99646365831772,27.50085672326303
48.15396423906569,23.23639451965522
49.721410926805675,24.24710164392167
50.950196912705294,25.39980309405275
52.123827836294126,26.38822026543261
51.3434608920423,26.80363320447477
52.76681918400269,28.265992672965517
54.00058599504053,26.259963516899283
55.314780324093825,27.58036017408057
55.14476096748187,28.393712029673797
54.95811801540682,26.930625080659222
56.319750173180694,28.698285910872503
56.727794899756375,26.966339815828917
56.42186304563271,28.570575914661628
55.64057633603138,27.699670222064594
55.963967019736224,28.433237728927423
54.65709433072576,26.23531166266035
55.29574731763413,26.85481766849013
55.511175409416005,27.196591132005466
54.00608411724611,25.614381979215626
54.520619391718036,25.345005024632627
55.78945522914873,26.741082178521417
56.097561480807805,28.58503977216809
54.81677824350472,27.16166436991736
54.26330443501076,27.35964152891068
55.162793074224645,27.492120923332926
53.910710548643316,28.674152154231436
53.589951016316085,26.328239199555345
54.79820355778444,27.250085091488412
54.56687646408614,28.097360560087168
54.036424931986716,27.10388922970461
54.90276946972028,27.711847901457787
56.57929197772873,28.790955819421058
57.03319998162383,27.539309389888835
55.74903723177077,26.66859617894041
54.17858169422638,26.43887933496589
53.97779701952874,27.896410150963387
52.21079913330671,28.64116278381637
52.17709824444908,25.0012253733474
53.14463469729077,26.932825159032262
50.51936653746732,23.15262906514798
50.39173456595093,25.027525538138192
50.7692849485013,25.708534183955585
50.27525426025312,25.22780748267342
50.720856712663675,24.0576694255984
51.27527142125026,25.245177515266377
52.38430210644846,27.801583321722386
55.15818432950382,27.70732374436296
55.53219554004833,27.08312987347574
54.676393412846096,27.505619968581705
53.6930122381778,26.023059928731346
52.49640142628686,25.785546283089086
53.263206589104286,26.314541233133426
53.6562239003125,26.75576292845541
54.17524915670775,26.716775698861753
54.42472642031422,27.745398761914696
56.083455556301466,26.61615129896915
57.23632587731974,27.447072923989314
58.30674019955721,30.044642669734746
57.66995755383848,28.35902033994304
57.3932005571464,28.509491107092188
56.126761490171674,27.54911874203888
55.51840264397395,27.240331656664516
55.6559855436972,26.674481018006443
54.46988107933669,27.289287603956964
53.87441344547046,26.86109752811454
55.958737364732144,27.019606851105767
55.82070357885491,27.931614606846864
54.35373650759602,28.230367710250913
53.14356009657883,24.61858253090806
53.103869405666124,27.47667836913499
54.002316127287244,26.362696677900235
53.96150990778584,26.5529495042457
54.88423345534033,27.686545778953
55.24811615867565,28.381535058265406
54.17293311029842,27.218812861590404
55.26267447920636,28.157299417796903
54.85393122269497,26.077220640493014
56.80290669203102,27.088012458962208
56.25800535127535,27.051126259622627
56.16275017340406,27.688611270702026
55.66253888642922,26.784461201859358
55.44158821642014,26.580186846097746
55.952564689707415,28.66993921537902
55.81329127172116,27.69649002161077
57.059037740203294,27.17508054646126
57.539822515065524,29.99083253746662
59.18784865854193,30.808690063788465
59.31138444996208,30.78995204798364
60.66752512757797,27.98960462382245
61.934722048137246,29.66632540898584
61.84525563913856,29.762089487235368
64.46127801907265,32.359849745391166
66.04444636701676,33.541974737562605
66.65257633685646,33.79184741723826
66.51285528433435,32.55644483008466
66.49212261179723,34.28545892695293
66.38191642276335,35.24274871136379
66.73227435040387,33.447044741426254
65.65469007481319,33.92208120838355
65.77649542893141,32.97933276088257
65.23391811271561,30.012724865172004
66.97824091216985,32.82139426452384
67.81811720747585,33.520972664272804
69.56857460563873,35.32415917842663
72.03918525445089,36.83223778860549
72.59127144059697,35.68104355792016
74.69362448699373,36.28845936854744
75.14663782645958,36.634944519547886
75.85622442046402,37.74469974343189
74.97724861043909,37.14846380046583
75.13663055083802,37.62571937106849
76.65431127497756,39.301042497012716
77.23122594496658,37.46422565815509
76.92966929429308,40.34075582953677
77.01415518664103,38.10204931796981
76.34988290343418,39.43057506681471
75.75104821921113,37.88470113720317
74.38214978642586,37.757353496333145
75.57777025867027,37.04775378758728
76.75817214374717,39.242389036325946
76.72651913994686,38.29117848409145
75.45412065399594,36.27645545411411
75.2925834009061,37.321252717520096
77.39461573829915,37.78540966898964
76.13575444666361,38.66681618389009
75.70654261332972,37.25901565115663
75.31070065839486,38.463365608482604
76.19413884885272,38.80757414318018
74.99460007832897,38.063294808909774
75.33857934178403,37.088827813153706
74.58960036155788,38.39625751282352
74.30990385757595,37.02903062480794
73.16585551612661,36.38712894992562
73.77542405336371,37.92009507444156
73.3592060480376,36.19864719171475
72.84356772001769,37.62551044814706
74.02681213343666,37.83055805568924
74.45650573317928,37.8498072170521
76.91369659803165,38.35558353072661
77.41944393231265,38.12649494200379
77.58648012334086,39.211973408920116
77.7952321739553,37.72827030877024
80.64868411191638,40.59865750922033
81.98889481648393,40.06713581112928
81.78880848316848,42.05854173052474
82.19593812363998,41.191912199337374
81.76202471122285,41.88973790252423
82.51591057668996,40.22993179445022
82.09666005585683,41.02609704877879
81.62183119867206,40.14909897868583
82.15318259334349,40.88304012487642
83.6024910697354,40.6197676847916
84.54886839361254,43.2006813233064
85.38748817982686,41.8461328151057
85.51566423082474,43.200986093296315
83.17114963129619,42.118501379382266
83.08712387818946,42.91098132149643
82.96008423002415,42.085167961243975
83.5801130032688,40.1060709393771
85.42763665319026,41.91295904079833
86.27318265691733,41.89213509999791
84.59879162466652,41.00413617791616
84.70132303625508,41.27587433560888
84.54217959097299,42.976856593835336
85.34401828162653,43.31918929336143
85.35874923450048,42.96793134382305
83.50770730856357,40.64841543870559
82.66976238294255,40.79309614602848
82.41885731664534,41.806944567826775
80.4262305505622,40.471962588978904
80.37078087008226,39.01882458404498
80.15056229215106,40.1926855925447
81.29747829339476,40.70065340474127
81.24443292761087,42.164561427726774
80.678783865382,40.042210151067835
80.61407358600266,37.64574971908269
80.69292543110274,40.68293109725049
81.73361529248692,41.97948818185091
80.82837082611242,38.80496488622031
78.61083775770506,40.20803236623545
81.45114628266586,41.89771107653054
82.27295031670688,41.350130350184195
82.3694405627125,40.64280938269886
84.87110320685086,42.499640934792865
83.77124824304728,41.592770302944125
83.02435167579081,41.81283215793028
82.63251745689675,42.57511671514745
83.17840945626368,41.82787326529029
82.76438769714485,40.919738783443485
83.60548735161416,42.55452081478084
83.29995576008253,41.37469003561885
84.66397789820502,40.7890530025336
85.18397200200424,42.900454100596654
83.55474815655057,43.70655948845626
83.56981733172135,41.41885801569466
82.46131460695214,41.47432397455565
82.3672357986675,39.792148473841465
82.4111158608292,41.11944796628462
84.72490132198661,42.058596186012075
84.53017895738621,42.52141061572687
82.93942187936923,41.51990205387265
83.08964395157075,41.39512689073216
81.949225272574,41.818353345367456
83.84243752667737,41.30408554838366
84.59989718709365,41.28196038061913
86.23293155506276,44.25104301777701
85.86523924586834,43.55777245589283
84.84213769705872,41.52507427367829
85.17368698462631,41.40182084432032
83.81221048135262,40.78809939912147
82.86578753078696,43.71676477475452
82.12828618304643,41.81857620787642
82.01366025759823,41.315869037526646
80.49932356002748,41.00556013382435
78.43620312597085,39.83454718719847
79.92086173106539,42.44359145416039
79.40080813588372,40.35218159785734
79.24609576044882,40.17629170236767
79.88291797066783,39.71403074427393
80.36155399944039,41.158160738733294
79.72877116415042,40.295759013243305
79.30819849677673,39.89765581175809
80.98261412021364,37.82988356955675
82.29729828694832,40.99229845623079
83.09485774019842,40.68953867270875
84.82671097322694,43.16686278113605
82.94889120004761,39.49825213145913
83.1253479948808,40.9842835833855
82.88576132473803,40.35386625227958
80.97288662046375,40.537595792332105
81.36419860240713,40.88740617454609
82.06922264026876,41.49210013339
82.38262064973709,40.64001847300901
80.59044255475152,39.997116293702625
80.4196212646897,38.99103220577786
80.68824461896989,40.55915461585274
80.49684412472905,39.61948310262941
80.83625532535605,41.6413996617604
81.39901495016666,42.86160000890716
82.90166646788926,39.9205774919493
83.19678553529737,41.55031032412917
85.9398078878626,41.74334063459372
86.22063414732003,41.942721245323455
86.57217849947925,43.477286403479575
87.42876792823077,44.21552686966808
87.41701375558527,43.44275277324215
87.14995985989702,44.44665180833018
88.47822702056013,44.30540447781001
86.36211118081633,42.64394703487526
84.62187995399627,44.050602241852935
86.80651378260345,44.00484879018648
87.6249755905899,43.87531050169892
88.2452963098999,44.94573136523069
88.62420659763148,45.225359295919404
88.98169856262332,44.368207990545386
88.08657868517889,45.15039812175111
87.86681263623709,42.372016898711
86.89244143090023,42.24658085032963
88.14060454178788,44.26358692148475
88.86276780256605,43.152401408063284
89.18107788726292,46.18305680619231
89.65208997319509,44.802646537981815
89.59156119374695,45.811651540985025
88.4919643122367,44.361521890489755
90.30694983719262,44.713721435840284
91.0468937466534,45.32537722780429
90.94741464020382,46.379624967880446
91.62851424775052,45.55609072238907
93.00376324947251,44.541295847296134
94.2859369673341,48.575041553719224
95.03997137091699,47.18954153003709
95.96232873280132,47.730794647325105
95.8090204397947,47.72743167653743
97.26950846430866,47.67283278030845
98.31903465738804,46.529056126156284
99.36978715024503,49.128340050200286
98.12613658459445,48.40786467081065
98.86373044084992,49.613257866172994
99.62706471629721,49.96665113803813
100.52575776973968,49.82790054982009
97.95433329734601,48.19292262692736
96.12261394271552,49.73418364666183
96.4828831360086,48.67863713969527
95.58908816588247,47.77171985894282
96.05438285006502,46.606806470547326
96.03033805385098,47.41047128013286
96.9770083752015,48.50540476725651
96.46989822136946,47.12769520793914
95.44496773927864,46.923764351380925
96.041177774998,46.978582750805025
95.81756705714244,47.637011136351155
94.67350717844103,47.63837195837891
92.70247940496768,46.15409423895043
95.97439043267677,47.68556076648069
95.65845735944362,48.17072069657345
95.46304301695439,48.54045739234489
93.50268602204572,43.832605752500456
92.50857214747211,45.200711453095614
92.39352362188819,45.86865749913004
92.77605359068222,46.67692787247426
93.62036781717113,44.51883977269994
92.89940695967294,45.98448262818799
93.43901151850474,47.93142227356552
94.66449369602958,47.25530791046648
94.18398963324103,47.19170821576144
94.15678419826253,47.96414228265919
92.35010379524923,46.80235231247506
91.55450473479294,45.02612744507021
90.1791079104208,45.24460546818329
90.9086637469107,44.66952524832764
90.76392601287117,45.85058838988696
92.43898628204383,46.89985320816816
92.67520377418927,47.294423278164274
93.54005933366659,47.13526581612709
94.11249884430192,44.432082588414815
94.36542918371637,47.063222649748454
93.3079348340849,45.79632331853607
95.05254642449162,48.238788539077284
95.00368221020027,48.598063063155024
93.15490609897181,46.864589428807435
92.60524706795196,45.79097938532135
91.51438073852263,46.20209408572202
92.77117796419299,47.19590853408195
93.89526067243652,48.091563346834256
95.51696263502745,48.788392666656186
97.81352745367585,48.65997933277096
97.1896457969266,48.782974873558324
95.28808066408101,47.673200285660315
94.36295975808693,48.38469884165781
94.82976826952874,45.93102367207357
92.08273000635845,44.49104480196784
91.50646021737255,46.84409903644416
92.42220817237481,47.30006362887578
91.58693602460373,46.472549870467404
91.50725523798481,45.616035820215934
90.61344314788847,46.272134895735995
92.46410791260213,46.1591180424968
94.52558728620795,46.61399552197345
93.51924813835805,47.40482582127983
92.68927642838545,45.21422879252288
92.87387173152713,46.7654800526167
93.64809150686708,46.56922047142553
94.15397548426476,47.17507656036194
94.90145640091721,49.24154058226807
96.00548799196194,46.61530590586804
97.35043959841089,48.99476353798613
99.40274702842865,50.891868416181566
99.70769464731097,50.7292910888237
99.34905846575788,50.076255476343725
99.40990191905554,48.81223793774371
101.86764395481978,52.29127688078084
102.88925610137828,51.03020052600999
103.78574761189601,53.85748105685082
105.34187178054198,52.662153249906815
106.78637973833631,54.40194652207817
109.40142419693832,55.59856146561187
108.73109417396292,53.86938941092492
109.10865299343622,54.48387602169582
110.05971838779087,56.178397163437
111.07856806507678,55.12912275000105
110.84253118965603,56.24753806641318
109.31803526920784,54.41095456326031
109.19555756699792,55.24291115882586
108.63474236214458,54.49503822725611
108.6800236574783,54.59752033343691
109.9780670582622,56.301330688879375
110.85803759364968,54.5686331208938
109.81864294831293,53.95757451810616
109.1850414697133,52.74346030176831
109.53057080905666,57.807302081492836
110.85640094871161,55.00304927138109
110.92903454812021,56.60393225028506
111.29306749119887,55.32495175630894
109.85156153435084,54.44087866307066
109.47126463869517,53.94177554910789
108.77077840656527,56.46585231944496
109.0971349245362,53.750306972674665
108.92870258839608,53.465687635342505
108.12417674344736,54.470559041351954
107.09682199034198,54.148685432313655
107.41080205152772,54.07933630995749
106.82406162174289,52.40471516456281
108.0921955581724,54.138222371293054
108.33345127948407,55.01378388405365
108.13583364891672,53.357291988398345
109.15675619491054,56.18213632876294
107.98901217704615,53.48266025840063
109.01004140072324,54.97961311857663
108.33134512279729,54.36954257702755
109.15304754991263,54.26522803883864
108.51052853334768,55.29831272233973
107.58890031913505,52.39824685658652
105.73283629640295,52.801079238669324
105.83317939900974,51.71604363660903
106.38885994808086,53.63537836586481
104.99009211846962,50.67672718436201
106.88184193853623,54.102471405642504
106.9137199283344,52.83628598252542
105.78996529189111,53.81767926431991
107.86627150385962,53.54662590402049
107.48891508439442,55.33379671895361
109.04873309856289,54.30468992160599
106.16770778201402,52.74661720344907
108.44406376391397,53.637033841496326
108.68267337006509,53.917569079550375
108.71846927286344,52.90434069569115
109.0911903613791,54.6964162786808
107.93184062166002,52.210526497204064
108.92934904648322,54.34123381185754
109.42238865799591,54.179231108805595
109.79169045250183,54.51500731501975
109.23786600683285,53.75569755964324
108.06660960194142,53.70134177225061
108.47397632210095,54.08127639405577
109.35686267150172,54.827429231923475
109.533307543174,56.186606979909044
109.35795337056992,54.32021591449576
108.84985550804915,55.1375671290946
109.62115545695019,55.66134817910449
111.15376433272341,56.36506961280537
111.02508018693278,55.292512999779845
110.17174313684538,57.071655696104116
112.74927320937257,54.915309715835825
111.17015084516525,54.99084902014979
111.46568233307455,56.029248169714876
111.38750861072519,55.01362706766523
112.77098465519865,56.51496261511744
112.65675103501923,56.95512807471416
110.96734453296693,55.41608672685789
109.82235327358893,54.582420009285535
109.96187529564452,55.44773886302282
109.96530307502366,54.610397958679144
109.3079871592078,54.07269488010526
108.75637443198134,52.6321122657914
107.17117194761795,54.206695289843815
105.66911279273054,54.50729466210225
105.0472705950066,51.50113172524878
104.36352680427616,51.54034118364109
104.24537883793924,53.399698784815826
103.05752779156771,50.26962545249998
104.70030714439756,51.34012947305734
102.92103251376678,51.925811014878626
103.84910701559843,51.93313363319558
104.45071159691568,52.83734268028352
106.12183352537622,51.61720099795971
107.58856346665704,54.52573325927071
106.27051458790346,52.436552501237045
106.68162875457475,54.45063712012619
107.51512942149611,54.545238571309476
108.53683157999428,53.72224663904029
109.11932351756356,55.64388580140383
108.58594520855215,54.057707583301834
109.97204245981327,53.96343373058351
109.90752859416186,54.50939620588823
109.46415940920092,53.35028403739115
109.7164287865968,54.604093976696014
109.31849581612018,53.6707087486044
108.69349858222522,55.48612410275248
108.88263151308897,53.385670357542544
111.65498024666256,57.04694866573634
112.05211285115708,56.750472113606314
112.20331187662046,54.448986991476914
111.80934150627263,55.75193759498638
112.23920742826918,55.83909394631707
111.09403023852089,54.926327592284835
111.66399636578502,55.623880657905104
112.01155425714205,58.000806608953305
112.17296327951905,55.90667903769189
112.73308961799542,55.15180787460814
112.60111994689481,55.37272130861757
113.35495335160428,56.14360906788676
113.97839485814563,59.22243981446408
114.62381494991506,56.79364334697202
114.69905221573497,58.76969048011326
115.67632223651245,56.36778600838898
115.56094394539734,57.28135285097564
116.9547867262275,58.05930824745078
116.91196950493946,57.992369401654685
118.29485793221325,59.39511967575316
118.62865187694236,59.7026699968923
118.66996293667715,59.14323378341184
117.71098883224609,57.49346013054073
118.43263133553523,59.3731609700571
118.87506923337445,59.37183851491527
118.99803518115887,60.130749519581144
119.49161876862563,58.81431203007579
119.70298342577512,61.0961010301682
118.83755202786679,59.70835018954836
117.70667616860369,57.60064714532272
118.42983472840474,59.9982410334883
118.69161356649064,58.323279097075705
120.32884035938757,59.430442596395885
122.46971262828548,60.91704081794709
123.39592383340661,61.95404024621376
124.1289866382482,64.34224997535891
124.78727033356596,62.13396502048521
124.97199856227506,62.98680843914612
124.3947344488497,62.63167810434282
121.77498715425443,60.6088201577656
122.63673182887436,59.773766028755006
123.31813332985033,61.673363615696076
123.43116104364108,59.659342170438606
123.64261218663543,62.17080150855794
124.71717075170436,60.8875335068236
125.73668602711334,63.14391187468131
126.0136448878747,64.02310500336745
125.83830384772044,62.16571394443927
126.53419685890347,63.84066395131201
127.43404096091865,64.85233301800541
129.77922864550794,63.79015832644038
128.92585079873976,62.338685942315166
129.51553725386387,64.11017385818327
128.69138975560182,64.59938431454546
128.30397708704123,63.10098621416144
130.79089919369176,65.36141023038269
130.44416793979667,65.41920934970986
130.39407226763458,65.88768257298257
129.88039986813294,66.0827665210243
130.84340176749373,65.79579044854127
130.49012237099495,64.38884517709195
128.8583044434795,64.10837684204063
129.08009337552963,62.911025070600104
130.00482556169638,65.64727082698386
130.05451288504784,67.07039859857886
130.29025414880644,63.778432329103616
129.64777839550385,65.33059056954
128.7562918457752,65.08361280336624
128.83184088639757,67.3966951307948
127.73543524200099,65.89866963846748
127.3497567900256,63.277017405489254
126.39942583190755,64.20597856085057
126.2223362246406,63.88301129359972
127.10223732505689,61.79567145446937
127.1287802409179,63.7153179547639
128.3544717167605,63.92011176941937
128.78951259020758,66.06242256487211
128.713792113667,64.12556396264078
127.83949239023637,64.40191390536732
127.99985041949218,65.4813797258193
126.85980567711205,64.4510175548083
127.69110855692183,62.60177499928773
126.36155694974688,63.16254268403041
124.98198813222622,62.86299157619198
124.15261615199411,62.607250227512694
122.48050676189581,60.99878428847472
122.63606135881373,62.29393367719662
121.88745388316529,60.22138552804705
121.4582791211758,60.30615486204864
122.13854892490312,62.539553357956564
119.91296429245753,59.684688518860746
119.70205539777152,58.46296840717059
120.11085529802087,61.48483614066193
121.20240459236692,59.31360066644749
121.38141487706383,60.002853519339595
120.7354609016481,60.62629962437095
121.73728349807865,61.68231041388396
122.7318932331124,62.14768313530658
125.04936105639368,63.53403640835211
127.30299122209404,64.45057802520772
127.13501982649015,64.17642825909729
128.58759010904313,64.37383891801284
128.84790928359484,64.14463275664168
127.84647098049794,63.39034750022088
128.61651440614963,66.61224588413253
130.00428327160049,65.92025598493602
127.63478691341945,64.11539104164565
129.0474246717961,65.73809537895885
128.2402082729001,64.68656956299947
129.93710915910307,65.59915260730854
130.22476555893377,65.38602534547839
130.4243452406675,65.83889333047723
131.9037365641737,66.16953220891737
131.60660517866154,64.54520805994319
133.7991736003987,67.18960562674559
132.85553038006034,67.08279875417217
132.2814541981422,66.21620645131192
131.2076185161549,65.40132966601014
131.80219011290038,66.15502979702131
131.7688550250286,65.87509324492066
132.62830176616873,65.2331475223902
133.79066915100546,66.86937308689042
134.64343838244025,66.60781050888161
135.786819344447,66.66288577594028
136.9404019917071,68.90798946023918
136.88436129336776,68.74041616264674
136.1551222390787,68.96564698143347
135.1741679440031,67.33876036492886
135.96671209830606,68.47049550780349
135.4443104789666,67.87879035055273
134.46901765469596,67.8363189266724
133.6253440060168,66.03902632834435
133.41788314419875,67.65974269001994
133.66806805897636,66.16320848020789
133.42035437348855,64.73979398174347
132.3746267714905,66.14494613295324
132.936459100984,64.99917732462872
130.65099935691504,66.3161970088726
130.31851378392065,63.94312260564876
131.37940630688584,65.7846933352836
131.64442678079118,64.18778791242984
132.854063808987,66.8312976253822
132.94833891199298,67.91437080312244
133.52745702832965,66.444108476207
133.55491783060117,67.98614901900184
133.09553513852273,66.40666467232268
133.46264783247685,65.62638714480636
134.4354070970489,66.95826151455587
132.38992336775365,65.40506375232991
131.52632646190364,66.38189141542937
129.3431949369647,65.22945707769193
128.34675442394942,65.87043921758278
126.98733404779217,62.71374403287485
126.44674346468473,63.11625515690377
126.0913035622368,62.46785639030333
127.01727555711885,62.72477123505945
128.22275679927597,63.79040770270205
127.33883651614403,64.23161467199283
126.77033387702912,64.05247826584718
127.34539355414923,64.73776986277595
126.62126378201836,63.000575896412236
126.13989964075353,62.93297481948822
124.1767961213401,61.673528379525784
124.8550623094435,59.01495399746774
125.05450787006646,62.5561057534887
124.00224258355367,62.052714353457844
122.57915119281748,60.760587172653906
121.42099267110244,60.8937600103971
121.79984914863218,61.995620573798604
121.23427277110011,59.3874871641744
119.91569144953239,60.35017114381963
119.5120347273466,59.117074332281476
120.32210423805044,60.0092788872624
121.53631776770463,60.57593145648536
122.8461129763375,61.171190467531346
122.92066312357362,62.965882574959856
123.13649221665108,61.45963191414953
123.39142454266286,61.44827649637281
124.03196598192864,60.93483786893886
124.5966334896881,63.9276190401572
123.57574527796983,62.25883729772504
122.78781707460647,61.43252106087038
122.35829173489743,60.343481051519845
123.04435757142662,61.19200102553489
122.48863426548043,62.898155497510636
121.66943026422113,59.9779071744455
122.67779694099433,60.35973559230462
124.13455439743906,63.46735751150368
123.1752797443782,60.59785015247155
123.00209679069054,62.20776951737922
124.1478486307034,64.0167731366043
123.70768387936793,60.634482687070765
124.61308852178152,61.31830966450977
123.13536866117302,62.85665805644097
122.87938295134805,62.780108319067445
123.51788466347426,63.7897529445842
125.04845023185365,62.8003217883757
125.98631991737064,63.20150382431292
124.3013566741449,61.01862599848616
122.70222780591635,61.1066778366762
121.78221115922159,60.87160824906489
122.59304015111296,61.61287632561261
123.30192411198279,60.79732081602553
124.37452963079562,61.96898092711648
125.04383278765636,63.5365498756058
124.42408554335988,63.822542077922165
124.002859975449,62.627020260455005
123.05797063748186,62.377431309669895
123.86968348608134,63.48754684692791
122.54640632426812,59.324200096101826
122.57306080170936,63.22638350802024
122.78646530339105,61.389640385220936
124.00456820742443,60.35766735608401
123.18747937860844,61.93957817896733
123.5570480843425,62.526948424126374
122.49828560591273,60.69412437847761
123.50709454604828,62.989989876062765
123.09890351868147,62.47642528949438
122.74771859408719,63.72726037121817
121.73936576933866,60.85443710426
121.08209791057037,60.57872412508278
120.3837869728962,59.73531057632366
119.72349481485844,58.83417583479155
120.86680485928385,60.8436245444596
119.82241771632874,62.10816779574513
120.03252645236203,59.418902866095486
120.84800661705832,59.62047881576246
119.65555404689616,59.99362016204106
117.42807912111056,58.04065166969896
117.87003770923148,59.463732542808394
116.1518458118464,57.84568036400522
115.32368716902842,57.17355627627216
115.18678523148452,57.087454267433955
115.42887155685939,57.789594483110974
115.11928952143677,59.020320537248814
114.36623054544381,55.24658283781104
115.33970737098439,59.58491837850191
115.5309271641697,58.1590652179538
117.45072814481021,60.19175548010262
116.49660253885793,59.17195900489111
116.3682164730643,58.80374231877002
116.28843392514008,57.31689677589477
116.80187419999307,57.56312455289704
117.00178424546891,59.32085513845709
116.99228799545607,59.075638336271204
118.94931361762076,61.570576562625135
118.75351192234062,56.14977103295643
119.16841358760794,58.979154680269815
119.32708485212751,57.051542289575096
118.67537838091239,61.33863493997229
119.39866875526957,58.99761345733669
117.47353213284904,57.25693342258496
118.60323509303454,59.962664292437495
116.99380520760904,59.24281711747499
116.64324950743871,57.0445952219658
116.7143512363999,57.638829351027894
116.18356109005052,57.87438191705654
115.6233654459222,59.34118401709651
116.80795764919894,57.61726848614217
119.20579956010982,59.53848283021296
120.2338328630278,61.10406948625215
120.36787748111617,60.29767997158067
119.7008071332632,59.45447435481171
118.89086285027939,59.52902707176601
120.08888491046388,61.36202216312681
120.96645536809326,60.467454643804324
122.27480797434454,62.14309462228547
123.26240388886382,60.623489776745316
124.57795597396611,61.97191143214306
123.93869233054922,61.312984162001456
123.10989991347536,62.5756752729374
122.05110543054836,59.89152412608428
121.99141519251484,59.29585276709625
121.76433741179873,61.31626873124374
121.84464053186272,62.03284083437728
120.5916097308366,62.42801567048285
120.73304125820115,58.710417135703864
121.51656681687429,59.45817495172056
121.56213086176803,62.06872143040863
118.7974523568494,60.03361456998881
118.74018474993,58.890140411990515
118.34415696503461,59.44288984692688
119.23799993031109,60.74421319929057
119.04195449384493,60.12119494207018
119.64858945072218,58.00745913898271
119.22333924107532,59.579322697860434
119.51984683011649,59.94601950501864
120.46869324552264,61.3612991289489
120.16018191008159,61.32276810474984
120.43855017436236,60.3467888015021
120.56822654506139,60.83124268318193
121.15235869942693,60.19532333966029
120.99746993255715,59.615487857253655
121.44418052761114,60.95425433204718
119.5621570149513,58.335499537868195
119.29342543724682,57.55104149197676
120.09355026035406,58.654636242425894
120.73499587966243,60.952184359731305
119.72726016984387,59.94294441159722
118.88481620895206,59.32939459342622
119.24919773390971,61.170275534778206
119.57547124633435,60.148682446589035
120.00756047327721,59.666695274382754
120.03558924181094,61.231760155447816
120.10707351352278,60.03230197184979
121.11504608857285,58.90424805523877
120.13962749389042,59.42196104237333
118.70958737415872,58.78043115194954
119.68943111204493,60.0997940083083
118.88359739805989,59.30578399129391
119.53792239548677,60.26765924962946
118.81841624224444,59.39845480631806
117.67059993422694,58.54431872638088
119.1850909537944,59.23513323027188
119.07609355118113,59.34059514234134
117.62089329998868,58.38406992658527
117.35894018749465,57.198185094721815
117.14393374089387,57.72672875630876
116.88938778728786,58.971837354617605
117.01079407722261,57.3485155239735
115.80703175212088,59.24413593998631
115.47367168215946,58.08901487922344
115.87765015678355,57.74286982438999
116.4501703985819,56.61385674825766
116.48682621717242,58.0347829292528
115.6319391740445,57.46215183969883
113.6022318897902,57.31490788453675
115.02041100675976,58.68477245918537
113.84727821286118,57.93505552615034
113.34348074607824,57.3862719124597
113.30803000864549,57.55835155954623
113.7062167974121,58.62705547286297
113.63261659760491,57.522992192907616
112.76470565667132,57.00961202738823
112.67656613677373,55.77481857923429
114.70708035056946,57.45687131803476
117.17051286122627,59.173570209759596
116.90340764477462,56.75474283933949
117.50434742379628,60.700921084201305
115.70369276894132,57.70836383575468
115.87154660845992,58.61750372838218
116.54165445260348,56.04491177613155
116.19558118482237,58.22148121840625
117.97879438302222,57.84836011498683
118.81566097357461,59.29973698701909
119.39013130805435,58.54087390108687
116.72596150237261,57.261559258597494
116.070171028029,56.31703547505395
116.74413361527365,59.62661952038697
116.21238224095177,57.34997813868867
114.40900100040835,56.066198969517544
113.79060326617041,55.32883974707503
115.27828749046155,57.46700027948677
115.92224574736778,59.53541873998162
116.75451974511249,58.263797521268344
116.91349726329007,57.525223365040695
118.49770194510327,59.09556681283116
115.65369939102948,57.100786974288575
114.4215378378536,56.94358564952253
116.31337751240136,57.36644951611824
117.33630665174901,60.07583858879238
117.54874738890774,60.954355050331074
117.1738607263294,58.19150505711124
115.3258105084849,56.694610017316435
114.86682412908841,57.638621073928434
114.69477029363173,57.44859292192338
113.73738946505516,57.85233881341798
115.08795292718706,56.98543905581359
116.09314940580224,57.85422879796513
115.78033578357646,57.88378880454335
116.6563823944447,58.157410388144825
116.58549740105406,58.68863135897722
116.82911549668515,58.89850204096445
116.31929200418072,58.595406320032836
118.78041501357343,57.576062794411705
117.25010515127661,59.16756127272972
117.07947611699286,58.734071780085344
118.09189542700922,57.11955272254572
119.0955161641673,59.610637160366764
117.43990465611502,58.023399782250046
116.4638208293521,58.09698150668016
116.34070262984888,56.9915597374351
115.51176820997667,58.54133898074992
114.81368311192303,58.070735763544675
114.53517271181332,58.274321308437806
114.35361553150705,57.67759823457239
115.43510270993119,58.23782531500307
113.70214269572226,57.42075269253449
114.7386172084057,58.61203289226548
114.48667419003776,57.278930090516575
115.04913906318454,58.399911706028824
114.67602454219404,56.15465594779995
117.01271467636154,59.29924999377397
115.18207641489965,57.42408925824635
116.35035079382294,59.8046167468929
115.88159632565247,58.46051237859854
115.62905155028672,56.9460831840887
117.03560372602627,58.966423496385445
116.81332636019758,57.982399875223265
117.70378124535118,60.011099819919416
119.14495821940774,59.634205635631226
118.5300971990955,59.15170429253045
120.5465016372068,60.28256348863602
121.79847359477898,59.779654089065005
121.56368240890451,60.8951540481124
121.77635379437788,60.659662445653865
121.04920260942686,60.61233134960325
121.33474236260108,61.77381650530099
122.20150101071088,59.9136969590431
123.20235211734314,61.51751722355354
123.42103389145308,63.22674134684478
122.89354388780643,61.285923062696824
122.23798504319146,60.75705772386738
121.26938853815004,60.84996811624623
120.98176908492225,61.70749116912514
121.57904836398434,60.878993520774046
120.98737472415569,61.66731358943571
120.2956033061214,59.13743826183751
119.22595852788557,60.98383213372265
119.79195548862779,59.59992248691115
119.52295704495916,60.410287757292544
117.88830719457428,60.00612666956284
118.991873975266,58.854140139793536
120.0460664134135,62.01725539341737
120.0560179202796,60.27717562419392
119.69402501097274,59.44925171522788
119.64927452552666,61.508503905528464
118.71168745882372,60.13093021511241
119.70947976189109,62.12104807473588
121.08982445790248,60.6189465791617
122.1118982261587,59.7938932649623
122.34131288856223,61.58738639472798
122.56532051521991,59.512216543639376
123.08924464365226,62.40535818132423
124.79230087381737,62.49490555875059
123.98460552909907,59.652161197395216
123.95617746039466,61.847004419860575
123.25628335915995,60.703721053157516
122.03077745123879,59.157796392033234
122.35481698805351,60.251497887537695
123.47903720214448,60.8822501817775
122.40764038575728,61.304267047862346
123.38603622946832,60.72202226784804
124.04896783478098,63.2719934890486
124.50559070222941,64.46330851724812
125.85860021751785,63.497356555990486
125.18798669115039,61.73560930359666
126.7946255611935,63.37180921935569
126.42460132858056,63.21125674162167
126.95736347640884,62.587312504097255
125.3997830308773,62.40871700853493
126.36405042144318,64.46866116590853
126.3814042024655,62.37360029281446
125.8040619347784,63.80239134712938
124.76101530865755,62.13576557719555
124.94998947532419,61.467697425846
126.26688631047216,62.836845731079954
126.78407491515125,64.26968366289292
126.42839496099546,63.11294382371772
125.64625983309597,62.21767677745382
124.58199526178588,62.051794238377475
124.23698107635015,61.08652148186096
122.61384614969546,61.493443799410464
122.21939584285121,62.02832311722739
123.2976740137542,62.668255268614416
123.21797890252284,63.4239629358743
123.04319365111164,62.173330897258154
122.42172752400126,58.96039186549976
123.11455370540517,61.93509621125387
123.72565724563101,60.45682981133611
125.12663232019416,62.126821881435774
124.40455170581748,61.45616992300586
123.26500605556889,62.11680979760676
122.63146661034543,61.247391451329946
121.37209197866392,60.19356485014007
121.2930389179634,60.70238057470888
120.83149276344115,58.80848176556856
119.93919258667778,58.96388273785867
119.8577414078938,60.51843436677336
120.83155313013157,62.2260702435575
121.51578434722164,60.1405710525728
120.85331945838578,61.69025558819363
120.85446209337098,60.169109852055506
121.13419751125363,61.72647868794151
121.7619430800504,59.64064491376512
121.38172185566447,60.91029439745831
120.0574564594844,61.16898079063403
120.3659061788544,58.962766838238466
119.3581475791657,59.65237185874267
118.95150344144494,58.489476138972684
118.64560881034525,58.97379330067353
119.52978710050306,60.08235107278707
119.02137291551396,59.14872712157419
119.14662584877755,58.87747211212657
118.89460205114645,59.58034363183384
118.30822139962194,58.360411949787974
119.14944028146164,59.15990898382889
118.64881578535717,58.52590116921531
119.0876276239917,59.71860519392375
119.33578884005875,58.81193527649771
117.44736965149393,57.73082059856731
115.76010288859217,56.858379519460385
112.56947684550418,55.045891752114066
112.82572401801174,56.75972391455439
113.04694048325379,57.42922608645245
112.485157003181,56.0359720406024
111.92384635017798,54.69556552542405
111.56621556618056,54.136460395678014
110.8984257418023,54.929264599979454
110.82154877523642,54.93404265513845
110.74656703800153,55.32778767129743
109.81890366824054,54.77303894343172
111.20383652424538,56.0871742827859
112.17501594643741,55.21670508798833
111.7318286175597,57.74961871535285
113.86337993259157,55.84885336050395
116.27583010711511,57.754676310487355
117.4803635773151,58.505905781724664
118.6397429540447,58.474967775703256
118.02509534851228,56.81604133697828
117.67919480047426,59.85505267255046
116.0694460930856,61.42493183650227
115.62110515308706,58.8869134742118
116.56602648467451,56.429724569524375
116.12757129221026,58.040428433595345
114.4222101903038,56.9166327977618
115.99476195911176,59.15069364635695
117.93206144996518,59.0559615648332
119.41698837452589,59.46895421354077
117.86261352486395,58.099258780665416
118.66281923317204,59.70759458604081
117.80788215576048,58.50581460884969
117.64317378797682,59.06382966451078
118.31678521973147,59.511899680777844
119.82301947563874,59.910782259559994
119.17276583689929,59.50233368165614
118.79977409876462,59.02877261892671
117.51126208330336,58.648665988314185
117.49426356440063,57.349094638661576
116.49438514725873,56.03471861471554
115.97362211313065,57.72293620817643
116.71067550428971,58.98859093756857
116.6742209482134,57.848064734034295
116.77074005714486,57.547138145052806
117.0282929308414,58.51164560556868
117.8090604010207,57.811074523754854
119.17360612015273,58.51374873593782
117.9839061843625,58.50113441071189
116.34874258140158,58.2032202930421
116.8427113525985,58.33057424062816
117.51647089180291,59.96592655159529
118.88883521653487,59.054627968548154
119.65258986775507,58.28225943854938
121.36603055387626,59.58436812212141
121.85739721365769,60.209687553021695
121.19849960575611,60.31198138533807
122.18241530354254,59.7938325621892
121.26599658039557,61.09210757739022
120.55581919716367,60.7150457920212
120.94355276396412,59.60034321175437
120.66570885729568,61.42334709326764
121.58118662431568,60.58787016122404
121.1848684576991,59.58043827770506
122.9975916806967,60.896704789051284
121.95099803451775,60.210941325943075
122.63869459367827,62.26481020242003
122.15370439361449,60.40127618049136
123.55354554056682,62.938452070718874
122.9577598820771,61.81637741678603
123.70777086861479,61.75895881055216
120.51300766874334,60.70326301855545
119.75672168861179,59.61620358494619
121.40074466381537,60.235320788276304
121.58026178031305,59.48004339966553
121.65263976518719,61.730573752427375
122.53136204592508,63.695194449274176
124.94000685497525,61.42727972266078
123.82617981552427,61.90404434744732
123.73621741633842,63.654237856399604
123.26659285433932,63.557656195009145
123.96546954023674,63.59324345553205
123.24895032908275,61.55084937987204
121.67195016106821,62.202151349846545
120.13334058373125,60.149023238920584
120.79109180576185,59.38896625770628
120.99646094251632,60.82976553838725
121.8541163989006,61.38073832022459
120.23994923922179,61.6236003129441
119.32860229820523,59.11256030324295
118.77616179542346,58.52571139560129
119.6254837297981,60.177611206744515
120.0687051288616,60.64498515552207
119.89286128226492,61.64883062881072
118.87853793689577,59.81976091665782
119.06607904978183,59.05103335174871
118.58493160705787,59.33991640880433
119.47525737453049,62.647902226543515
121.22773659982292,58.71038568995464
121.34580617558157,60.657395849757116
120.21807181435486,61.83878620437792
122.61075567820942,61.48081691841268
123.24942571073525,60.743987035486036
123.78992495060642,61.32871358251331
123.90702494283522,62.760210612684865
124.08256839980966,61.08847409177024
124.17894835278298,62.351509306044605
124.44540844120056,62.281254219678665
122.94250725133298,62.133739319697604
122.22962608817478,61.9297922345465
122.14399710669873,61.906742746075565
122.29795712355761,61.42382847958448
122.5012036260169,62.00018231457141
122.93984476922373,61.419786199792924
121.11458147765094,59.6740360254056
120.14932438041288,59.98309651612848
119.48440814508687,60.32342375861542
119.62461706897344,60.77474551286086
119.43823857174206,61.5862877879147
121.43502654157164,60.386487572667704
121.05987777009234,59.53712013463511
120.82239283665186,59.41660653496587
119.2722912436902,59.86993239928501
121.11191875995486,58.56667726292638
121.20150144978639,59.203589609018096
121.0936831906086,60.79486990003162
120.45305595346774,60.52243851912124
120.54791511215821,58.750636431926324
120.203650054666,60.72381376485045
121.43269074034143,60.793956537100684
120.62970344767436,61.06004911557162
120.20261847329256,61.16104252910142
119.67719323893067,59.70857281445396
120.27838735471369,60.17319959021284
120.6208657590414,60.796786777607274
121.61979437619594,59.76322193950066
122.17461550460345,61.635330650144475
122.759391526909,59.84905106544091
122.82621251283203,62.525335754848896
123.74779751139667,62.43150549867881
124.24646127649855,61.4644758774507
124.59312274666632,62.30892984776691
122.99472280811523,60.95858265321743
122.53769700223941,61.64858947254291
121.85785983693408,62.194964232645084
120.04372579562569,59.797778352995394
121.36911661777192,60.976175530681274
122.83672191564906,62.653265809972815
123.93896937814617,61.900433355300116
124.52454194447472,63.221653243013584
126.02859664869793,62.29022806499279
124.35266618113664,61.956958883327125
125.64036507793116,63.65257815307333
123.6125432437645,63.04225497460731
123.77926670215726,60.70130518737937
123.90403738032586,61.88659475784088
124.42479879572798,63.56178066446134
125.08645996180134,62.94786665181969
125.80578403758251,62.14351845582371
125.10599439382115,62.95529486208654
124.42944389489946,61.726171952814916
123.59562676605809,63.126016837029574
123.72686029979178,61.096831550125614
123.38374397749403,60.67854327073017
121.78706454663981,61.039624705621556
122.75097365906346,61.38155116262258
121.60561591683962,60.80643811794214
121.11234198711313,59.70558871760042
120.3654732986208,60.931698725348085
119.61410369034576,59.660159367677615
120.19349387630078,59.022433600444536
119.49496043943311,62.81950435302446
118.0501908607628,59.58382666597975
117.38209541495036,58.20151800152613
116.34292161643663,59.06821940622526
114.79563341093956,56.50080982309061
115.70649988678355,59.07331593139815
116.85834306687599,59.86588975289137
115.40589733927612,58.476569278430546
116.9722411515889,59.50162455904932
118.80344322230383,60.57242673375792
117.40635059704135,60.834403809605774
117.82075611596123,62.50997058492426
117.53470268713698,56.544819340572154
118.36109016817915,59.983495207957354
115.40720978515499,57.76684280592813
116.02570306429642,59.921119114474195
115.65015480592635,58.16295586606839
116.1218565616109,58.72650170854898
117.00297333076587,58.26043112219525
114.6268490670382,58.574984082049724
114.56986513382019,58.19767975361507
114.56010637435364,57.54757458408513
115.15728436833328,59.51247953427993
116.29151826961744,60.346317409105254
117.04460919930257,59.20348158458814
116.2648111364621,58.17019525541668
116.96970166036174,57.99293233790391
116.20491658293247,60.46203428378214
116.97135530351707,57.7948600130494
116.79168942109051,58.95731454537878
116.6064893604834,57.686433616999686
116.73581252486956,57.7072015949835
115.13313701662543,56.87446641783094
114.80751800324158,59.058735841653636
113.60437433699943,56.51177684562505
114.52893818752916,55.65181555131284
115.79772474534204,56.952387390329704
114.34332423093677,55.83679398037729
112.08850964250351,55.70058431813671
112.32301565306268,55.71112018629057
111.7439293541508,57.45085810103719
110.80391056580794,54.54735472586471
113.09002072581505,55.45781251716454
112.66731262104646,56.619836481982944
111.6304840316624,57.78967365137351
111.34604130376516,55.38848466639491
111.62765470066185,55.15558041476321
113.19988249676511,58.074719044351916
113.50204868715569,55.1272863628471
112.24145781609447,56.154499540852306
111.74371915427189,55.51019691450846
113.58263684994847,57.50325197796578
111.83339835484753,56.45430121677256
111.78013579865966,55.7885130256253
112.95533173111514,56.17258307748151
113.21986189851252,56.712541377820926
113.00121744821602,56.23621824739555
112.11036315434032,55.5648572549269
112.26744446346532,56.23563433170426
112.78953837822696,56.63050796125594
113.01018861393564,58.26850349934628
114.03568379325583,57.49114402132293
114.23906199103878,56.27430079536111
115.53459011281883,58.083670257260685
115.67712268178418,57.22143532054915
116.59118378652602,60.12372157842277
116.26773115697777,58.55156952370124
118.01780744012665,58.4559167455786
119.28044262084964,58.72770019002705
119.97824104220159,60.7358497458543
118.99148429559318,58.69541867999142
119.18722244601122,58.4176258514955
116.24679998450272,58.06654182456093
115.88881248464884,57.1348551498366
116.05967378822143,58.05921483239809
115.19726953612437,57.94701544207116
115.3645070068425,59.51039706159727
116.0394341954723,59.50691238883306
117.86263859310662,60.25950745756329
117.88894936576774,58.27908162807873
116.32763597827052,58.748083393961075
113.98353300478816,56.09560389875879
113.82947961229259,56.4477778913603
114.74335245156314,56.83920121569028
115.88075755000601,56.78989554797739
115.99248578765919,56.03933712501542
115.3429049906826,58.58138916194492
114.6501554688075,57.41696091789566
114.52307336804056,56.473048467080595
114.62881498095645,57.60918636778819
115.24299859046324,57.39270538135918
115.37873032283476,58.46925928030141
117.40741808716248,58.35603920557197
117.58103613084941,59.330209432976794
118.09320410954413,56.69818901181911
119.15857723326674,61.54737871441429
120.12693502715976,60.824500217450996
119.4976594722149,59.140332236769964
117.89143935340614,57.75277825528629
116.60551487624781,56.049877657022044
116.99662375241054,58.02079022434088
117.61222048866601,58.112263942150356
117.97847360593619,58.67105859743728
118.79384482446268,59.070967956790994
120.11697841775205,60.117088788989534
119.37026531178445,57.81243114999366
121.95950598337903,59.125963856135066
124.65442758002155,63.18189363796161
125.44671769904824,62.674897536017795
125.3001390168626,63.86189259720447
125.58454708626859,61.5270110252797
124.2042634269092,61.712509089990654
124.25983787071769,60.8920447137034
123.47230046489511,64.38537155868858
123.40660206393626,59.82634352694692
123.11617799380481,60.44036997166272
125.21736631298472,63.01630385142006
124.38606823416926,63.2587133487227
124.72853859333296,60.24142721033686
124.35377774794541,61.196082258029584
125.97477223714033,60.66595113131955
127.07250467651595,64.4056130235784
125.57419327515466,63.38669625282562
124.6199346157621,62.075648303681994
124.93167752808759,61.316086793998544
124.34320760420822,62.098134628585434
124.82630423993601,62.19580406598857
124.94018926969243,62.710577598369476
123.89031263647608,60.84857459889947
123.62275810370082,62.96073596358276
124.13400069362191,60.997906113590886
124.09426694562995,61.50398965315626
124.26691371803236,61.86233652314487
124.67472421901259,63.23169441433408
124.58639406964475,62.20757202194261
125.97236618888189,64.69963729196814
124.73713959499369,63.608155773030184
125.24338654983602,62.057310589806185
124.75682843821325,63.400299970585216
125.19631451141723,61.4828227920234
126.0775399691463,61.7104827334522
126.75185362570188,65.13313793294812
127.4639614407037,64.34140590990768
128.2624894682844,65.87917265715146
128.8317900788715,64.29220417737193
128.63536816394418,63.817290857348446
129.40664049567724,63.933205398525395
130.4184592697414,66.9210895368457
131.32353341329912,66.3577159444226
131.6407426083118,64.17474726430092
131.95811224565136,65.01759765526582
129.99905397218225,64.17770019832943
129.21250020006815,63.27787301772424
129.04470112964165,65.60154415234939
130.0812463849549,64.86360603238523
131.31362673023415,66.32685474535417
131.4872437444524,65.91858326944698
130.38922898263172,63.49204571447095
130.90656133132407,64.85231249882675
131.92562437772398,64.89930523309087
132.72083749045993,67.30372062602248
132.04881601490703,66.42248011064186
130.99457468796604,64.88924026545169
130.11834083241686,66.50850663206937
129.064983038353,67.05209634183454
130.0951018860971,64.05271636701916
130.4341225824033,63.31208361974525
132.6272540786644,66.56435390986462
134.3077963591574,67.63091509737802
135.3474175011984,65.81365987561196
134.68704877457537,66.04810066202442
135.37666555009656,66.77015548553922
135.85388121657704,68.5609575604719
134.4680616476966,67.50416753903552
133.2175884618487,65.23874585168174
132.5009801405373,65.2518239498778
133.78945308281587,65.69538762208288
133.41858672713118,66.71481561003408
132.04988499350216,68.15667706353462
132.15725482276616,67.56929992193646
132.78210608234608,67.27641518706588
131.5841204197954,64.5997322835936
133.5239714568049,67.87047833425778
132.7908098530841,65.63212339682245
133.87189169970753,66.12224639603232
134.57676024467008,68.40680437647227
133.85624990145104,66.70711698780961
133.75398023635393,67.67430701662113
133.78622982906248,67.48533227224388
133.44152487682086,66.08437349440729
134.2133089557414,67.29359069761973
134.28393626131987,67.7440266506671
132.5526957945638,66.20977210762304
132.6577764466472,65.10852296061722
131.5141875156684,67.06278003271348
131.29023290052984,65.06919838217311
131.53527208725924,64.96814567799363
131.43299674220592,65.16056258315167
132.4684726846829,67.18526253280207
132.40111114169864,66.43527178972849
131.8867943633381,67.78659184809797
133.5573298646464,65.25692106970419
134.30676367923166,66.70261689029115
134.1810509047119,67.21644740858663
134.19927277547345,66.8260065699653
133.80377173053705,65.41325199094074
133.89502968253402,65.90135692424461
132.93505451775047,65.8917403739149
134.71795040262083,66.83780708378258
135.96692802261123,67.78243267391227
133.71605984948656,66.53941221947575
132.75635993140352,65.27646697994209
132.715499483318,64.60641478679138
132.0700576044138,67.36773549907645
129.93154197731067,66.48217961784177
130.6360540215274,65.3325364089708
129.4433284832708,65.79290203572891
130.13598917945743,66.00418288613764
130.59923371021443,66.20965898347303
132.13568358476272,65.4093292509992
131.24175830274046,65.74367534408808
133.08220591410367,66.03970438916136
131.85030922189154,64.28896954756372
133.36558216540635,65.34155386449079
134.443087618272,67.44862644728451
134.88853687609839,67.4371175301705
133.79969229527902,67.3698668597533
135.4317825057525,67.78354745056268
136.25129086241245,68.29147416592107
134.58257303756739,67.5974760562493
131.97271957592372,64.89559652587091
131.3109257689283,64.88502626848093
130.44974219215018,67.54858364089901
131.17300449091056,65.97551418476554
131.31872551902418,66.94103731768493
131.64622975295606,65.30905696484818
131.1374303533867,65.65104094234786
132.10263875919088,67.4622073787238
131.5335762713003,66.10317347664669
130.01752241980438,65.58408174160516
127.6008182697857,64.73325778160378
128.13467514389103,64.04918191970815
127.52755754309064,62.5130454988787
125.80444244022115,61.56290356396754
124.92391523911722,61.13714735125942
124.53558653168518,60.812008937379126
125.24156513412319,60.477427229955715
123.10123273385611,60.34322508422146
122.69777187452138,60.63549778676336
123.45485035716739,63.43564338235347
123.94561540345892,61.117781602057704
124.78681182782091,62.49431213201625
126.8005147408815,63.213799164562076
125.95505642048713,62.836510516808524
125.36861781443946,61.442389854374966
126.4776993840563,63.758202068761676
128.13898095041873,63.51676806960328
128.5148259971699,65.40290271130822
128.22695440297417,64.38987725251648
127.09632797359029,62.1768625518813
127.76339093101775,64.76116619677221
128.1585789076321,62.80920756325107
127.1212362392591,61.79288513393457
126.63847062878341,65.4275494841664
125.69401223013476,63.483912091495995
126.32979909584121,64.2557662542761
126.22964879001137,62.753892515203724
127.53204903862992,63.36455027910824
128.94476701028108,63.53545153309471
129.32865795898266,64.1372331677335
130.58431215415172,64.68457630378902
131.69679907121073,64.2606613113938
133.26826735600437,67.9808665737446
132.8532315399562,65.42472003169016
133.55511758635328,67.68963642192925
135.489500171525,66.565657469438
136.22855789204874,68.22768194971133
135.88545499742898,66.96715582531777
136.2137643728348,67.60086844772037
138.60740128214067,69.13208092390123
138.29983375268588,68.57084374684624
137.75228894482598,68.73391742413028
138.75535727757614,69.0508469669972
138.46732333728727,68.28345715325038
136.9741823204614,68.44319215999673
135.46857351944448,67.7667440221544
135.57402706262218,68.61147009078255
135.03149622817648,67.24690915989588
136.60616359837394,67.04819685004304
136.09286681559794,67.36133196433083
134.7822504133579,67.29980345038933
134.09197426255156,66.79025316178537
132.93559863463886,67.19643526407202
134.21501126985348,68.6737883872028
133.51774881820822,67.1970468880855
135.13558880002344,68.03595719433257
135.80443625332146,68.5634711530661
137.95934335069788,68.72641919461928
137.95208253350143,69.09027739446276
138.9064669396937,70.3448379907577
136.88760326493656,69.16171043118428
136.51136476502748,66.6654015601745
135.85576972544243,67.78468975519966
137.12399118786288,68.35463787132143
137.0933045759349,68.82335366552095
137.87602840742383,70.52885357387075
137.25040098458896,70.1583774189261
136.04458425951577,67.27213277439401
136.06232254500833,69.64355085934906
137.48961650428532,68.33653631323365
137.54213262219574,69.80644192158368
139.24162949121552,70.05953597080396
139.0127693667211,69.60770088947632
138.7597613360581,68.70150518306048
138.50674418317325,70.31503387423714
138.35047789069185,69.95297740139421
137.75667861661555,67.42932517459525
137.61941503822197,70.25720476747601
136.90245763756758,68.39190994227019
135.96108446603515,68.62883841321899
137.61058143604913,68.0899190445339
138.60747987708174,69.3104400470468
138.4081442403213,69.15103719323422
137.90074232576248,66.06229068263818
136.41835253436946,69.76499448591629
137.12136893780857,69.18535515955176
136.54402797936442,68.1667900897885
138.60660457100013,71.21421101769403
136.94855924125082,70.02117070743945
137.4024179103626,70.05851430501517
138.74326145568372,68.30166900761775
138.30964319174123,71.2604597029105
140.48099419668725,70.74284389422806
141.613525028271,72.51211342014145
142.73189160210327,70.55429959667032
141.97164697899123,70.95155774917718
143.12947817502055,70.79552832440609
144.26941608218735,71.64153053962605
144.5236817644684,71.41336086331987
146.46808512623753,72.33870452043152
146.93245254871204,74.42518777781827
144.75559586258007,72.25892906893469
145.225532120331,72.3672672827309
147.128111400583,71.625630948577
146.63815655976518,73.46251706382259
147.52162928460933,72.58410214273447
146.99896479393917,74.4740152522902
147.12127562293327,73.20180481225864
144.4914399520344,72.71645204603989
142.7753217247188,71.0607408912401
142.59255348823092,70.42109329194024
142.12433613135119,69.76785354600257
140.34451865681194,71.08474744928589
141.17654208531795,70.65061849041781
141.64738325360744,69.65512343300485
140.86404654104456,70.6120731951194
138.87044450785774,70.43552720237572
139.56381068909127,69.85772816929702
139.16613534260748,70.33806071485881
140.0093034002956,69.56882163872379
141.25943720463738,68.65285435000621
141.00016097838093,69.12559628106557
140.85513351261037,70.07204841767019
141.7138028965576,71.04067961830609
141.53130310878382,71.6395176349528
139.59338762862663,71.73097452979366
140.27899641410974,70.12327309628263
140.6627808155436,70.3924489598035
140.13608516364852,70.88531852863225
140.71849428730735,70.55985434547917
140.3776504729189,69.84272586902603
140.00389201823265,70.081164280696
140.85227521543212,72.00206130513016
139.48315959020104,69.64727290398388
137.86375640947713,67.21664437566592
137.7335298099726,70.41023577337158
136.41244089542283,68.06283782294524
137.3131834994656,69.91547725183216
136.57569021596686,67.68879542329002
134.8291338055767,65.32226092558922
134.4351170032937,66.56969009074783
132.17861009549395,64.5716789911325
133.58647246956164,66.94104395881114
133.5715905496845,66.93265013058202
134.28036730323203,66.6948503923118
134.82356297160624,69.10896826181526
135.04303592042274,66.3723989409486
133.99631243542802,65.6310807050199
134.81155658199438,67.52014627715116
134.48841120800145,67.93847463018788
133.72443012208635,66.94334134677936
131.66388103750432,65.01550841612766
132.9832546682408,67.42415385391112
132.7576396588929,64.23597066639577
132.35227651808853,64.84886145461311
130.42529076920925,64.84394290522155
131.3913341247335,63.7638292609547
131.29285300549967,65.55492824698439
132.3349226844587,65.6532623939508
132.31250011003695,65.89543698007185
131.4622628011157,65.75690030715958
132.05565545028634,66.50653721164242
130.4736663956125,65.34585961018756
128.90941330381304,64.48385843116432
128.85468381982048,62.45298320269805
129.62613699694134,64.46647125470531
130.7741950923607,64.38233639265562
130.6953219422096,64.57989061709269
130.59037975050197,62.65170040888389
130.81271578272825,64.2047774592328
130.61710447899992,64.85241390071202
130.12104224797994,66.2789010061235
130.64242117492788,64.01687197722472
130.14391187967965,63.22074025722385
129.93822915534972,64.93953317899422
131.16771186454474,67.28197694450509
131.40645593319138,66.4056956669842
130.89411181152772,65.05656123393281
131.61571291493468,66.097096693569
131.48630128603227,64.90853887452208
132.1873858194494,66.28340256339465
131.32748876036214,65.31047003736224
130.55692245622575,67.25201280504778
129.12235271330493,63.65056676334112
130.27353428935797,65.58367951194766
131.70774560798276,66.21459235176214
132.9253245045804,66.2860516995678
133.296786573888,66.79422965324177
133.50952453189305,69.04550350216735
133.2819342899924,65.22582080515102
133.8836404163847,67.1289370688087
133.7058317933436,67.76252454397327
132.68954068047196,65.33751234455556
133.7070421569927,65.590462112672
134.62245342627406,65.55189446412707
135.1620068913234,69.45180006544673
135.1025393448146,68.0539064146622
134.72370315647962,66.6784321052094
134.8248431523636,66.82428338709396
135.04211978472625,67.17626850117793
133.8699901385574,67.26574139439295
133.41626464037978,65.80124835612516
132.35419666493596,66.82344712232083
133.47915034575914,67.42203010487881
132.12034262292147,67.46298668656895
130.90607288831254,65.94242708243657
130.0169369370898,65.72796927970901
130.17757948566558,65.53381215919148
129.24230019176227,65.78056650326943
131.00535383372372,66.08278039315276
131.73946030601286,65.63088203033239
129.3241134927952,64.07087591886241
129.54476530385992,64.1917554304268
129.88931845606146,65.03786679467115
128.61118691767606,63.476175956581514
128.5131366773596,64.1853046885582
128.59034632299117,63.51459482288277
127.93798836491476,64.00891532208102
127.82623344377757,63.81944173912173
128.1544323781572,64.30782455229176
127.6266371537714,64.97188054784239
127.55176757401736,63.83025499465295
126.33199609104533,61.408207707484834
126.95030359681844,64.13534300674742
126.2975771825615,63.26950906660722
127.50617722604332,63.98915714544333
129.56525362469256,64.68836210643829
131.23692579011228,64.90197708559427
130.7569501673793,63.99187523170187
131.17552339760059,66.05182404343097
130.89958027779178,66.24122120620143
131.34781216442775,63.95179197582355
130.49901708518223,64.67170446388164
129.46418182337166,62.75568262107365
129.39591188545947,62.96214003428178
128.5729517604754,65.2031008335021
129.78856899299524,64.7233318736543
130.49968442315492,66.70172893150587
130.81996100794757,63.84033524870566
130.65459175522113,65.44962707762927
130.466708225267,66.20063091256917
131.425069001845,66.61617060920314
131.48417926626573,67.68637849887038
131.48196435346685,66.15919397233368
133.3473511388955,67.11730598137522
133.47716769053653,67.16557473899685
133.20326418722328,67.30715662278932
132.9625322200562,66.78590410599833
134.2320589510219,67.10274739454049
133.7221800523242,66.67139692744975
133.23082975480872,67.29434869570052
134.32045333430426,66.69871935178897
135.4791538263453,66.87948611042395
136.88574303763085,69.39719972206878
136.01563007084332,67.73840511926346
136.44791815144018,67.89038723522931
135.86922869494268,68.24543137160683
136.28025323520933,67.63668616804613
134.6856148043697,66.40702876152729
134.47819017834124,68.17275107232075
135.5561988106329,68.94402230911192
135.7545969446484,66.93874241991833
133.32566189858588,66.45683629106962
134.32204768365227,67.6721425555197
134.68292220925557,68.57522773127774
134.40417474996102,67.96682729533832
134.3960958416994,67.96337018105639
134.06746915196442,66.63184540802455
135.22160158999847,67.83933980214802
135.1839890705333,68.6613967668816
133.57106376759378,65.67865822394155
132.71025396380097,67.28256656632264
134.34755413965524,67.42193326859324
135.47775693101212,67.15001232322186
136.27981632977543,68.76367678439962
135.48503461945762,68.21497144658647
136.02958234339673,67.43311028110674
137.0669734107879,68.36761899465597
137.16940634541334,67.7921422002776
137.90745048511084,68.74262466876225
139.0552831872213,68.43332093169285
140.1042728589213,68.61496292545476
140.56964628612744,71.13666843395156
141.04684366886875,68.96283884386295
139.81576418950715,68.53303275812293
139.53084060925164,68.78133198173718
140.3797459235998,72.31017683781896
142.10609627666656,69.57804174487646
142.30145133572947,70.71719654150981
143.4058935719606,71.002650052967
143.43180241481238,72.52002020039663
142.47388252527307,70.49304663078333
142.9245397320858,72.71877099185853
143.4009414906434,71.6903518331233
142.5198696951688,72.60894245073132
141.66685251871172,71.16463203434306
141.73107625735474,70.82731515466838
141.23495495873462,69.37732317540343
141.7572289948247,70.28668907107944
140.40913853252107,70.04854760470167
141.24675187823036,70.32564730632228
140.644579166366,70.9141869116559
141.01686400480256,70.46989464842976
139.46740197353247,70.56589914795707
140.42499147069478,70.05645906504418
140.64527826268483,70.03036198972356
142.78319090658718,72.27784690496372
141.13267196044904,70.87391774579798
139.3125334909092,70.49194211936945
140.05256139780013,70.43747780910232
140.96871821257355,69.97183466971583
139.19334730208524,69.83462508107718
139.74617218096196,70.32150569976679
140.70364701503567,70.48391233345076
142.13709227166666,72.56228369023026
142.28908417912766,69.10031194639758
140.75681997201858,70.63927131073935
138.8283225482257,69.5438114018658
140.95398752182203,71.45868369072045
141.38460077535186,70.20904054552382
142.39446980845747,71.46916901838846
142.0914077449508,70.37176304005166
141.8791189746113,69.4480761563251
141.69000197468264,69.84558619025883
140.76903258720935,71.71777234476656
140.4968667655946,68.84668017875548
139.39721876901126,70.07758204568376
138.99931562020072,68.04840352742166
140.13883365008977,70.81226631072059
140.18398330167255,70.6966713914681
139.52417750391695,69.87631384992623
141.28313397047464,70.08562782207078
142.6175022568743,71.29741746915195
142.68312749290607,71.64789585385081
140.95175353654966,70.10828164021754
142.27632069780614,69.05354329490662
143.61691980140168,72.4985631409001
143.04820984251597,71.55475838191526
144.50843202533684,72.1063163085868
143.69609297630015,71.3726606003638
143.4510688654425,68.26978414380572
143.01123893790455,71.32513220736213
143.21867414375828,71.19680969331118
143.10352510315818,72.02531774122839
144.56872062203436,72.52098288068018
144.24072524638885,71.3453596243571
144.7107425238816,72.85602010746837
144.77963365736576,72.17694815214685
145.05010235885996,72.72241014653953
144.24294452451872,71.95155666310147
144.230734141058,72.66902784172231
145.64880125217778,73.4529415574937
146.50350331491418,73.72152479123176
145.34703629807203,74.23393717680037
144.96302098032876,73.60192172209982
143.9717027194522,72.48178217070446
143.2679280663986,71.18964485043314
142.64034420826505,71.05673539693575
141.4300350706049,70.80993125517342
141.91947180755895,71.0518184182511
142.85355444495374,70.63371008762462
143.03083950189526,70.44508536055193
142.57444799028787,71.7802685235907
142.75775252834444,71.4616842435805
142.0132825346279,71.14820763505723
143.08448607483953,69.83231209797641
145.46015935168765,71.04773737475098
142.7911664266808,71.67791560101374
143.2019162843179,72.61681960914697
143.27436598528485,72.6839290216089
143.49453901153854,72.26043376498575
143.2389714446971,72.38185028282315
141.75093420993267,69.41483885037351
141.69353857419,71.75399555430735
141.31153961624932,71.17277466435431
141.1843844491025,68.31893582106503
141.15957953949476,71.87109626321013
140.67809310791932,71.58272990698256
143.00061312015026,71.12403784021154
141.76831597520396,69.68021186700604
141.3978133407254,72.05479561996576
140.13423937958203,70.17260071776997
139.99186657269487,68.77231571612761
141.56816551645383,70.07016940694481
141.5422613359352,71.32338439419833
140.72337808317502,69.89790660555231
139.40644872411303,71.35811887255296
139.96977454838606,69.24451448519045
139.2719620407025,70.4590626196859
139.9199851234762,71.13459294218283
139.23735641303858,69.82323837615397
138.71903687301028,69.9827776430754
138.67516309623852,68.69618978785437
137.0468831704002,69.86597759355793
138.26794353717148,69.27210808908173
137.13406102271972,67.96303999652466
137.2985767678475,68.71018649413459
137.7641909603224,70.10478887907817
140.14411684306214,69.9278276912023
140.63484449271684,68.82242146518874
141.4921349924483,69.77946714136439
140.99552652725362,71.76361112392448
140.86761188319605,70.3319240583942
140.87219097238474,69.5165417266679
141.95670352496958,71.23982364923089
140.97501989996022,70.92732508976839
141.39617413070246,71.28068467396699
144.2802539726177,71.66236354878181
143.32981922326726,71.79748071391762
141.49696258189923,70.93605217096888
140.99007944345078,70.64139508035151
140.87314265637823,70.66492203629672
142.5608446811185,71.34368763987234
143.0669995717485,71.61921445055056
144.233906089239,70.78729528213847
143.5395164121309,70.82634251774145
143.52137691179738,72.98932067363586
143.83605545013668,71.87132084622401
143.00950640868496,70.95286736376116
143.3176371584107,72.5802003253981
143.05888417895588,73.97158723599489
143.31174558524646,74.06910126721839
141.9332930221322,71.00058359572708
139.91068760947,70.29493348922104
141.31017387414332,69.82389837512149
141.3839992069665,71.62969003797672
141.32092887278674,71.78032488145463
143.9437972558625,71.54521349023024
144.99814032844196,71.11641185203669
145.4870977595113,71.9318958991067
144.8680742383765,72.70255875568121
145.28604788329199,71.17784814881746
145.56873960555436,73.78246530315495
145.36385075585068,72.65463333962246
146.84787841759572,72.84739051808855
147.65942670721114,73.85734398731516
148.2867633848405,73.30959077184625
147.5259800253855,74.55727261498323
146.8944841702493,73.24708304836376
148.07004880208575,74.67369581481775
148.36755671861144,75.79115036789526
147.87795429796924,73.71480765727932
148.26444711755113,74.2848267307177
148.3623269862843,71.84876798691536
148.00057018363407,74.72783158421811
147.89442590042538,74.41981016114396
148.72729621424432,74.85741791410835
149.13635666347204,74.02357921916156
148.34959508086922,73.63266713032996
147.68472978271737,71.35292721150985
148.05280259879268,74.08108569974756
147.07914718516804,72.84275384130966
147.2797497784714,73.78815399883584
147.2274738809448,73.76861990015423
145.9966272885507,73.22986989906592
143.6648703091805,70.74621265770958
142.88912524473062,72.21379100348528
142.93662143061934,71.93523872129313
142.99021225443875,70.98559576444059
144.3022261393099,70.84287876214213
144.36248347774603,71.65051491576502
144.34290172492746,70.62359862137328
144.76518499352247,72.48710868247012
144.37772949826646,71.67098957652848
146.14740035062601,74.73876198412295
145.6166227682405,73.75900788078641
144.8012714207546,71.7263025071644
144.34069155123112,71.65403571830923
145.59115555269503,72.41091964190923
145.06483515266507,71.63228822697712
144.34288850848802,73.04058985898882
144.96739624405896,72.02393103545958
146.18149245957972,70.68852301790358
145.79834610582682,72.43304207312006
146.5284853286634,70.70207063766081
145.9032232457436,72.80895183379687
147.3308824086478,74.27102477635553
146.2875071786976,72.66544755490486
146.04197976364654,71.28458311947595
145.6404986495073,72.4111995376997
144.73867805215872,73.23297592507002
144.68362009830884,72.21461702273012
145.37732390088243,70.91553436183881
144.5711097497035,71.08377663759372
146.49577196991612,73.18776111123817
146.76266056502487,73.27419983480878
147.11750258932625,73.81916275444637
146.36258793092526,72.37712099811753
146.31316594392615,69.87638500435538
147.21779236689585,73.28060907127251
146.2298306130288,74.40696498249427
145.55216139312486,73.60063432316514
144.7353127130764,70.5320783008203
143.43839337106388,70.96406584150547
144.07881708930756,71.18512447865146
143.2850374878484,73.1470034170163
144.9409826237637,72.6814122742001
143.69683737868533,70.09537307216232
143.3616277314228,70.89410238569347
143.41381847132092,73.06822971630406
142.4276469496153,71.79236606783164
140.29471494625798,70.03792880796354
139.64888106148337,68.14738414950136
139.63019381387258,68.05382562442132
138.68447659171662,71.79805953366525
138.95475844733605,69.03370892101775
137.10003796439804,67.30037190321929
137.40116446197493,68.22589394999859
139.4957595905235,72.06054112201954
140.4624799085821,71.760019600168
141.4626223944081,71.40318038308267
141.1101998537648,70.03360280304264
140.68809677028267,71.23242095450387
141.81843851286533,72.3468452934652
141.48922741087978,70.66703955224307
142.13675196160816,70.60642046833992
141.16188083862923,70.7004144917319
141.54989807449118,71.21310024323844
141.7286353706933,70.27785299553494
139.5093060634865,67.5491370444139
139.39477732814652,71.42416269151587
139.96419006447903,70.6574478629486
140.50723575935103,69.46072187790377
140.88047110621162,70.7139728323957
142.1676594045344,71.92583727197065
142.104629018831,72.12196720633007
141.34216061156783,70.30289822867545
142.2540726529871,70.65536441756835
144.38127226542395,71.9253607394057
144.04281612694462,72.47778319303727
145.56286347536107,70.39466197473959
145.38852866397085,74.45299924631378
143.90324182562864,71.64613203904867
143.01015373157097,71.47015280030912
142.15057456163777,70.3229384528121
143.3202736339145,70.88811337808959
143.4282095284637,71.87795508544617
142.88041575662876,71.14906343131486
143.0116810015373,71.48281725446883
144.41815688102844,71.44367808354127
144.34212825740752,73.14913449925035
143.62241835198927,71.1971036592612
143.9836449916084,72.3737329509549
143.14971342383248,70.53454210977235
143.65690985590885,72.45721772912721
144.65221641480983,72.9078075612309
144.84093268094378,73.03386975320454
144.4107492476158,71.40192497028197
144.5323808516587,72.23774711632498
143.11455580430552,71.88782496553894
144.69077632714112,73.66601790242693
147.06097612671965,73.37055407893067
147.0818616245442,73.97497679737823
145.01548650269936,72.4888076198358
144.33943065223994,71.18563917954707
142.89260690797744,69.98447622611482
141.01400087568825,69.14537809831108
140.8734501156083,71.25121453117052
140.7096185886658,68.16945754955343
140.0784196871701,69.69992498886553
141.1878418114923,69.22474224059454
141.22558854991166,70.54941086822411
140.2448641583524,69.73670589249153
140.6626382172923,71.37853625520987
139.39719523362223,69.91178861517493
139.04430734791305,68.56939696956132
138.2097633233945,69.79087492972376
138.50593699751087,68.73545714789095
138.2352548615651,69.69870783539258
137.65242013646403,68.22794098927956
137.91752919439716,66.91401877641168
138.38970929172592,69.8059793152799
138.6341077230392,68.93862356355372
139.75415658926624,72.15081803465534
138.70429793062505,69.48676006999553
139.10376587391073,68.09921741741394
140.78318434939501,69.90909047540624
140.79527545855095,71.90287460899316
138.57876762028465,69.10386581509542
139.55507358995266,69.15501603034508
139.352551039866,69.43337921488965
140.00321937384464,70.03732317401507
140.28063047338907,69.57742667937545
140.9028641263985,69.30959286785489
142.12897909289504,69.578136886758
142.25951136594867,72.07916289884098
143.0512783545899,74.25347044036076
141.74824181525733,71.31430328136194
140.8539648707299,71.8020192857355
140.73217060541867,71.04653861269777
142.31934082179205,71.44159496156082
141.48903737158238,69.30084830634063
141.13972350555122,70.59976624561195
141.80758390898131,71.14420145961437
141.27984694931848,70.45628329872034
139.97742279398875,69.59236206141264
138.00361076236393,69.07167990239655
138.79216681664383,69.38208444072536
137.65746699727828,68.52607675132653
138.00462878530567,68.49717963034975
138.51852082188105,69.15822386656237
137.51572073789745,69.04268027999673
137.96151447423355,69.29141788698803
135.8129884041675,68.28189770376711
135.6974443570943,68.9072304586803
134.6492877510636,67.88368108388991
134.87579981655327,68.62868743459099
135.07150730430612,68.82184692104856
135.24960011915076,66.83454411259636
135.86828193453917,67.94928800856718
135.22194112459147,67.63748561088109
133.76571484648318,67.06047553191547
132.51693028258546,65.51614598194993
133.51132024217648,68.92299739303893
132.4613721462378,64.34220364285544
132.10533558106852,65.46434261945541
132.45550797541836,66.80336388838559
132.2904449233854,64.49038220378395
131.29138163501298,65.30754673010617
129.1673408763682,64.70560770526608
130.1042282010309,64.32345706135312
129.51774218442623,65.34735503587771
127.87773817522508,62.17899512774455
127.22561872434319,62.42074655145519
127.26758207873104,65.36907978117453
125.28940806687059,62.76917884261531
125.42082566440854,62.91545656576895
125.42065938379709,60.79995694251223
125.86578263588453,62.296744135487636
125.86969300196233,63.43423660411004
124.86243649807156,61.24974869966014
123.21851628005135,60.723527716992876
123.009446626154,62.40468315500315
122.47422235783269,60.076839035146286
123.99865012597026,62.00129077761678
123.6963512657774,61.476802870237805
124.09291366065104,60.74730091683483
124.13678076821296,62.0709011195871
122.36553050058131,61.435763671349875
123.10826136177802,59.52998998247017
122.62995745306972,62.31390865202423
121.1624414683318,59.63316055689147
121.55788673269393,59.96102708876535
122.77811254000792,61.53948451137744
122.63975581749668,62.00545033362187
122.33732873489885,62.13806768901565
121.67437887465908,59.31154406118905
121.22458912603715,60.543115839740636
122.3175935175651,62.017826814221756
122.37909272216,60.53259968784468
122.78008347913698,60.68931737444341
123.33506740417027,61.586164743305304
120.381495199766,61.13785246280389
120.52439786084217,61.074494237072116
121.07202858543491,60.89603772061313
121.2723747568798,60.485269622816055
119.7626536103483,58.798983060962286
118.95359136018463,58.69770726942675
119.60609465319631,58.070003823698535
119.99693611099596,61.28350209984095
120.41708731313632,60.62223385534655
119.24830688678135,59.568844297637746
119.49626239829274,59.50677848699483
120.91583686773482,60.806278340059336
120.9323314021456,58.54000921652694
122.25407664142637,62.49128654505678
123.09332038366536,62.209257581556535
123.89140983895335,61.1563481391069
123.19362793787344,61.42706349585045
122.51894863495322,63.34024426269749
121.8209261529275,61.69600328618604
122.94034167714385,62.93572640904992
124.16071872707438,62.18775699000936
123.09804549128215,60.704650504642466
121.78888421975655,60.51491153487065
121.88775288901348,61.9800441001399
123.16683437758992,61.8166982168737
123.410961740017,61.140729820086676
124.01715666038584,59.32857878600628
124.47262522528396,63.01325400706746
125.02191031536161,63.478941636198805
124.86117772588358,62.40216852240397
125.31352480488064,62.71083742572154
125.96968276869455,62.88498306381963
125.83477997147803,61.658386329294444
127.48134437124847,64.02909843487157
126.39707617035161,61.967747005857596
125.98648397857335,62.91807754494418
125.11945789007021,62.76718278055285
126.1555244938273,63.07626603794295
127.2106684050833,62.50460960267256
126.43917254767528,62.27731079095283
126.48701101013312,63.57124475356106
126.01009180504965,61.655563245835246
124.62388998853791,61.30498825943151
123.79325520702643,62.37099334935195
124.09448065370773,61.50318159683988
124.62756342539114,62.716103188242776
123.87231440081074,61.844707043896626
123.8414002600832,62.05176217808438
124.63199809861041,61.96997039046334
125.97621981442853,61.869494884412326
126.29478201949209,61.68200621181635
125.46016378296238,63.364479216932615
123.86828847721192,62.36789840415814
123.9090626370739,61.15037839142645
123.57530211926219,63.51671901241264
122.97030049937783,61.76809635705577
122.26027942989765,61.228983756382
121.67828582589313,61.409323981105565
121.80669324631624,60.10221930741233
122.45293381173369,60.56082109739035
121.61867144254462,60.200275181180544
123.44119757267403,61.58427763566641
124.82863305483039,63.32112703586775
124.56162263077532,62.940228663228396
124.84543900525772,61.5424453715177
126.32997983237969,64.1853595267929
125.40420488419576,65.56099693911082
124.77386597198388,61.5776897965378
124.14930529289991,63.580999297724446
123.12946301849863,60.28342988851314
123.81946577902976,61.41045745960384
123.58632551763998,61.92814428901943
123.66735513314873,59.54474324453952
123.73262640669245,61.62624979295377
123.51874524898015,62.13133352254938
125.00352681248157,63.65196658553155
124.82394030667231,62.80589361156811
123.96061599467266,62.43258119783191
122.58103365496129,59.11293580947786
121.89362649811535,60.886653869602014
122.06455263692202,60.75605802401949
122.2206765925438,63.49086651055738
122.4913032618011,62.53541691400351
122.06535867634784,60.25599171204698
122.48547379370102,62.49780593767523
122.92508408110339,60.33706048679288
121.72396477866499,61.42982863203227
122.10749456260052,60.05586673848918
122.50915404266166,62.58418781627634
122.22942722315534,61.64508256522259
123.30537900688677,62.965394840281824
123.35315070857763,62.44691346621171
122.59858904562435,61.244792317062945
123.52339713164447,61.07605317898228
125.26948119556229,62.390037143974574
124.12064444123136,62.13378715554524
124.0439810653937,62.524551288743716
124.91106445903134,63.0052855759223
125.5098663379436,62.74944755490321
126.51143303663302,63.94392655565923
127.80460363418916,63.03101760659311
126.02929145266543,63.21568028916219
126.7081595637869,61.892030458051046
125.09465154981568,62.83292944848429
124.15310820859968,61.88187481801254
123.07181165502612,62.99065490883703
123.54136127445115,61.24845239200331
121.88999894077006,60.3635800767792
121.98280449689575,59.33067247530498
120.47714220407522,60.97378088731183
122.44598568776858,59.834601242212095
121.91369984590398,62.329895375273566
121.88842768011286,59.60850898840136
120.71125363445911,59.537599033689446
120.12964797629415,57.9321921014957
121.42178256601233,60.69419974413679
121.65659276753073,61.33184025942713
120.49549991554163,61.944743904692
119.98657476526155,60.73674460430112
119.8190924147856,59.97970180316185
121.54907643349887,60.12420005953769
121.4221162982708,60.461277015371
121.84577369870593,63.16460936317668
122.88244954334901,63.35741900058168
125.24006244010582,63.43585024246859
125.87318907140939,61.69266165228243
124.80181235895908,62.6725372056001
123.80829757099315,62.674776712627484
125.49224933542163,61.666485689738636
125.88921255225438,63.47310991378
123.9692778846693,62.584072274947445
123.45056468574877,61.720262143728995
122.984748877476,60.80027350281445
122.63424136280706,62.65780041670638
123.26428125558436,61.09897189149605
123.9224396537641,62.54490147639213
125.24494858415409,63.53530853586958
123.35427956373147,61.01368040060076
123.63802502813111,62.41184180603081
123.4253677127373,63.08813687510793
122.35844260662849,61.86256464613557
123.18723927566207,61.33918665348879
121.85589949790793,61.24446777916492
120.46443956837494,60.05776132535114
122.06805574090704,60.465652199177356
122.46820761204145,61.25560856173611
123.28025903799957,61.4180739118542
124.58292660401413,61.705231973625835
123.30057180272718,60.86834857250164
124.66148245306427,60.949222380092465
124.75975448126857,62.79816830864583
125.29134995119982,62.059834165425805
126.0938937058439,64.06296198745345
126.72791106593428,63.33196245188353
126.345229271681,63.35632751720635
126.3291599422911,62.86348648492505
126.4913209453035,64.34726177669904
127.54485597689866,62.33080882341609
125.33860766131016,62.636543750259804
126.75435404257763,63.77704487101452
125.8256035669983,61.99812632986861
128.00367060334355,63.56354415623223
128.48826080854877,63.93115073269269
130.24625800233179,67.55696078407689
130.02353419852926,66.45392351844396
131.76113106950672,66.67214503907937
132.18799346519882,68.41074531937898
132.61250358874238,68.3793913165169
133.07630166757596,67.39480940775961
130.59066234990595,65.45117666851417
129.11455286016337,63.19955911340105
127.49831321759086,62.62287035714858
127.58962115573871,63.441900076643805
127.37317582558495,63.357766212103144
128.20345475491783,64.72352709669057
128.562968429676,63.29312460878412
129.81252454956058,65.85086585630488
129.11317644757028,63.831880290968115
129.4716420506153,64.72750145523574
128.97485266028005,63.320416585565845
127.81133872430519,64.06909317012162
126.03787931232466,61.14131754517426
125.93998466469698,62.871717483643366
125.01051784083796,63.260872603469245
124.47083567727329,60.418253910797816
123.50142353191744,61.444953644144455
122.39362652561917,60.166658142642724
125.21519473100076,62.161681847461864
125.24818524672061,61.87891943770949
123.92174838484536,62.61291581337628
123.7138720215501,63.72507302971833
123.7202583390998,62.29986363068342
122.22816824870182,60.95728765039488
123.27474529017573,58.00875586499621
122.32686045702235,60.1240138390107
122.83189422203965,61.63321811124944
122.3443359114811,60.36894345972928
121.5037234593081,61.43038812362733
124.72312027916469,62.698282483137426
124.07332406692078,62.08856171446364
122.5042268798501,61.21417700808814
121.9420267503484,61.50075742693023
120.89849187877404,61.1522193536183
121.9518989834464,60.29969298681071
122.3486245531114,61.46152966951943
121.11058542368951,58.95533764144826
122.84430845970182,61.986443525070726
122.56797295271579,62.54842136983613
121.20174114297514,61.386802683066044
122.25555634493917,61.221565236491436
122.87011345357931,61.83038273715231
121.79925356233927,61.55012783232677
120.61050620691032,60.129556975920714
120.40321395896648,62.68842507100338
119.67512473275177,60.1279006159982
120.17936181154204,60.33360623177585
120.41491401737471,59.69184005866583
119.16231487517656,60.354034361566434
118.01601882941691,58.95311096260093
117.71326123475187,59.72059865311149
118.97460998274585,60.032359693258485
118.27696819496397,57.76361275520746
118.83142472647314,59.50242733599151
118.127510817282,59.92899813884116
118.51516158579362,60.22666243298928
117.88493350419198,59.124855738430426
118.25705867751424,57.547074328436764
117.3002465802967,57.77345235958733
116.48855331433124,60.237480190974466
118.38798137400049,59.88725544819679
119.26521209928441,60.81918527798198
117.93993029104931,56.3970975541791
119.06935632801255,59.60451522073765
118.83664404218624,59.90151967656294
120.14316785294046,60.16973742365482
118.72267321556824,60.20456406064581
118.55753621265146,60.49420626043173
118.0566131685987,59.76267829980119
117.27972938169613,57.635574314972864
116.03501259200618,56.41729721274462
117.93647841557866,58.77163705100817
117.86551952262703,57.27829991163196
117.4814560356231,58.71687102856063
115.74164029761461,59.51472136848456
116.8158638468239,57.61299012961683
117.89653061497346,59.83103282985525
117.66761075079935,59.43209001587805
116.21881423035924,57.67040523627288
116.74249850328064,58.34624809885685
116.68815494596812,57.295665901266595
115.15720915243386,57.55741698213584
117.22155332194319,59.28158480584846
117.90822113215903,58.25662654649809
116.85221766409228,58.37068106802084
115.98082169782893,57.66738098266886
116.7281997986671,59.28961747957083
117.8906145930526,60.36153448062625
118.4493292604011,58.60248062037993
118.94135596581057,58.402782147568146
118.52782209538151,59.68488908883466
120.60261286990992,60.1132755869998
120.30000655247335,60.40774592088138
120.51041739201057,61.208530207629096
120.88445408325065,60.59963354248074
120.58853489264388,60.915726773097376
121.3681695316847,59.21205882366894
122.93294987238905,61.16044557093571
120.67159532337861,60.08566403534391
120.45398333838692,60.494816236734074
121.72520580547021,60.9899122162848
123.15197804205027,61.37549608570774
122.6789653016731,59.86349392604358
123.36317405182419,62.03371008623851
123.55879218454291,62.418723551045716
123.71099005344483,61.546334885941796
123.07742812180214,61.70931622354007
124.1019645575716,61.564681974154084
125.3252529894898,61.764935562760925
126.95271695800436,62.906582660617424
127.2323534154906,62.29479848504474
127.38267982239357,63.086106517786504
128.5427755666277,62.271104925208725
131.92465005677292,66.10406851960333
131.70832642522376,67.08744429342596
131.63962318727337,66.4192945259177
133.4486569616368,66.56345420619861
132.32230371108488,65.67872625056852
129.77770414507512,63.31228713359622
130.801646043651,65.14274034774151
132.2453370087538,67.33830284268707
133.6195185878824,67.31115822119185
134.67074621944812,65.58603741728955
135.81751180606878,66.240257972674
135.15027813773736,67.74967008407623
136.24803746766872,66.62154229534507
135.27402976591986,65.95710565503009
133.72049592766967,67.81993079446896
133.52760855038082,64.95770810457022
132.2533447235445,65.94365928820086
131.16753792484732,65.99411532606509
130.53893546721335,66.2665443872905
130.14369187249568,63.60096393950958
130.3165764553814,65.03217388443466
129.30376513493368,65.86397556671137
128.71901403048076,62.41675344944524
128.58158916101252,63.2578407083252
128.75998948010567,64.11852525493347
129.2575022260161,64.24091434422594
130.05495441019286,64.52888074923402
130.30394711929054,65.9406350092429
130.77951144658175,65.20411298506275
131.47722489861744,65.26539390583119
131.47867065990488,64.28284190792314
131.68193244964243,66.33684233706404
130.77769701101212,66.11651128701429
131.02995841139204,64.74673727611858
132.04249852647516,67.51957925370577
131.39520587485347,65.34966396273052
132.74580899409844,66.47301137632967
132.24211287221772,65.99336395402834
133.35018893143118,66.83492052794536
135.06650558535145,67.50221531630933
135.3154927079569,70.21829680178135
134.9380228606861,67.47481500216092
135.41113614615057,68.00608108989566
135.0265542361915,69.54032610551174
134.12592308648522,69.65368476312183
135.2003415160913,66.68216200183467
133.2758820746017,67.41371803135975
134.20970450440169,67.18418465194173
133.43923158285315,66.91190723067226
134.39991302470864,67.01928899842402
133.90171112757886,66.79809826311835
135.76788748269632,68.1632399680253
135.27617041426663,67.38739006751528
133.01617576731832,67.16226542762374
135.9946113394554,69.58475437599415
136.03982405350877,67.55589171389987
135.92405754208485,67.28065337184407
135.92580993326214,67.87336839961884
135.6124488818889,70.90385373159333
135.9232579383599,68.41017760495475
135.16520942602412,65.08939494907388
137.3862974664534,67.89463886999448
136.6892929031259,67.00356850445154
137.35546424797775,68.83755031779752
138.7252427321872,69.66230756438466
138.50925613194497,68.88893734602006
139.40251435253546,68.8874407026467
138.86297927686078,68.50519636134536
137.86150756212191,70.70629706145046
137.05690676949408,68.16820952202401
138.1665447300834,68.61483664697067
139.23975639344292,69.77512113145438
138.32591566664024,68.7014385143986
139.3656261328958,70.50138031379844
138.45323601818146,68.48792041322405
138.64322811621844,68.01191321869914
139.3576525173953,70.18092859928085
137.27299083493202,68.58931186502055
137.90707695222855,68.61054980066658
137.6033983091735,67.51960396238125
136.10320858329504,67.09516496916112
136.7927299949728,68.57881203214197
137.08291740913737,68.32972776733014
137.44177591445973,69.49798853622514
137.15654807814389,67.95722124546268
136.4673905735493,66.34448287381586
135.12193238673962,67.58261969765063
134.87749823377163,67.66180852465055
133.79828775014042,67.24763262298158
133.3335250792726,66.74582521290448
133.728864892872,65.21646342678422
134.5214170275629,67.73514299499593
134.93579527103597,64.91565311734031
135.20808063592807,68.54087329185317
134.91368944525172,67.47482065543687
135.85637642702804,68.80005492903089
137.0305977350926,66.87937796832173
136.51329422702526,68.30600735892507
136.05347513894208,66.26581218566331
135.04242553452633,68.45412941228707
134.7228305389324,67.34350942217003
134.2622932388321,65.79586278339669
136.22643117835685,69.96050244435881
137.5844327658117,68.44796061004601
136.19136968498464,66.94909804349588
136.95806274493975,66.71006405859444
136.69629460968557,69.91189883568751
134.9129074716398,67.35317813687293
135.150711530155,67.28245178787502
134.44077816753693,67.53515258219471
134.73278751242316,67.1294211282457
135.24047864704283,68.6127935666643
134.55936627314406,66.08657493824641
136.05427446630583,68.24132406314482
136.17193288500323,68.88600786525123
135.3565155740009,66.44196966098635
133.6791689982472,67.00121201722112
135.91246359311478,69.2618712172859
135.07902137134056,66.2096371221449
135.12217980651056,68.55437660364838
135.38818072297263,68.1474536150722
136.26704605574403,68.26600772759154
134.8733844667364,67.79701368779132
132.37769358069815,66.51493769751694
132.45797181420036,67.25295988363376
130.9145893181835,66.31699861624723
130.5994556930617,64.1006178276306
132.65895523732567,66.05366003571851
132.02315241421755,64.42267825905994
132.67385716720187,66.87090343623358
131.5097521741041,66.29182864965318
134.50302126961213,66.76293444312059
134.0838995476786,66.98896748567643
134.45143201977314,68.0703981782068
134.27250280948294,67.75312796704651
133.61686940645706,67.08670617780764
134.66310777776616,68.35035543549283
134.3881415571338,65.60625682249581
133.41260659112513,66.18084133205026
132.82133297203015,67.99527429679013
132.46242123648125,65.73949278752276
132.50580292992214,64.44210664926182
132.58957234094132,66.19047794402837
131.70209012050773,65.6140721417107
131.12112830548574,65.88395581588331
133.15915907486706,65.59141741425599
132.8274180470694,66.84983490653296
134.134737736,66.12636682457695
133.609857969734,67.39804349937371
133.89162319025806,67.35283610936007
133.17215223833261,64.47236238067742
131.0747320281992,64.47960844617369
130.42262569428306,65.79054641553167
131.22004819195197,65.84202861491013
132.41095896171439,65.87152955092225
133.40389769728947,66.155748387227
132.74016336092805,66.48609836400732
132.302900175259,67.58426324823125
131.0299610471954,66.2811638839265
131.1983940620845,66.59948497255901
131.91583980965817,67.7968448606811
132.03137613688568,65.14245592184675
131.1574550428434,64.36352124552127
131.44905648323467,65.457197117995
131.43173584447462,66.31275870160843
131.80543003778018,64.5862249174038
131.5058982486005,65.43334609992459
131.59963717535092,65.72411449523096
130.75416805698228,65.95697654129303
129.7939776144175,63.759270987032025
127.10827392855474,66.44518959596614
127.21816888073607,64.18120090521997
127.27644482522808,64.49727716468506
126.1945432500079,63.01584451714198
127.66026488452532,64.34910584083069
128.801614679542,66.39328235196885
130.45268327745092,64.58506202537949
130.2463868464134,64.86004160734514
129.90240552247096,63.505889995325596
130.15569684766817,64.32810383130368
131.02081916665472,64.7747404946392
132.47959129109802,66.28847057532897
131.43114898461482,65.95152461329563
131.18763641726827,65.38797436385717
129.053850469437,63.59431346614713
128.71721955618386,63.288920105638326
129.57771955061443,64.77006773447393
130.2116284001506,64.7370580657979
132.5488321777697,65.09438717567411
133.1822803012003,67.04877274117216
132.69032104264153,67.09578241278342
131.86046910098173,66.12975232647935
132.07050628669265,65.675320356449
133.69667361197858,66.65260890283201
132.35953867946876,65.50706599348928
131.32677644317357,66.43000136519711
131.35186258296986,64.70430951616092
130.94893807761707,66.6737986649527
131.80346471924645,66.08437292152557
131.2743278685097,63.14817821405057
131.26531306465853,67.76639470902144
131.19870137538447,64.83117835582176
131.36419807964225,65.97607507214018
132.70350021635088,65.76113192655899
131.3269058215861,64.67743112812424
129.50472845892398,65.62294002069596
127.92794661220087,64.53646156925936
127.57496132349647,64.15203910643257
127.63686645045613,63.94817220157212
128.12650443352084,64.04358788446866
128.38951663371898,63.53259826021397
128.46568644584914,63.557844334350946
126.59397784517594,62.63721555038424
125.86530290743113,63.1693687482809
126.24690308126915,63.13603605747172
124.92764350952301,62.935583708390595
124.37605915478598,61.41005540572634
123.8757852208408,62.744657226004804
124.31789039162136,62.51167699627352
123.36309256929917,59.601746328885795
121.59735607920626,60.70950682766593
121.1632905300586,62.59915947654543
120.80993464828438,60.29321062735569
121.59990357423723,60.43992275480559
120.92619958918506,59.82876242384853
120.62966367052067,60.62145441444719
120.04067892222444,60.07498044420832
119.48882612435995,59.984269195324856
121.54197890757655,61.00943549023115
118.89291679282108,58.335456475921085
119.43379884610457,59.27883310168619
118.56123274456695,59.79321124373978
118.57746995720889,58.31241449402624
116.94656880501766,58.59661286376842
117.08729682300338,59.22102007706607
116.19953994497493,57.64484468049288
116.70841585705115,58.95997550075252
118.03477088241925,57.95391074821874
116.69796372367594,57.15724550320298
114.99818132412794,56.08737683171844
116.10453970725288,58.687809164184394
118.03235835469951,58.58647945200274
117.97950724937776,59.419206458866896
115.80762578738135,56.6468246445975
114.15304822982327,57.7988742035388
115.06594692065104,57.02636178294877
116.79519798856612,58.66349849647039
116.60551237876024,58.22359908897693
115.16784648401394,57.30774071112558
116.28177143191411,57.316785920355805
114.83418322436965,57.39237785527013
114.07691427769592,55.999700466269324
113.37264899118713,58.89338842553486
112.65809045809151,57.89185026161193
113.14945531950217,59.07588427263973
112.09979062334928,55.218753835899186
112.19072573092087,55.95804864443649
113.23992555117432,55.437523272167994
114.29064004122125,57.6404418360132
115.60435172705611,58.206776163657864
115.16360610190091,58.50224209999061
113.36205815701814,57.25869084663508
113.49564142067273,55.05473418932439
113.66805794700758,56.674430262920694
113.90367537937551,59.24799000025426
113.45088488551708,56.412982943898214
113.8579058489807,57.57065070466151
112.7541004481115,56.034848279012174
113.53055998235924,57.59557971465662
115.27915919595434,57.9616114274816
115.36606073586957,57.76869498920817
115.37082528213422,58.368784287950525
115.97066441032001,57.55313482695752
116.4827381738645,58.633126577964994
117.01722541485566,58.584535713092194
117.17816507352205,59.182990451636904
116.84679645416844,58.34191144428659
118.40359835307774,57.14762621165458
117.1397289044568,58.2666058183201
118.23875832443373,58.41337956518987
117.32133413381564,57.66679670573742
117.76067967027139,59.45713532141585
116.7448367384138,56.415871078847616
115.12441384204124,57.61790624953933
114.02404597319929,57.415899319699555
112.98696127541555,56.981476956608645
114.293490500202,57.99674920578916
113.62769523537833,56.77963593348123
112.8593280339466,55.605825149083906
111.80905368186558,57.05994874768704
111.72045975797474,55.97661375312709
111.63854384465463,56.0872600868861
112.14938580111628,55.989105455200345
111.38352867630203,55.697392441931036
110.0991374998106,56.02318257368175
109.97176349446556,55.29230879427787
110.79352517314418,55.26735454235061
111.48914852679945,56.84628306289471
110.42245034370609,55.863316838019486
109.85410993934498,55.15434620794679
110.12945495795903,55.10793825400731
109.47861360480063,55.622816702370265
107.99156656721966,52.76213099304341
108.1257512781589,53.42175931470876
107.70138164339222,55.04428658279398
107.93797656784528,53.81720010271259
108.73549310837771,54.07962549407407
108.17463975707543,55.46526994971375
106.96044942779703,54.50875150072308
106.12805465954308,53.3032765956701
106.8520042138174,54.158435008262636
106.89114562985303,53.7566606264942
107.6185281591068,53.80135796700893
107.2075597213654,54.53794277014946
107.8978105582212,54.89897069081649
107.35141568212492,53.70134992103095
106.64590589445193,53.47459248884929
106.58228622428116,52.035414558450725
106.4013127055217,52.61401112149313
106.1029644820535,52.072503223491815
106.09944749599563,54.07031229169405
107.01144271513189,54.705941747305474
106.27564812972506,52.10262082456877
104.4471680054739,52.66077210857692
104.8123552418733,53.6815205589447
106.66541697177881,53.89621194277145
107.67694582424836,52.663541090777834
106.41549142887607,52.69766728368255
106.82150558979139,53.867773963153354
107.89718047995953,54.801432982960215
108.7537291697374,54.83909418483098
110.54819053373934,55.714808400825554
111.35807731360194,55.768919843678106
108.48663272134891,55.00165263619844
109.01867475271247,54.02807510652581
108.18895906934017,54.560646072224344
107.20304323120091,53.243542100042184
105.4171966954892,53.178005026367074
104.06956155401116,49.74958938455539
103.64404993059652,52.22760615307649
104.70173102952542,51.66970790528618
105.8077898134281,53.49720370607981
106.42954394914955,51.53007866727823
107.63332072934229,54.088018104204515
107.179807588273,52.69979740213974
106.27705027576661,53.03383223604389
108.16314285015986,53.45265468023976
108.58444454761207,52.30889537608408
108.17703855459209,55.4968129596913
108.88821861757552,54.64799797649281
108.08253294895817,53.50544618602604
109.63673640610244,55.44609916641005
108.26062156193242,52.4975564230165
107.66491593419826,53.470197515377066
107.42912509137427,54.6053984840576
107.180970403542,52.93311256133214
105.8620417925335,52.98867574886971
106.68888395880862,54.45521824891265
107.27539037732805,53.431890909004835
107.2891831696602,53.62584916275228
107.83271648100684,53.65300858029193
107.31905834505751,53.94460714071866
108.26121662823094,54.482415457283636
107.63818097386742,53.32227795016273
106.51225466459724,54.80875866076371
106.29168772647355,52.82067868455027
106.05238050028355,52.215487810650465
106.37242786091313,52.81510835292293
107.02267673578879,54.29506239684211
108.70846819657314,54.427252134889166
107.32261892042334,54.10204092485662
105.67029770666561,50.286989136144975
105.92752028689405,53.12910851446748
107.22857338318695,53.609421445258526
108.2516561808319,52.713064290848095
108.12562596194226,53.28450360846078
107.8680951548623,54.80682915733743
107.55998907513788,55.04439378407295
109.34698807839295,53.612689259603684
109.12931344718078,52.88722635574739
109.4513650137587,54.587253997392494
108.20731173764285,54.16550586094921
109.13816866431094,53.88749257803693
109.0057720288694,53.41643670918007
108.7414437050583,52.095601277651205
108.44341821904342,54.32866442499548
108.31625939930602,53.61826952844351
111.06500255014038,53.51542927707794
111.69327143068604,54.9951202705563
112.37268398400992,56.14313386709775
111.61656558084067,55.16797606404348
110.20099080992726,56.60476656274967
108.04080549449388,53.79896600816202
107.4602109439034,53.46060120644621
107.64441169848503,54.88163418672903
107.89174450423967,54.40167119491538
106.43630265552022,54.02824458880844
107.10901949646669,53.487207304024835
106.55845765180182,52.365025361524935
107.716403096458,54.639286143226734
107.4748539772883,52.0272012316855
107.53840433457357,53.55202282345439
106.81871155621731,52.48767195599485
106.1465236978421,52.81434701717273
106.20435963099263,52.986176769742016
106.80614801970495,53.91352618571376
107.55516479825287,51.57876118374091
106.8649054804614,53.720149038270165
105.63570926892335,54.1140773119799
106.08593217572835,54.671248680814415
107.40316783151582,53.3321775198018
106.93243524787611,54.8088570170793
106.52790484036915,52.48266334754387
106.10652467780933,53.07598316893692
106.4705604519638,53.65104452784535
107.45994996554846,52.72445613182402
106.5441193175881,53.04187444845648
107.00906097179409,52.31347048886805
108.48147168142981,55.12218628481101
109.11118709478484,54.59845930662757
108.37055443396956,56.694120868300935
106.94501823217533,53.219546918649165
107.0169455228501,53.52794561337137
108.411760326571,56.10291749398965
109.25183283362946,55.029096401877396
110.73857042245865,56.06537667837004
110.41334828571917,53.872267052788615
110.51919998950659,55.92995077828686
109.75314049803234,53.73854910422672
110.35238986843409,55.427930276260525
110.20375784222661,53.88859898802312
109.46195809558202,55.756343495340346
109.12406402135983,54.95553249255623
109.74119706947398,53.12228443938679
110.67478563423404,54.24979921954196
111.5151184844932,55.919566219827104
113.90739916826747,55.94626724518456
114.72392200046284,57.21703954776258
113.86478681333409,56.454819272243455
115.01030878921725,56.24042103930306
114.22444182692567,56.99040524198077
113.19262539309979,57.14973310504936
113.98343456193112,57.81598920921882
113.4671452829781,56.1242213646043
113.54682462459411,57.245247782656584
113.11481413817779,55.7113798772741
113.00107993457036,56.73166724777042
111.34326609197892,54.2511789430573
112.31945142457778,56.71260813199061
113.62239845920482,56.58352359793952
113.46173117958611,55.599990191718234
114.79165229844644,58.860774015566975
115.73668443230162,59.65036962954708
117.0206837131374,57.78208740478957
118.58833885638433,59.677862825101215
117.45055081834643,59.600710713318385
118.35495237775604,59.72923847339947
118.30089178058543,59.184842985675346
119.15214596763617,59.20332916266239
118.98078216591459,59.34868939574573
121.14049393062417,60.189224636481825
122.89834164951863,63.15979803166847
122.9847207255715,60.26660195882071
123.52900214125852,61.565279662764645
123.86011330145547,62.27546886078712
124.21719370826547,61.248247942864566
125.2500720373697,63.384449986847585
124.38177190632524,61.79313557709951
123.06330818654499,62.7775928790997
124.2882571770517,60.69556938337808
124.73794047619468,64.96095085023313
124.38999908201575,63.222249152059625
123.8182156838472,63.49293963387725
122.44020736748914,61.77292721723602
122.26346472685476,60.26062346677005
120.63912872697647,59.712358953317086
120.8793922543888,59.33728352826342
121.26023495944449,58.71900199011859
120.68267583122311,60.80246546359525
121.78752887565523,60.23085946218128
122.63157614472962,61.34239559281425
122.91323926187283,62.75191259273365
122.2457144813611,59.78384932769403
121.6678401178141,61.420319329124474
120.79639269090964,59.162151879754845
118.90404204501468,58.95945627789115
118.97430423880013,58.68154118572207
119.76217432903127,59.87271400383996
118.2949874125008,58.03412793675421
118.70264788065505,59.6070836701341
118.50139260084428,58.3114492884958
118.65816412497519,59.28015754606635
119.41848687492467,59.676466226584395
120.38045626583255,60.11416962837612
119.73378874522041,61.17965805172383
120.5154574619337,60.422056405686305
120.12735759529261,59.57695231642703
117.58679223373213,58.08850558018195
119.65445603415264,60.83962969187069
119.71565335720477,58.962957352545786
119.41673235277338,59.06295229663994
120.78659981983228,60.48804434941272
121.26423142210474,60.98691067551736
120.71864012876324,60.5417083706932
120.94886701367726,59.19930579127472
121.29317955173589,59.725561664056976
121.10841142819523,58.76833480321357
118.7341489979085,57.37206790493874
118.89992983788642,57.99338156516082
117.967898840958,59.3314216453462
116.92828576949306,58.08273303065749
116.98626397581056,56.51137704193845
119.16030432261533,59.35220162484474
117.96724505738044,58.79880416106939
118.28729236228946,60.858622102052166
116.80709935258913,59.055832651007755
115.1973607452901,58.09210513990852
114.83598795906146,59.254078814476316
115.76809345982382,58.587461397321114
116.05724138713113,57.056852029754126
116.34750020073425,56.99763251763113
117.58337690088919,60.34708486777178
118.08124148774036,61.07410783325918
117.49788258606706,60.291039564926926
116.54487082831503,59.98150253447875
116.24238640316175,60.50716230726355
116.60086910247742,59.64783254908144
116.27575882840367,57.83909073742552
116.04020515827852,57.91590131452707
115.48003471086614,57.59216630973428
114.67462927010729,57.01355459932896
113.47204613234604,56.13082327926274
112.67603238785395,56.05014359446045
114.47125518189766,58.82990062490762
115.55904395647102,60.19809954225136
116.95596509620354,59.284793417900005
117.07945082580854,57.480789457345885
116.96198678587821,57.70014257989876
117.78651204098627,58.87136382406947
117.41395007038676,58.93498485337676
118.56929934291816,59.77579237055536
118.70968974689022,59.67203258215098
119.5156908431802,61.59252469041576
118.74257078701295,60.125965957513266
120.58005404087149,61.53680965638754
120.79757674222867,60.94296063692983
121.47744210625416,61.71745028175359
120.73703936210754,59.97209579476065
120.05289548071141,59.875691907810705
120.76715616029712,61.81532951537788
119.12511910603234,58.09025071684387
120.38505987049072,59.13685307674599
119.79675850514488,61.291040184513705
120.77652928624221,61.217930984524095
120.12709300188992,59.46097911705994
120.09031185280762,59.17089705166092
120.18474109475429,61.64712552838261
121.11548922546244,60.370053876476156
120.26494083614882,61.666744675558704
120.82961491594477,61.069994758521204
121.1350176715358,61.068921666270185
121.9227347625414,61.08282637033691
121.09106744136125,60.01896964690779
121.10407106202886,59.81230421693825
120.37382481816151,59.61034418003968
120.00022716915997,61.81055801345482
121.08689981454172,61.6811275289222
122.2889881593932,62.56102622228229
121.36266989700988,60.25746265778725
121.20874141688084,60.37848133615033
121.14365862793926,58.880589017691655
120.19904443760538,59.834429612220966
119.81334168802428,59.73146814240127
118.74412555975216,57.44723677940625
119.31066231263688,59.36484244562161
118.36067545879972,57.52720702994068
119.78697214203582,59.964132622670476
117.82010620370247,59.97130059649972
118.39822344748495,59.00286680140263
119.0108557812445,59.190346698211634
118.35889725582413,59.38949355138435
116.65337484026495,58.323733205187345
116.8303367761856,59.637389623186735
115.59960420929947,56.98094754792433
116.69039129064369,58.87799756218601
116.79667623575592,58.22552716047109
116.7766875503131,56.88817266840359
116.88251278028685,58.55605576506601
117.63123328876488,59.519560614574765
117.6027601977953,60.21640223932236
118.14560974371226,57.63805627990275
118.50456769431318,58.56612747746778
117.97520442982723,59.03789813638719
119.07252335731737,56.89837256457263
120.66516094641062,59.87820402048264
121.76635737336164,61.27241061609892
121.87710994042676,62.81711304412533
122.54758628394441,61.63304371164622
121.47030294186135,59.447835564400805
120.63527016756807,60.83668696433176
119.74179139437801,60.75082552839088
119.14522306101885,57.612693408643835
119.96398234733715,60.32245048382529
119.12558487475219,61.38907493551373
118.47240571174835,59.67308318590499
116.94651613542283,58.45818342523512
116.23708838323934,57.19856412754991
114.55402980152722,56.484738024988516
115.42317428213128,59.6547972113337
115.24435621453067,57.576339034913694
116.14806923957825,58.91909567874124
117.48726116915182,59.89020006250247
117.93294174070721,59.85572868189734
118.24421104258458,59.24838340198126
118.35429831799263,59.58844390673175
117.9049829043747,57.411767798270795
115.7180115668578,56.91484596145766
115.87796028543526,58.02572259625887
115.16015478135527,58.77730937180467
114.14802353510946,59.627239824408086
113.548209379738,56.469446741313945
113.50145385757001,58.244861059630814
114.16873952615275,58.01976813988217
113.15847210310021,56.18163313578615
111.88212420124754,55.815247363370624
112.93139920772819,55.319795304599175
113.45921674699174,57.76011477713643
114.22995256047183,58.99266901256036
113.93593812342516,56.764837639843094
112.5303641840993,56.34081466323661
113.82464385507438,57.74381665729117
115.03882935120743,58.33954151186486
114.41999748784437,56.42045436405006
114.81005454948911,58.02402049187635
115.8757445115033,57.79138103226392
118.32904732708563,60.60392770167972
119.51112013654951,60.636258310457706
120.04911381643815,58.93233736249755
119.8234792522667,60.12152639816482
119.3613399684421,60.77214173754438
119.2940954097593,59.96731174283921
118.62965897831643,58.30674939680763
119.25728268693494,57.976147022954
119.39686079178992,58.99417795268216
119.16477335171918,59.099371336882854
118.16322590668145,58.46686225329556
118.27909022552909,57.261913736703676
117.95211012547418,59.433044562962124
118.34675914944111,59.54141232951941
117.41533867314905,57.866770522045734
118.09795183804671,59.82484927495163
117.99416982810564,59.28284701906899
119.91128063514384,59.46401036990512
119.16623507968461,59.986692492568736
121.14005656677267,59.97237059970515
124.04840427168895,62.41126503147712
124.04811561492059,60.5264351812547
126.11472472786768,62.787785654719215
127.28882069939486,62.178328548583735
126.12908386219928,63.599091152790635
125.62556534863891,64.21935042871276
126.69397089158213,65.25931594576925
127.06428983967447,63.31278959834677
128.00387187971592,62.65236258792085
128.50332969707716,65.11709642408019
130.03278812518317,65.68677329204348
129.87248226463728,63.979632739965
128.8997714756728,65.37046439335481
128.3146184986918,64.4470354239534
128.36494490147894,65.3884935183614
127.54282897652749,63.0971058619482
127.58952239263068,62.813533362595116
127.45564371149644,63.440185854711885
127.21854800578744,63.37365213926398
127.24976498067618,64.12071794117767
126.93613601471421,63.44926359852246
127.99176948914344,64.13703481676102
128.1636468585454,65.0506839771352
129.00050999866718,64.0565460833517
127.64248978529352,63.093852167623616
127.74166304269816,64.91989533668597
127.33954923310506,62.781153365069585
125.46973716705685,61.952059998220165
127.56849559563135,63.34287099682991
126.32866024461319,62.75857726343959
127.21545337443139,64.99646966142333
128.03352091047174,62.26556206315201
129.25355336581055,65.17163850887691
128.88647015965412,64.82588566271396
126.41471544705023,62.37867068313998
127.1136190692421,63.92237029013293
127.08368110437618,64.18774129110223
127.81247370011185,65.08816121908207
127.7320859690699,64.18597754636079
129.09342279585604,63.751739988068344
129.6875337202452,66.54781806756405
129.4187136182536,64.89616791029019
131.89264190441307,66.75335558101801
131.3833305190616,65.94121529605734
129.29001188016872,64.90806976904474
129.49284279889108,65.09030006757246
130.05641442706693,63.67787097624241
130.71088945553987,66.34391027848433
130.26338135431524,66.21109457055448
130.336675845071,65.96236299895385
129.5884680432492,64.93688539280137
129.26326495680226,62.520742869656054
130.0136997656962,64.25467505118316
129.5844667205539,64.80563317183137
130.38827820306142,64.48784915237063
130.231779308086,65.56387733717905
130.40738358589383,65.92773645567326
130.17400583126226,64.84443167389185
131.40056998251924,64.25484629409253
131.6023335095724,64.11472932772774
130.90790456106677,64.65460899190062
131.11704101791008,66.41610503324286
132.37803020815704,67.58582013774588
132.72406116639183,66.37457265147977
131.75580035707847,66.54963656046209
131.08433335694244,66.5962308863724
130.13549819177516,66.02088678106564
131.56356511779344,65.05035560491379
131.81782109495916,64.16444338182204
132.75887067180773,66.06409524404967
133.64814771521444,66.52734941919448
133.3913943704388,65.2325046396351
134.5521701841323,67.93716390377527
134.5026130766305,68.22065625303692
134.88536992486615,67.31739864960899
132.93449432477254,64.82065859784231
132.8879955728737,67.33761636105723
132.52301530983323,64.46735855059866
131.8011776993965,65.73366836610964
132.04106365178464,66.9852909621606
130.81136821117755,65.16718781592986
130.57252214464756,66.35055139816166
128.05547546528877,64.49356696346105
127.84824376415284,65.00343980136809
127.16887217534334,65.26237393550355
128.90301517843625,65.42775678069968
129.09721234529638,64.5045445574269
129.69693994160383,65.01918615689623
126.78822463851483,62.687010351631336
126.35581992553313,63.269122814538335
125.19283525822415,61.586726725212024
126.49854890050027,63.10765982030965
127.45712347181302,62.296682890673296
127.57352992052436,65.63244626507378
127.7322302458165,64.40479005724802
127.82858269720374,64.27250710570652
127.76434179430935,64.39549085078377
128.40020672607955,63.01476101289016
128.97781847828458,64.60501857486061
128.81584408377466,63.88093154268684
128.08051758006505,64.2058962108845
129.6789860724924,65.6901595952846
129.24267878323255,64.28260140602784
128.50995344848369,63.41905600341472
130.81627903826381,65.56142234938332
130.91991735069354,65.59413154273919
130.77033053986105,65.6254638211305
129.4240546499582,64.82960004233543
128.39527049602094,65.40150387989615
129.77330326558697,65.15624277247178
129.4662727600019,65.15915267268315
130.63332120202332,64.84556917795436
129.5824139495899,64.14758023292796
130.43058255000275,65.58500003118453
130.61781257254233,65.1788895727933
130.2536956242241,63.41150784408272
128.53999433948587,64.75012472345634
129.93533707707556,64.84780748883091
130.13742487821762,65.59529276769405
130.18461263192785,65.48265723559052
131.14361087151073,65.56582851531222
130.22074337204086,64.1013515695816
131.71968692232846,65.77267116684975
132.61556055103557,65.90150940019132
133.26828307370184,66.75716368385667
133.9678724055472,67.53953996702383
133.40744448715273,66.93120424459734
133.34509396898892,65.66297812111884
133.89374973697014,65.52069854420368
133.4935014801659,67.18866181163271
134.95521332692647,65.80046881276795
135.8863908028685,68.45981965780061
137.38773962728746,69.0587771508045
135.99991139605928,67.04263526799502
137.65131127289771,68.2095309711003
137.27390348286713,68.0793568695091
136.62148386900805,67.77632527058303
136.44186060024748,68.32730373876026
137.9655374691854,67.61654371931988
138.53501671850387,69.66836826378757
139.0468310672491,68.97439969206796
140.19123762649332,69.5697951792741
141.3800977751793,71.3190211017183
142.6400962042541,71.61486361217473
143.6910887872273,70.16412257408673
144.10907687344516,71.4628093249811
144.73568637937947,71.5340776063442
143.48971920275207,72.75884792643403
143.44532192815723,71.5037310370095
141.35930887876557,70.75273494177533
141.3689179175956,71.1572346511319
141.5714526236869,72.07869907877888
140.91688005744965,70.36574925969009
140.49323022241103,70.50025094384372
141.63767956528898,71.77186593510783
141.3808543664874,70.5819617793283
141.48891545191088,72.24904727946789
143.47258866809858,72.56658733929582
143.88466689836824,72.37164036791327
144.88656738452866,74.08596647196453
145.41856178330534,73.02315497688703
146.0652184138238,75.15730994943529
147.27327155120227,73.67957818305949
147.1333573355912,74.13421618284931
147.9539933170832,74.50404006019971
147.5453002579428,73.50019844627577
147.20569923960082,73.57565155351816
147.88671024988815,74.89112407149372
147.33956106550434,72.19331716655456
144.79952477713826,72.65778303191703
144.62283967770276,74.39466308732393
145.95314229533946,72.72033578698097
145.00180926125603,73.07261971634767
145.6286439376247,72.92902311918185
145.3010351290716,74.102944159252
143.83449921383738,74.75298708157254
143.549849936056,70.92810110623037
141.30716381661043,70.12014356314377
142.51289897067568,71.8915145396351
142.1466042673331,72.81376835780172
142.53675356092066,69.34784044602108
142.54366094078725,71.02678536074468
141.08102450765165,70.48694284561941
140.6935768620656,70.47332671059594
141.8673300909766,72.54845902689226
142.67115693575894,71.31144300466725
142.3003930052541,71.95345393961303
141.58153915902616,69.5213496102894
141.50259167428433,71.08850665002856
140.21153377788534,69.72223747382786
140.45509287504845,71.9051477307084
138.82763805672354,69.95822497827945
138.07649761091255,68.37530294524059
138.90082824577973,69.41451936169872
138.8874345995777,68.90816021560502
138.2271623586264,68.4482545099829
138.35817313376407,69.06434310864572
138.08292617301424,69.18465189378247
138.3179700214833,68.01642556159494
139.3764345759861,68.22024982462354
139.26504106574953,70.26502152960803
137.5736805680195,69.11933224580388
137.98078242127764,69.06237624770627
137.1776982720602,69.3159698590261
138.30035041007474,68.73010022872512
139.25780276257302,69.47000159526378
139.23224946812468,71.17262446162123
139.67610979900837,68.93491257973575
138.22334145429687,70.7033374732931
136.4966932599711,68.85980528108814
136.14809123809098,68.78231854131067
136.4780250611968,68.08757379593906
137.80993199249812,69.911412117133
137.1408894334248,68.94169198158824
136.22114830334152,67.22247035376608
135.37337269165025,67.4406340600548
134.63144334732164,66.91753621983204
134.79888534957922,67.89827973093831
133.38571927099827,66.70311485070266
134.12904460672064,66.97871592764164
132.82652709632515,65.37332345434105
135.0510522705793,68.04321154796251
134.9168827072707,67.16053811937518
135.0044491358399,66.9970921144207
133.36621748692883,65.03479950522866
133.6465466357448,67.21961555829596
131.75850938068174,65.56066044751425
132.58342954137115,65.01827464980869
131.94548560252457,66.4363535573126
132.18617875724115,65.46870124723452
132.6828714860825,67.04830618077418
133.59753925170256,66.19759902483486
134.92184378284253,68.78122819411425
136.02848406646802,68.35271757004294
136.75825080933478,66.90132753824896
136.15099316075904,68.28203757417283
135.0271521803282,64.55688706039115
135.75718612757433,67.02461040530662
136.07742451159976,68.70163970824917
135.56122662994298,67.08729291528246
135.5037189056477,67.92888809477466
136.4259504487685,68.99377546889296
137.31518738137177,69.17777129790652
136.71928493309767,69.57181308434566
135.42135865223386,66.83276709709955
133.52907485116543,66.53964510945706
133.07152509148548,66.79696528504383
132.75867722278198,66.93996610923384
131.44982330595508,64.51235647221269
132.49405160423586,64.88615736887915
134.35901889450767,65.5773567285346
133.60125265369828,66.47048790581472
134.32782158910285,67.57583504229248
134.21328788883497,66.74420596192958
134.77687494570745,67.30887682363222
134.9490901161909,68.23180959990086
134.869986165407,65.71658306873441
135.80288738864178,67.23262717637253
136.49690633894687,66.63728069456589
136.09363447507928,69.00826637549903
136.5762751303787,68.40180168032927
135.988814763715,69.15704075324085
135.95504444749068,65.73467096782707
136.55754929117361,66.75139995028616
137.02290321630016,67.72227867093342
135.50112348484697,67.84948964325338
136.08557198499238,68.19186426523325
134.9144352313157,67.9611418340064
135.13865442371866,67.99827993823871
135.83930116382587,66.69305775213496
134.37250207482015,66.28466211337532
133.32471211933338,65.79029794870391
134.13519072569983,68.18003826192499
134.4536659024219,68.16814539598963
132.41653138800365,66.72852290740708
133.3672230732344,66.41716371977247
132.76924121872557,66.60512613357331
131.62071992572655,65.97724304485497
131.88137287319998,68.07845885250406
131.2660260703028,66.33140843145182
131.31392267340988,64.8808392832838
131.57706651778278,65.34553758236096
133.97383300553656,64.99627498636902
134.89374520922033,68.52490712925787
135.1553378054926,66.50137038034401
135.26110319266766,67.77416572935273
135.61072590440358,66.4385843426214
136.09884203530854,68.44717006123716
135.49109994682115,68.11390207410994
136.00118919814886,67.92077978318893
135.33025756979893,66.97784462620676
134.77888057222972,69.75141467257437
134.69798900527064,67.97476572096562
135.7069207059182,68.1519627028562
136.5263002432428,68.12676309467771
133.61767827078432,66.86042324022871
134.81538361311755,68.12135274853283
134.8798793411122,67.55195030406276
134.96301901752213,68.29405838770273
136.4033173980679,67.7686782131992
135.69866876576395,68.36189600792662
134.67418015898502,67.37163438070998
132.72512317165672,66.82710192418202
131.5651397625226,65.82366788808368
132.37369610855615,65.78106255276207
131.57452509316374,65.71432994897026
130.55176058559897,65.33337511386816
130.93298966296948,65.62473408346852
129.92937249390448,63.63855947129385
129.1754017383715,65.13892690080606
128.37197445516313,63.90622854340471
128.75357458853753,65.18824351451296
128.0586242321993,64.46576791763383
127.54788227992752,63.06055699278903
127.34930102572663,62.81902053387119
125.52162264568545,63.24283381141618
125.25283485240168,62.425911171428346
123.45016814484515,61.65331055736791
122.24425706594782,60.95486751242304
121.74747392413609,61.817999361847924
121.8299284943346,61.06407368602263
121.54400883983793,60.20371115229064
122.54912248559025,60.60404536972463
122.62818540938086,60.76478530787239
123.15239621144624,62.01214018075562
122.6447519161093,59.672642277764815
121.97177988579055,60.44463745404731
123.58141790631888,61.23631946560793
121.92698818923353,61.483363222415484
123.03695941009826,60.63612549464885
122.25579223705475,60.91560474289277
122.87109100279847,61.17102973834129
121.55996747888804,60.80705580506125
122.00438678682632,59.865432325033744
122.27306729835931,62.20678038731937
120.15512871675466,62.657342100587
119.48011760311731,58.98415845760852
120.0708002102617,60.94716122062558
121.02767231194102,60.67329604528238
121.2778594892931,61.51332776743616
120.67908159475724,60.18272594616077
120.58636323832167,61.12809056173657
119.26814705011421,60.78096714121734
118.24898432737359,60.351355444626655
118.4276204626411,58.00122241157315
118.38215953662191,59.48621707714488
119.03341876641235,60.99111548970422
119.1693451176302,60.965613951476854
119.7020703549907,59.58231316905888
119.56237681712228,59.10465901889805
120.1243690735716,62.094255970724916
122.49992862274188,60.96856546968239
121.49931684758036,60.931879767354495
121.60194219888383,61.54094117579686
121.11546346238444,60.519586549385586
121.57551804831397,59.97571902896194
122.00363086194731,61.60260916805551
121.1843930635361,60.514100750881234
121.31580264066012,60.517904799249735
121.50293866454605,61.3927890637293
121.377383141532,61.192998907163016
121.67164023135771,62.19148123230272
123.02091431643515,62.5773833633884
123.60953673003652,61.05289619001101
123.34753788618437,62.75116828846269
123.5780122967378,61.50557745729951
125.53795060547161,64.63264670734952
124.92818052420316,61.28776960824211
126.02884627745752,62.94541162205349
125.37287715791341,61.25029504575899
123.80139113837093,63.16576862600056
123.12267260180964,61.77200849689826
123.45555316325303,61.625605667143056
123.221978411611,60.70145364156957
122.53160616683567,60.29783443915107
121.75953329213878,59.68800975202693
120.81171297469936,59.28571767018079
119.7638812171915,59.82353818371476
119.16297625145957,59.225710687847325
116.70968001202696,59.82064186088474
117.12538176474145,57.437024165930886
117.40165191056673,58.07076632263456
117.49156473926428,58.254907435571745
118.37736594403994,59.90634831876273
117.78404261228003,58.77640593047062
117.76594489996064,58.104386753772545
115.19898311865974,58.244333252419885
115.37203010927712,58.2386392330994
114.9662734973891,55.71684108014142
115.54723578926671,58.90887081516415
116.36577330504964,58.59459701119378
116.17702793329495,58.10494401568585
114.92034351990083,57.81817409146274
115.23510317272157,60.449909705349356
116.04868862650353,58.48296835877624
116.92698806980127,58.18593921802186
116.39384479584969,57.775468098991965
115.46931648935379,56.93029612771483
115.1823448235766,59.25242509312486
114.13917778849576,59.55040660317373
112.00048188757485,56.964700387745296
112.33305918857478,56.74713955502893
112.73690469242366,58.07775882285056
113.35356677124378,56.00741301668573
112.48437778524138,56.405809908423876
112.4159985130477,56.93753153186422
111.19319703137211,55.71927413327622
109.70749956422318,55.604412718857546
110.13498175786681,53.90245654060653
108.30968255783668,52.15734842163515
107.93719309989362,54.07259651923102
110.21352299660137,54.54455357458935
111.37242566159745,57.01860221292534
112.00001742805556,56.672689192775195
112.56173009093996,54.79487206972961
112.33138188931397,56.71220373304532
111.71750910574607,55.138821336279804
113.66743340402995,54.03823150217434
113.44540607521495,58.81855163081742
112.83531412508793,57.29795822272376
113.46228858721386,56.18756432548613
113.37829611847053,56.446697983120664
114.63175707148548,58.97266219523706
113.98620561993428,57.539926720528356
113.15171392637838,59.32558237539747
112.73491462302162,56.50590775934235
114.28911168025738,56.04807762819698
115.18773285072803,57.50073751808104
115.43174217847418,58.91303977880035
115.50903089799155,58.40303763231036
115.83667045736972,57.48059059998146
114.87259242676312,56.55343333250585
115.36556711463447,58.06794254978205
114.87410717948534,58.475067654664
115.09794804828573,59.50104409943898
115.11583945570362,56.06321003759859
115.41248814642105,56.89653196627731
114.95848086701609,57.69455671116908
115.89380910991228,57.90318431028928
116.24619661610487,57.69126063808234
115.49093877223112,58.150512792127536
115.92438687779364,56.94822283912731
115.5916193504709,55.4189913131882
115.97156012727383,59.326116673684396
116.80757267792244,57.82827035627231
116.33356308288324,57.382490771660095
116.30702186409837,58.88004704954014
116.37833485166266,58.72580310725042
116.42200161496204,57.21356374109576
118.42433126161157,60.32144162305018
118.77543350218427,59.11037390411704
117.66314735408491,59.18089375678087
117.7801985647899,59.05672424556291
117.25168652608194,59.62464418170318
119.65569460550613,60.866012744400074
119.04552165702647,59.53498247688795
117.97022732415708,58.917725857339825
118.70122028175281,61.167665791371995
118.20089169511292,58.30406637419993
117.83806694416305,57.61629936283069
117.62118461806058,58.773470644842355
116.97209629411344,57.54519757718406
116.57974627876509,57.90894731251238
114.43687831470007,58.00881215863913
114.3530928878249,60.09280575492931
115.00279163434232,58.511985936426704
116.85388525983312,57.851805972425595
116.9376236236289,57.885778801150636
117.77149854229377,57.73532060938291
117.08423178035626,58.872547412405396
118.54151091722234,61.07385840675287
120.76785991946876,60.516756658788175
121.12426336079814,59.32166937757187
120.8196428012712,62.37591699515612
120.9012908486645,60.952480135024075
122.45497162609428,61.04413094847251
121.26861369950942,61.889852458957385
122.558703832036,61.47838810670753
121.61908216237586,60.80208183544982
120.84460002767706,59.708504961301756
121.14574563092816,59.2505395443778
121.81626203814193,60.439528522502364
122.80334489412435,62.85370562861617
124.24238152622323,62.49422546459534
123.1714315351827,62.05709101596845
123.28405804514142,60.16279233593266
124.08228870639904,65.01349626552543
124.3916637573257,61.84189228010593
125.5401890971121,63.037915986646695
125.62029006691039,64.75506886675602
125.37234698092921,62.80486675415336
123.21555668339602,59.47504214832808
121.41408151119131,61.52799794896007
122.22928926798241,59.72882237852232
121.14346502560915,60.475217024224754
121.48605607651372,61.10326363590684
122.16509435200453,62.63687106375711
122.08955694611164,62.82441860792902
123.12222284061023,63.19111821476111
122.52761924667679,60.861264218881615
123.14644485567847,61.282895590274386
123.06276256819844,62.11570096379593
121.64200656236169,61.30857602907456
119.7116584085811,59.412162841753634
119.5591205513725,59.65610890616638
121.19384187699336,59.36631400883221
122.37245210671846,60.6848314890228
122.87535007670475,59.78705131400469
123.69414775095107,62.25371553957306
124.61571922909567,61.925522381161294
124.41041063467138,64.06855264962971
125.73452027487748,63.258488234844016
126.02834733854222,63.255754158479505
125.56310207305079,63.13263421108514
129.39649113949497,65.47906082733553
130.08879914592646,65.11837070706035
130.00731261130224,63.674915969572716
130.7992025248697,64.70979313300248
129.64058910483902,64.61530713901372
128.47203062527896,65.00816894624259
130.39868542346213,66.34430719162356
131.0495011057647,66.74875384655192
130.01960539238962,65.47842237973552
128.4516628106943,64.74555474720283
128.3766461532174,63.38530150320954
127.37191302978475,65.4459262641945
128.70090654866632,63.59808248751642
126.82027160243891,62.78250150802259
128.0479607619953,64.29514023690207
127.05543800611434,63.668004508083904
125.83124147203105,62.48498930986672
125.88233219867844,63.33132428673499
124.63623967091846,63.2094558537479
124.06252423369234,62.793496413203094
123.51368463039177,60.2317077977237
121.11236584592797,60.670804720398614
119.93513708693429,58.814225102622146
120.27166234436821,59.841909734729214
118.21014175717887,60.340562170148516
116.85101771208545,58.80932483186414
115.9319201673889,56.022542306520826
116.83502818368586,57.90285541076443
117.73866167456073,60.478803261501625
119.20904594702625,59.81589069850538
118.2417126515467,58.43892190511118
119.04119300273844,60.359869298984655
119.26499945087409,60.03925198700485
117.96169886770991,59.33761410387575
118.46721340398278,61.480021319384996
118.4458022270068,61.8822768798745
117.77155316121156,58.622446039933074
116.68022944740541,58.14340779771778
115.05736610359449,57.93776648569007
115.5399974635649,56.67863357554502
115.96586122776809,58.190580649227066
115.66319248260511,56.98962031547573
115.26557886529892,57.07325447745559
114.65308696796208,55.80933329070387
115.39506902173433,59.311748271086934
115.57318844298058,56.36034002510416
113.78078705485125,55.509283533043536
113.84985409028494,57.00581305702907
114.30301187755562,55.863002800519524
113.68718911245148,56.74627775963049
113.19740475416545,55.9717942868909
112.59238055848223,55.75242106223873
113.20624340032126,57.37837489820315
112.78877855856925,58.05416432216223
112.74348668355222,56.39472245396766
112.81297794847225,55.887784698094045
114.33876208125758,57.366428080209054
112.82151673562134,56.29994691336567
115.13255858487643,57.12311118611345
113.91377720621286,56.14693986088249
113.68020708710742,56.567435501975595
112.85753250121292,55.77613801374048
112.97488424075144,56.384222988582
113.51165511026868,56.2849418802413
115.82771705076547,59.01915255157907
117.00768253618045,58.64759243819577
116.31891322839566,58.11978794665139
116.52814066337153,60.296602335489055
116.6380703563219,60.51161115657039
115.96393146955366,58.019561553786026
116.5470180838194,58.008188503931294
116.80602418274451,57.44168466812542
116.35417592016132,58.60150466720319
115.65771585189125,57.39848767898591
116.35909625070559,58.976954202534024
116.23584581734458,59.290936242656805
117.42151938131148,58.026898622665456
118.27855392493875,59.825904397932874
117.06291707943129,58.89472544027081
114.95528512850662,54.49986281789619
114.99182974593157,56.56744183223658
114.3088683889873,57.34200831769697
113.2647403996705,56.22991328403696
112.53480988846417,55.98265892901213
113.97454549920764,57.247793289571646
113.74702379269203,56.17946359415794
115.64043102234506,58.829190474205724
116.41538375904561,58.42452162242141
114.67167855321581,57.42796519121145
115.11247529790957,56.325985068996246
116.5990977360046,59.28934501326001
114.81338477029132,58.59592491628019
113.53970695888293,56.58340482674016
113.4267591485863,57.16291181152239
112.87369688681656,55.950990051523654
114.56698386115438,56.84474038204728
113.70196102330574,57.509783320052186
115.40608546832019,57.27663435499556
114.00198207173838,57.00579039696461
113.14270555957079,57.09798152216476
113.47395145271608,55.792292802937816
113.99394750081056,57.825098406080514
114.14772238339756,55.49820521120475
115.76329074834814,57.19158048575913
117.58841959735004,60.007790623448074
119.56969173693797,60.81584678870744
119.48036342293153,59.82407479285261
120.36700349535525,60.19198193257645
120.10271905899752,60.358680376308726
121.5490543911162,60.360820548438
119.23633390728187,59.78487715945415
118.5952354777417,60.3292383552082
118.39210997983702,59.68278172648845
117.91510960462237,58.07259864406118
119.52546324527634,58.96170586799772
118.14327074216916,57.45441807625563
117.33602458695532,59.91913089747988
116.14370457246466,59.13144610265182
116.11584871323574,58.93683988223816
115.21770111848303,56.86096138944982
116.17844523440002,59.89368990494713
117.08877710167535,56.70031651370394
114.98172365336403,58.56880798086593
112.8578249934286,57.359456973348195
113.69257709826324,55.93049938251449
114.09877641818044,57.213028877460054
112.5120563128312,55.07237870020773
112.48935641409219,55.83359095453444
111.25728844648819,54.861771617402134
112.07558251066865,56.69009649784868
110.76199893059122,56.8235153453376
110.15184165037782,57.16289655992998
110.63943436560862,53.90459728163273
110.69983799923773,55.93009352287619
111.76711421934453,55.623869903420285
112.19767123435042,56.43639111300482
110.70515880289645,53.796890423080356
110.95376256802943,53.39866044917262
109.83148735514682,53.55248428261512
111.29485315067636,56.92331133397438
112.89104440667604,55.15661307369397
114.04255443154942,57.864065854033676
116.26032390110748,58.12430946823007
117.07515904078,59.263987478020944
118.56809244841813,58.82791470464096
119.52822128682072,60.898693863259936
120.42956892986071,60.321102672765626
121.31345729783995,60.62629495205742
121.62011399433635,61.04036229977248
123.44330416334194,61.65081414801135
122.36062740584653,59.98942177466172
120.79655385861403,60.33781893380466
120.03358145822169,60.44527088129278
121.63808373015955,60.905237493642545
121.37913558704605,60.13156096956526
120.57049814895963,60.125386531857636
119.72957627390859,58.87409478688668
120.20301946655093,60.483106457517344
120.15501000618511,59.61931489970683
121.36731363276958,61.081218550676155
121.04980825371985,60.92732410182435
121.97275243637958,61.60304956738441
121.11316557784168,60.850634776964526
121.66319559304978,61.263333051427864
124.72459035121365,61.42352441732956
124.53560616650276,63.30502569375129
124.41963606655811,62.42834302963234
125.4074092383171,62.96194447204378
124.42660215246967,62.384203000430794
123.97788393041841,63.71688492442655
123.44329414496707,61.15622069848667
123.71118542367776,63.47454770496635
122.34752341579791,63.933595609927615
123.79628394326852,61.999654503247335
123.94645487536317,61.46873122817402
124.14527394064817,60.39824577362101
123.99540741046557,62.45744050508587
123.97567074547722,62.07750269494452
121.66950393445266,59.73705151703704
122.96397575027339,60.77532295188837
122.09559219933737,59.04990960691632
122.93844663150149,62.14344982810459
122.8006346382116,59.89086961751027
122.60690554404025,61.06648734076327
123.12341640379869,61.94777726732109
124.82800153159864,63.30373146111405
124.74959545436754,62.426468172960526
124.18593215276853,61.669819239633334
124.67291877997943,62.7216576124597
122.20947056158452,60.42487569649113
121.36230375513988,59.87850812795015
120.38339595918758,58.61592860094015
120.03365994569525,60.02304173858722
118.6745304964165,58.429534192858
119.53564451311343,60.2011167395058
119.23897733788866,60.65190237109373
119.39125235411841,59.19951258484772
119.41894572426858,60.0734803029732
119.11636228899795,59.76858536498957
118.47245062112765,59.08989832843325
119.78020769542572,61.340482833175116
120.62477615820757,60.30234360329188
122.13725788789917,62.031078162183206
121.98996315790949,60.6929590130975
122.2817992556374,62.863493962866535
122.65479808037693,61.278830741754106
122.33853693700846,60.60942630590501
122.31434243240824,60.96629398479783
120.70299880998957,60.46830895011693
119.52311752106279,60.389451146043
118.612308889478,58.69124746730581
117.47914870365553,60.36118551326042
117.92566816715396,59.05691256510623
118.30303681308136,60.09890623225655
118.72404228549064,58.53771524039181
118.47543107348791,59.61085786747254
119.50149445311841,59.321253556331435
120.43381771392704,61.23000493685412
121.01891424708003,60.10572787619204
120.69615956690214,59.8424272005953
122.25678993105952,61.196540081581716
121.07696033978222,60.56685191616271
119.45220356372069,59.68435407772939
118.15750174862855,59.13750220067226
119.37811149213057,60.493920577851476
119.48544063812774,60.81499323020242
118.90661837551787,61.13589943497219
116.58814078440093,58.55733100861286
116.3727438212929,57.6530447262951
115.38880168750916,59.533003111110304
113.30426749915856,56.69031228015248
114.40786735473324,58.19450546036651
114.45155903872119,57.410171363959
115.85551805995452,58.1513630626976
115.85004902647424,56.78068990476938
116.42495609135193,55.944469118209305
115.74462003750519,57.66755834141347
116.38298143199496,58.15018764097194
115.99210712601872,57.514474372940064
116.6157785626408,58.356599363125966
116.84260118142784,58.46397978831352
115.7585135619076,57.65273987537411
115.79559683413218,58.286203646419715
115.97860200335249,57.83639215307242
115.29249515055277,56.62145217916158
115.1944377087284,57.85818768729084
116.14232661770062,58.19397148069758
117.39630676489607,57.961602355969006
117.47772967151997,57.10863773376239
115.21749921859164,57.71015057795054
115.98796991742839,58.37801072657334
117.84907118754678,60.1395001232331
117.63432768286003,58.34626219686903
116.79346900486377,59.15875149036363
117.11663420259191,59.5665570515397
117.3481483358495,58.12732007682257
118.25245903527923,60.34281873607753
117.64365896007881,60.685510631561634
119.41475431986616,59.34658338626977
120.35287177623471,61.09571816650396
119.35906580184793,59.21763675804244
120.42004791892468,60.67793617275288
120.31409793460114,56.69455681318881
121.03176186948183,59.91438103098458
121.42034277046412,62.35726688773506
121.49746851060401,61.78538731090441
121.83781457693738,61.90749061880053
121.4383529811574,64.22264027813719
120.72499242372557,60.21187883821556
120.5129437828386,59.416282980266686
120.25194224917803,56.41808330395185
120.66778344452244,59.3761355330376
120.87981510572448,59.06454547426067
119.28041575814974,61.37613032432456
120.1409410307179,59.88600688623368
120.12023532691116,58.8385124348143
121.00150544811834,60.66029475847951
121.70665091520506,61.307787371295134
122.00294974798601,61.115346988707756
122.59397840424536,62.759303679179816
121.18363190051235,60.633936609838244
122.76056827607052,61.56585711256159
124.72383569927479,63.09195043941759
125.38689044783699,61.901331207170074
124.8987637216898,62.77460422838522
125.62238186430149,62.596992155434265
125.31308714219713,63.820070132132386
126.97133353081637,64.28385086594889
126.56240646035677,61.237253980766205
125.43195453133623,63.6819843343461
124.63703729696941,62.69491788478238
123.92654339385594,62.05889103140332
124.67925631626919,61.08535365916049
124.66636359881086,64.11462094600041
124.97643995113734,61.910098571526184
124.66997433219792,62.71044328390425
126.02067967611744,62.31297168805227
126.07051838018728,63.82499978182279
126.32660094182351,62.592517735154864
127.9358083646893,63.76630934933144
128.27134066012164,65.1570711413033
127.78704450611707,63.85394934509462
127.58039022846683,63.59629647446138
128.75609300078494,65.77801154057099
129.17531219469333,63.0181845660356
128.44119945250196,65.1803359528972
129.65152143437163,66.51052273280347
128.23404742607616,64.04456963581521
126.12613034847747,64.2335483593618
125.18430030015301,61.6846917046441
123.33170609695362,61.74598538442071
123.17243858848956,61.94949161243039
123.2433402030038,60.43747144544277
123.01260555595147,59.4596074452282
122.4755448791178,62.49373271171075
121.4578729182771,58.511352574250296
122.42002553092885,61.81604064552809
120.49304872933723,60.10758915601152
121.25360771501221,60.54539990276592
121.54507094054314,62.112865710090574
121.50892900127297,60.80366258372097
121.9889796791866,61.1798119543131
120.46692552289397,61.116036057088
121.47705771417942,61.07961221146561
122.01843407615021,59.68271735337237
123.16311768064018,62.037294453548526
121.134271705069,62.629576547604195
121.416190466577,59.79976846959442
121.3131174010322,60.86213422788169
119.04204750953456,58.46014523726862
118.73576455920738,57.625369061265744
118.81723509764372,60.40078464657598
118.05728744648519,58.972843427004705
118.46715774219372,59.372675610958716
119.05817774279869,59.6941950776159
118.63620205088547,59.97200619880258
118.31469342004247,60.112374284422835
119.10916265902429,60.00097952335736
118.15349016948545,59.272164998633684
118.67883067530644,56.988822060726754
120.03199075788713,58.8322653935332
120.02542768322746,59.74879027718657
120.42409675066352,59.68306680628042
120.4750189019743,58.92323735734461
121.32137916741229,60.80875139759462
119.84290964219545,60.14254543347557
118.16127503794362,60.503758500536485
117.32885562577445,58.10523773048888
116.73672521279323,58.996083299288024
117.73089357034088,58.02889252417494
119.12374550053586,59.50098024413379
119.72786960745758,58.050847617494014
120.99907622325355,58.7008279147405
120.61458190873556,61.31250377776885
120.10024120635427,57.773714176507355
118.58303107762097,59.36040342642698
119.76457375459397,59.32825211750238
120.32115823337006,59.65783176654015
120.30050392421425,59.939635376864665
118.97116895975505,59.717676052031706
117.96930235944703,59.35716178419633
118.47397724028959,58.69694223672417
118.48270476030903,59.13519234356565
119.5948968694059,58.977240403165474
119.79643693211287,59.36549667505585
119.10851722313951,58.12572477039157
117.94203507900856,57.893216592964826
117.9506185560635,57.69766739927464
119.5971395043926,59.40679691066042
121.59198761875238,62.131164730899066
120.8679643414094,61.22171897534578
121.39297551604174,59.97061340521898
120.68205578262722,58.79524659182167
120.95535932930802,58.984727790370236
118.13761509387565,58.00422742710277
117.51531753489628,60.8126926344507
115.71710935933658,57.585864947741484
117.1797835337936,56.921754671267436
116.79751883341527,58.93288843914923
117.26770436756205,58.08011008758911
117.30716623459242,60.562821462076606
115.97771145957962,59.00029493691473
116.60541751003345,59.25582747614111
117.69485447298844,59.45453443325451
117.92719102626299,59.224272359625296
118.48752452658434,58.651491793089676
119.60737136442744,59.9473518671784
120.18947109781709,62.03026780450679
120.08038855125545,61.38687422343855
118.46123223328551,59.444171762633346
117.62392102861085,59.199742787248795
116.8720482311795,58.582969573043385
117.64123885961077,57.64969321475923
118.99485630705132,59.38487793096333
119.03395236947088,59.774940361408426
120.0440752077489,60.51872438349391
117.67048130653615,59.01967791791768
117.96833795440945,60.740968348190506
116.80904467695926,59.18965504022065
117.7711941730547,58.19054122144488
119.05620747161608,58.515256474169355
120.20869388730995,59.551157033052974
121.03616946801185,60.28880440320757
122.21201540933633,61.83948373652389
124.04657814062041,64.24195051520975
123.5732225249713,61.28706752487245
125.1922377094426,61.12616758540326
124.92250407640714,61.96812708255188
123.60908313852705,62.14377035231259
124.26637092015272,63.023255686364685
125.09232824596361,62.357508861131784
125.48049843556406,64.27104319652389
124.90840815095525,63.06808011482794
125.59066296553445,64.41813408570505
125.4376843272737,63.68320504548019
127.96615465072877,65.17153297986553
128.3983293015273,65.28612548871872
128.88708619616673,63.94498551806136
128.45440561075742,61.785992889732015
129.13771242809278,66.05708424953401
130.88773465367217,64.36332809930198
130.25730133891457,64.45267830068698
129.97995687022552,65.98183673294197
128.15632808429368,66.00353937762947
128.15943553235203,65.43434593922501
129.84250752300844,64.74090256293233
128.72230115123782,65.29671133624771
128.39739745224733,63.46492488433902
127.71088823404673,63.54513777258857
127.49119043169388,65.29688062005303
126.77078926670795,62.25128225427808
126.46422626356936,61.466254119434765
125.3980521038447,62.02262269244346
125.65363145987476,63.56016581334648
126.66582217174211,62.50506732432161
127.47346547717672,63.45573837444409
125.65497837327128,63.38228966793009
127.01583421239339,61.66576483931684
127.77525870809392,66.33618416476072
128.9532415519675,63.53870079094866
128.12009086776018,65.78276750584001
127.5696564433871,62.45520798635031
128.28846324781685,64.11713504105833
130.07663133349607,65.60580667600264
129.17429600921815,65.70212258636201
129.49648531083216,66.01315585222642
129.97838825811,65.31463368356312
129.6723308411835,62.90659363682065
130.06458437533124,65.23169250190661
129.60253496674932,64.49052007032151
130.92553490568358,64.75872556323891
129.3588663391498,65.77476579837457
129.7094097244558,63.48534868712578
129.24239378460135,66.67655626293461
129.22136333775816,64.98115351950432
128.35901899893622,63.895860311014545
125.41075429787993,63.2851928545421
126.96505179508199,64.59875163217319
127.73209987525385,63.50938360573569
128.1960072302596,64.77389418259516
128.21313863041408,64.54706398266654
128.5733245110368,63.73712459351208
128.31490221866412,64.55332740061176
128.48652003687297,63.66726061994986
129.93141119076463,65.45980571183239
129.367767711119,64.26837405297863
128.56771841322504,65.08500477464344
130.48974959016817,66.28748681037659
130.0663240676132,66.36408906394051
130.3510229971841,65.71627257946479
130.2439984856659,64.17336994301102
130.89960063330184,65.01120892887947
131.60505246311146,64.48415567793595
131.79012480956337,67.21654559292165
130.88953633005747,64.25677832750954
130.01429642196422,66.2236322768319
130.15248172901977,65.83518735993435
132.0306086658172,65.53339981924458
130.32054387688973,64.59966528124676
130.27853914576548,64.62218429573629
130.8024048394399,64.89925451003012
130.29504342607976,64.7201599523862
130.5841265929638,63.65410013807346
130.5385274458942,66.84686932243085
131.38626903754462,66.0963542774762
133.09087018355214,66.9573823699085
132.83371753349195,68.03593604314793
133.1856613526524,66.60394072248903
133.68440695701423,66.48367382626178
133.8968511904118,65.73887808108441
133.95823233118014,66.17734917508515
131.88325066303602,66.38096188691203
132.0271265546322,65.9359620433408
131.0152974046087,64.58996127953066
130.6282769435082,64.74691369995872
131.10027559924873,63.88486411843289
131.70453624152296,64.50787821706176
131.29581928109172,66.27513124104534
130.87050272142395,65.55832572357907
130.62422586647423,64.9394321547706
129.61321212390385,64.6719260618039
131.18302439316534,66.53088282093164
132.94197300535393,66.74945116325296
132.7847495946824,66.87108148233047
134.41131106670733,66.11117082180809
135.20926865993232,68.0126846748759
134.16984241309223,65.9383091421254
135.10852620089366,67.87530247566438
135.79872319868932,67.3837728332227
135.97900912167685,68.98601547900526
134.55764075664857,67.26875078018045
133.9882301486313,65.2588869761474
131.72522527141115,65.60015932474711
131.71688189562965,66.1445655705475
131.4505016341275,66.41455956266763
130.36352701157992,66.179456672399
129.14154956337183,64.8245037112304
130.4832770753867,67.0444521014773
128.9961802611631,63.12430362081641
129.74051877742613,64.54230904108164
129.86277038225435,63.41764525607253
131.1080452458593,64.77435020169928
129.51389367139632,63.42412879532062
129.63698791443974,63.90710083937713
130.88980766344415,66.33329377181627
130.74305475243338,65.1159811658322
129.35743973718067,65.9868300075024
127.43687857886016,63.97814015635355
126.75685263250459,63.999142571666724
127.78006019301868,65.18620331844792
129.31499256425693,64.02252484593016
129.39169946607782,64.38996746524742
130.2911534664608,66.11367628438391
131.30522216358307,65.79791063291617
131.9258677641307,65.33813100700043
131.11279631627528,68.42570252035058
131.8544488225569,64.08467287468441
130.87503334668102,65.38112770254901
131.0082116525787,65.67627311370218
131.82144069001149,65.57313770893147
132.91853257673026,66.85047243600208
132.82577401298423,66.35240927741988
133.9783642542971,67.17513807094076
135.5219877700751,67.8611374888568
136.5165181811111,67.88330282914049
136.5053960393971,68.61794556350507
136.8517090258321,67.07905610820437
136.9125661839159,68.6609588327267
137.00633667727146,67.35026064665915
137.77032368582016,69.94811225514057
138.89978257343134,70.9939640808262
138.95749483401255,68.81187645849133
139.742922721989,68.18012858077462
140.0408389684403,68.28471496085213
140.24419781288674,69.55974633898921
139.32339819061852,69.22431196126652
139.7496650672815,70.02839806499273
139.68526003108158,70.56291847298614
140.02105449574657,69.68697589739273
141.06900299996104,69.70544478584702
141.86357532559995,73.60464339280074
142.62112957158092,71.34549121178603
142.16774164536622,71.2491527468924
140.62320887011225,69.56295079033505
140.28077934145062,70.38244100706103
140.3062518866556,70.07044477031347
140.5396690320212,70.80643127935014
141.92100711393266,70.82532207637476
142.2593695893754,69.58384414418191
143.71559843554996,70.42587112969976
143.35701967284376,72.47828699733095
142.32556235185746,71.74968777779179
143.22225793768746,71.5084105444193
142.14984093507914,71.62415785349421
140.6376334815233,71.6740994851134
140.12521403290245,69.09003411536426
140.49647172224266,71.4164114793259
141.62141061041066,72.61979139442217
141.66950955679573,72.10924510547156
142.6029085449381,70.89762514465237
142.62036988429148,71.91485099913716
141.04920511664977,70.3567142863122
139.99865787792163,68.94157089223076
138.38520520888625,68.40395641182461
138.22058999692254,68.58451804670678
136.191957870418,67.62850721390134
134.8114287135421,67.3397465575207
134.01805578331533,65.61399560054642
134.93012202551503,65.48275208232721
135.48311385821145,66.89883428839754
135.1307725671903,68.51816565907716
135.3491690649,67.70495706388793
135.12485527646712,67.92614968419257
137.84087809346684,68.33105420822825
136.21754024647316,67.39303554277784
134.2280791267795,66.93951837086414
132.33996111366505,66.35511343669647
130.93992969593134,65.8432564698503
130.59804822621382,67.20421352077608
131.51959619390016,66.99287799652981
131.28070325521813,66.25893370161877
131.0097958510438,63.82003616734205
130.84990438471615,65.03461921711914
131.0239974404418,65.27744482204898
130.1023798179166,63.92209575305392
130.69948911040234,65.55751979500606
130.62521403288596,64.89138616962927
130.8364637174578,65.2127887834417
131.34763531216586,65.81810262506218
131.87821310472964,65.14402048802665
132.6237232510623,66.68972441300053
131.7384932898596,65.29402296590955
132.16881884978758,66.04832622682963
130.6087484512693,65.58887894428882
128.51164323093033,66.50504479273702
128.10260311489338,62.76622917204836
128.46187245957188,65.70665517618386
128.88986244587366,64.54766527201416
129.1962327173323,63.71560639756261
129.98352225278595,64.60973841869983
128.20191613700186,63.35058532868219
127.61418886116348,64.68536513946489
127.34041498797612,64.3327051607087
126.49542625577298,63.90833019154211
126.76419425439892,64.24217150571275
127.28211187901333,62.53361834049082
127.53424380636332,61.9622472780742
127.59604390678405,64.30084598711069
129.8122825722191,64.64886108407745
129.83736865230077,64.02169398090784
129.81496480699286,66.05531901126562
130.96061936021218,67.47809045092256
132.69822764433323,67.68159129158195
131.76618944571973,65.52185436562873
130.75388025428038,67.48107582892665
132.0357511113382,67.6336562838894
133.09627198294112,65.4235289194303
133.88913360651276,67.31092508224563
133.60431822675454,66.7403914634455
134.2151665069693,65.91893227056039
132.80506004756282,66.82068209775296
131.650881895016,66.19409121599652
133.13871563696821,64.92468507805764
131.8780350927464,62.87775756619729
131.69090998388052,64.75953842399663
132.27416434609952,65.40440195494207
132.5478697315414,65.10750005552846
131.44774781536094,65.21017164723662
130.8369900090257,66.59286480079439
131.3704118305237,65.86642149134614
130.90863399888852,64.47976228526471
132.48112260885907,64.61219323543384
132.30867747553495,65.36908698017098
134.0449189399395,66.16555710884336
133.98868346166864,66.6573643890775
135.1494006424022,68.37599482252918
135.53491355060092,66.19340169240854
135.55916064220395,67.87541017916429
134.19592511878875,68.15976468564683
134.7162325108289,67.6379392820986
134.74565173980326,67.49576113206487
135.04673095917454,66.53417502237872
134.46937436366528,66.64252265473296
133.49997678624803,68.47888270658981
132.50471667971465,66.41120065477463
132.34527999235965,66.54993166637732
133.1764496182769,66.29533551525417
132.7799987230954,64.50610707680192
131.6324117619078,65.82637573346126
130.74942311566556,65.49572311262813
129.55871301929096,64.2239687750526
127.89185804346916,65.3180843256916
127.44099445758131,64.50097981771452
126.71919035744449,61.910607044080514
126.28395071166008,62.89911250648104
128.04529377547755,62.90624072557526
128.8867939059112,64.23442524117625
130.22803900025662,62.317188537957335
130.18282925912402,65.28773451586379
130.37469391070923,65.3583104813777
129.52597727186262,63.73364148049398
127.73950563390098,65.42598751162124
126.13001911130745,63.56537161229157
125.70568678169137,62.87395007573424
126.10269404969267,63.22357497054112
128.2221830480119,63.90010388786603
128.0820988464673,63.442825104915634
126.52072175710428,62.84387358510659
126.08616943462641,63.5958656053315
126.51519254060491,62.26754485810209
125.3170917048541,61.55368547313499
124.78078400925384,63.48926589675251
125.20808046049248,61.91431687807766
125.26129399183692,62.80689174008527
125.62802655438576,61.777949659469776
125.63356329044313,62.709506038131146
125.56157105027604,62.09554812966021
126.84640765868905,62.738977818461755
127.68093407139175,63.753913800342396
127.88501224164514,64.22393153380683
128.3607488200433,63.92731906979116
128.26964156285717,65.49685762731767
128.18046815122122,64.36312411708883
128.5470249822397,63.82052648337076
128.72196000568465,64.47605133115778
131.1864257003125,65.93827099534234
131.4112396193796,66.50740651148003
131.8052321001417,65.27268991241868
133.87821654364174,65.2847026992363
132.97220831926592,64.8631915819671
133.08048754111445,64.64859655547319
134.31392247575795,68.1779207337186
134.52756232055594,65.35618690132122
134.49372973257516,68.50762472740799
133.6890299461085,66.93421511043348
133.71643676218326,67.5098687601346
133.03524317313756,64.84644409048997
134.06493426441665,66.54941378187506
134.6274776228972,68.27744571451791
134.35765507864468,66.34681314577165
135.49524503716648,69.191753165024
134.51681263586508,67.73219591440237
133.69002458487532,66.75582246428377
134.42806976380578,68.46092912941126
134.7124017338278,67.18651045265129
133.6116953210515,67.03414170196707
132.89533343369868,66.83556966682322
132.6795127459642,65.01403790249944
132.06381659478643,66.32549851799887
132.2755118689808,67.15506362735235
132.17817864931123,67.01649854377197
132.66178566633138,67.80036110734844
132.6059390207091,66.6150875477014
132.9589661956201,65.59006805957672
132.54599248525375,67.97064486527202
132.92714062678547,64.76934027768469
133.27193337102074,67.21255376071842
133.96078712947647,64.72324631788794
134.3037500217773,66.90047149145238
133.92918192614954,69.05734205555424
133.87141884143483,65.37556845647205
135.1372930422198,69.25367903556301
134.88699585331207,67.10544667172535
134.95632480837617,66.7395967737409
136.49813260983268,68.04804007481015
137.12463308753718,68.33784123678925
137.79555641876047,69.38898565173211
136.94634188751533,69.12946773077074
136.0818765318209,68.59237594675888
136.36078361510772,68.46024343349721
138.42270179776497,69.00447180109198
136.68348291315093,70.06832584717813
135.0541352703949,68.62538621503792
135.59970774840346,67.70739416714001
135.84840396114512,68.18133127296716
134.89839245689464,67.8723253292511
135.77015819743556,69.51750522111787
135.95083782658557,68.17610202303713
135.48260419369925,67.93375321421193
135.3954569446617,68.32444988418312
134.86448430292484,67.82495674793375
135.15002615136441,66.81488142100619
134.46099300526765,66.0877453281918
133.35615640787682,67.46907810596896
132.64929036006362,66.72178532895987
132.991354290454,66.72995342863567
134.06480414602112,66.83152270484302
133.4376442433612,65.9952961891208
132.43943188730995,65.97531356579611
132.7102409478244,65.49418566489845
133.77195440472028,66.01416774339395
133.39127863400716,66.34338731037118
134.8373974387332,67.97026673305733
134.0743614763483,66.38266209088674
135.44282265590815,68.3197750592146
136.0987914643474,68.90286515664548
134.4538321938759,67.32313541049987
134.95601580198993,66.94507233901228
134.73200572510234,67.9447120627021
134.55315828879316,67.8883278305513
133.83839436436875,68.95915851166494
133.84670712098028,66.93885031872419
133.2060426011969,67.51382031703956
133.32739361266246,67.84325992984174
134.34288514142588,68.80036283492102
135.65817874089885,66.13387617563154
136.71729098174018,68.78600500342628
137.55378706385503,68.61844256170558
137.96664492645934,68.49996398985145
137.76467278107054,66.48092075667141
136.67845966102158,67.50793907597559
137.6452468182101,68.41643941869145
137.21334737724956,69.25853763487221
137.3845536511149,67.80727769823199
136.05864015158866,68.47635409375532
136.4749241910083,66.94944080769247
137.798214754749,68.8261060424618
137.70094737997283,69.2634471959082
138.5629878517822,68.56570091697002
138.41091461037684,68.6037349197536
138.5620133568542,69.4155581507815
138.09463597639362,70.7282714954019
135.51430295239712,67.77758406909851
135.85697164261492,66.72042066150438
136.3165791321648,68.1865445177108
136.866472684,69.30422938301301
138.5001336472115,70.80918027313704
139.37856767470984,70.06437609459827
139.81731147056496,70.26313865048807
139.1767461010291,69.87690429749667
141.9815414998721,71.51733951107316
140.6760273237601,70.75985219413451
140.3036667502782,69.8442170936063
139.8245509001499,70.7695490078032
140.8572303864928,69.781342713333
141.1795769481505,68.80540713669144
141.69972883895795,70.25511250032412
140.00946039196742,69.3579216598265
139.50422188013397,70.1187189848815
140.50606476106393,69.28527525507741
140.0188018823867,67.46669480178558
138.81721072882755,68.09064961021804
139.01739648465525,69.03205978334853
138.45183078346273,68.15416746438487
138.45466786973924,68.20558080844361
138.8022435818992,70.13483596241143
137.85562428854507,68.28240309973505
137.8181414677471,69.83125526180727
139.13201224149168,70.20565664902517
138.8899114401763,70.14212879246534
138.68997033467733,69.25417513281602
138.15364730017612,68.53301023816277
138.49031909457796,70.17119158894096
139.00385232672542,68.99878269104452
138.1693376106321,69.50493311402748
138.30831126186277,69.32243904914266
139.94146396771998,69.38040799022112
138.36667308995655,66.96540009435545
139.3515692314419,69.71435181425763
140.23708439599665,70.6471948438479
138.77382576819673,68.84043191321612
137.19273625149646,69.80747926341863
136.65723157588587,68.04570210815092
138.01060242623637,68.39026439392657
137.3992751733856,69.39400232277741
137.43789942590848,67.52663512671866
137.55903908285953,69.2940001365509
137.48401675851935,70.766755856554
139.4209562096254,70.31460499411311
139.69922401167952,69.61810872223045
138.5676810735725,70.08531067103696
138.85947921914243,70.53186293423357
139.49320322788597,69.73184676068753
138.4534345561413,69.50394761116596
138.6413446876235,70.00735266106574
138.0597789962094,70.1009254553444
136.79042877402748,68.07896402294307
135.9091222810142,68.10223870940749
136.69583719587243,69.6225515820963
136.53363570215768,68.52736054667142
134.93046312154263,67.32539555797901
135.63644342220655,69.75183880138275
135.33433275955335,66.60533454774136
132.45951724835217,66.06504724045791
131.39772015950487,66.45864924216541
129.08876183724882,65.58862271241503
128.4738398952152,63.422133346879995
131.1530063206739,65.70455527821615
133.13615151723977,67.02070146205638
133.39641562884796,66.03878792276993
132.56190258256214,66.55810441712906
131.40967128448315,65.65374101479824
130.67722631526266,64.55917324182518
130.91116994788229,64.07292578400796
132.13930766921317,66.1403430677416
132.1902882922014,66.59199764946622
133.4136287737411,65.91463587683124
133.289316281623,65.92776418580753
131.24334348102178,64.57941630451411
131.55850992263774,63.959742460164684
132.55987657827643,66.10125431806311
133.13887710831966,66.76602148042522
134.22388417668748,67.99879430866459
133.32748281456165,65.46399878521682
133.07455281990494,67.14567022224283
133.11151158033277,66.71232869690962
133.46816700999128,66.22932138774532
134.04264303186173,67.42910257702383
135.01863448148856,67.1633391676213
134.6350738982202,68.4919547482593
133.61063510782714,66.52716368687705
133.18739162524304,67.20780204153257
133.00475549325546,68.76345098464115
132.5790264812233,66.51332843004091
131.68016753364947,65.92088896617062
132.55026004296556,66.81845235744413
133.5147731931819,66.49258864412981
134.49720088733542,67.21278699866929
135.2725345397476,68.52999428947705
135.81414234192135,67.08566116845763
135.38629393205082,68.80958116120527
135.00553869497875,66.96207398656092
135.30126372574327,66.55324816344525
133.50532738606023,68.43200505843018
133.75997637998077,65.76324897749123
131.84001071841078,65.48393246735066
133.6496119217208,67.46318548949671
134.2807481350133,67.18914877293916
133.6773485709966,68.15647276595213
133.66603823018642,66.96822680729022
133.178268698525,66.45551017828845
134.7055417172568,67.37549396152322
135.8115433211833,67.88321056164095
135.92301443567803,68.77748211275683
135.45056279178448,67.54596771859732
136.05396585425612,69.01082115944287
136.33944289803122,68.58965991981918
136.32497262919406,67.91917961311616
135.84701275800455,68.76050628313382
134.3601579249442,65.60960585275247
133.05194558904296,66.99659269124474
132.36442995963662,65.82750862636914
130.79060535396633,64.92742536615074
129.89107258551576,63.5515494842354
131.66042103736604,66.27059220134619
131.7118862862537,67.9725544198993
132.4189657915455,66.46874149710823
131.86480785610422,66.15672610531887
133.20108723065312,65.42952689023326
133.35153445680328,68.05348308305905
134.1626198065915,67.65936915742188
135.26948831690478,67.45426749844934
135.72816446134806,69.04417911163014
137.65022682529616,69.14459817377568
136.77018182965875,67.70125201107496
136.47573565283312,68.6673894577966
136.99115823898288,68.41462766835542
136.92870029193077,70.03695328069041
137.4065898620572,68.31171921089022
139.5666965261792,70.36253651431485
139.30193780651635,69.41723885588831
139.59860601765513,69.97425998217399
139.1175210683048,68.94083978447802
138.34319338447506,68.85511684782722
136.49368589567447,67.03905000914416
136.98960121586066,68.38420219927579
138.3892852665873,69.50919615285143
138.4525704602025,69.73982759383925
139.6669709503551,70.04392105887334
138.39109481460613,70.16323202387633
138.23655269387882,68.28863283485308
138.11508736297623,68.7426472058777
138.86199903996823,68.79520073757563
138.93383387842192,67.97289632751985
139.48698750904947,69.14736572384632
140.95927639164958,68.57896015902361
139.89569912366585,69.63250130536179
139.80433628090108,70.43886052422201
140.21074842520738,70.43977088102868
139.57725788963705,68.16044440677581
139.95862610398618,71.61884468004247
138.25418947807108,69.90181732695036
137.2773555721656,67.81715821998927
137.03686813013564,67.10379216129249
135.27430603889144,67.91328217705485
137.40480479817515,68.86381241923655
139.24775219479602,69.13789978837765
140.48835981377846,69.8362568525815
141.32071433008585,70.74654966822457
142.22444837130496,71.57209550432171
141.9736474785841,72.49015443838061
141.75857765967666,69.93626611874822
139.7644185279535,69.29582855294855
140.68580835042968,70.5608735264348
140.51104594818415,70.1263981242788
138.57949453791923,66.2890217371819
137.76574556021865,69.11991227959936
138.26390797139422,70.72799883463715
136.67619230918163,69.36232038667046
136.16609492488087,69.59549763070048
134.0286519682032,67.27353373600756
133.54845499840943,67.445210387135
133.4670580483933,65.36392189587902
131.09444528158144,64.28378537073881
130.32215140614542,64.49354391485912
130.73959730618532,62.84304955585912
130.3603275814406,65.48302203254471
131.791150630512,65.35917195276447
132.62830481366038,66.48723611361338
133.74347011410705,67.01041186729623
132.51474298385978,66.68945140671711
131.57571102085797,66.5858939041703
131.88532257287838,65.43732468208903
132.3756538617137,65.3650917438592
131.83728168514952,64.78267102032271
131.60228527575362,65.94928437510033
130.6305562861066,64.67137097007675
130.14044606027016,63.577262199157744
130.511958435543,64.90789259690068
131.90994067942881,66.1975384927645
132.44827964361593,66.64652296766671
133.3069226599145,65.67470890392886
133.36711178612157,65.49926663902735
133.8642910941989,66.80802963621527
134.81427187661464,67.41879480651936
133.91830665040104,66.29782668269837
134.86916415290997,67.8561106536068
135.45279065527188,66.96542762887124
136.4462757428234,68.72134868334822
136.8780515863857,69.61299757713796
136.21243908184857,66.77198958665706
135.7790017769887,68.47799862244244
135.80673440975573,67.99423212003533
133.3203053011453,65.70853721417294
132.49735105613632,66.04609473635401
131.88328050050916,66.63998740746246
131.33202621944315,66.62012803350184
130.33844815004153,64.7997502643837
129.26429892834804,64.49143788383175
128.96599371448556,66.28265244643744
128.32459407281544,64.59267885105558
129.58327886041434,64.75467204168316
129.54252486287,65.2055260491068
129.4374710571819,65.4548400871525
130.22057819765217,64.70192171873377
130.1084387171428,63.83563810165076
130.05456550456842,63.54548160281439
131.1690838527532,66.17382518710271
132.08533308620093,65.22205926152539
131.85581362265785,64.46258142323455
130.54685053456967,63.69129229367507
129.92719925391037,66.32722950480347
130.4422282347128,66.86130085806697
128.8186673488961,64.4277464207908
128.48848206826577,65.31876836425177
128.41586214731703,64.9057718845874
126.9274559153785,61.97936363532371
128.07669885332336,64.77343824407825
127.81210173664847,64.16244381693042
126.29696575567263,63.14458970352443
125.30172550744068,62.616358426618945
125.69399571958085,61.55704963029609
127.0093547545321,64.49909883258937
127.27820360915378,64.27184807395037
127.44522607271807,63.29392386755666
127.24109470903429,63.358298856084744
128.79560290139545,63.07884105673721
130.036374536262,66.05308488727098
128.46632771686876,64.42716718968394
128.48034965291694,64.72370244903328
129.03253778764298,64.6890132013405
128.83698446955893,65.11325381366606
129.26325490215532,65.78580383006165
129.89782307706216,66.43163316336678
129.0121969928352,64.7288566196718
130.2561090149579,64.4569942217202
130.39932192295637,64.06920499349
131.43544922391948,66.60028819203075
131.70085611056908,66.22782075473481
131.61198175398619,67.87745186613535
132.91552434049572,66.9946640013832
133.28024261242984,65.36725342976708
134.81204232777452,68.04799926201562
135.40021033472527,67.38297740577912
137.51595962992184,69.47553836128158
136.7539345638585,67.45017277195245
136.83448128294427,68.5446959732796
136.09161778768038,67.9052789235019
135.03269665153837,66.95972091705627
135.21743495067352,66.33241915487508
133.7828036091444,67.3166969673943
133.68355489439,65.88824164964026
134.93894385736579,65.49703998729332
135.4591790133766,66.52922885453204
134.93639196588188,67.06668867691097
134.68655730610442,67.33008464628205
135.37620650021924,67.29214916933987
136.88952958544584,68.70064573785278
136.63723783183576,68.5544147518138
136.75286415238457,68.50948308115048
137.22356703083108,68.5128220470923
137.03983302527925,68.95004701546358
137.38091580239356,70.1956373781409
137.6394739311627,69.16391571074867
138.91311541880015,69.71516267883051
138.33485149266377,69.28617299804395
138.4041939367695,70.05679169293334
138.73228290229582,68.49169384224761
138.023688859253,68.32131688056317
137.6957480432817,69.08780405083863
137.66609162270396,67.64316348488629
136.25148130341907,68.8343208513144
135.77192097705753,67.5102659822403
134.66960280054195,66.68716765690324
134.1681999184161,66.20976260988829
133.50146100142814,64.95092220703367
133.0165698775153,65.68960554717395
133.6833073312534,65.06085176485178
134.86810862286015,66.05668765829427
135.65824403722397,66.55837770450286
134.87057921649117,67.37845774740092
135.17178236747677,67.05957059152958
133.93598567870822,67.19068754518088
134.46516584468074,65.89409954833668
135.16147929197714,67.24837794676091
134.81494032647532,66.95119171782014
134.83937675146944,67.52778957559757
135.6137168831952,67.31531256985053
136.30260133747916,68.49268329022468
135.7495366699594,67.19435683575513
135.0281133666172,68.1421517586593
133.38724520027174,68.14686113501267
133.03831023476945,67.38028459675371
132.44490806659948,66.23350927484161
132.41556626439163,66.18813301329892
132.9309544937665,66.98525381972775
131.55845175322594,65.30530712614409
130.80106402174957,64.48602059342284
130.44371685516768,64.7452961268578
128.87520910854744,63.99354542275866
128.65822241247758,63.89312325277225
128.1498936054147,65.5770539175618
128.4604148047229,66.5611357507319
129.0723457679473,64.72416452741255
129.71163084209894,63.478993302676
129.4338586106754,64.88973226882605
129.63628058583976,64.69917019619348
129.80348213036274,63.614339802033356
130.77936010167866,65.83519930147231
128.9800963468733,64.31701623275922
128.70603095353076,63.339551013469624
127.94023347091954,63.17787603954455
128.00772563521346,65.00756180239462
128.97676658064807,63.66965330655113
129.14750924464525,64.5245331963758
129.24514813357789,64.14415353689489
128.53971101892702,63.36874486380236
128.812349752438,63.924567224544
129.0052731941822,65.42386675703591
128.00960480119483,65.77146828072819
128.58563826152593,63.845672595444974
128.10505935982303,63.88586137563993
126.03672934863387,62.866718164339886
125.81892980339316,63.00215657990117
126.26490625382031,63.57850270489009
126.65606749151422,64.01842800623744
126.74008632424078,63.27122765441854
126.6518531516796,61.36621449324779
127.24311777736276,65.07393337752579
127.74813097108957,64.36936059421643
125.95243556895683,62.72052387645552
125.21561449064062,62.777222093814075
125.26179606485998,62.75410171220365
125.14592482951792,62.85385772729951
125.8936428325372,61.02180632433147
126.81223608774633,64.76641441588593
126.91216461437395,62.97959339539677
126.50544470687262,64.20811850924594
128.11272497796588,64.46758108123214
127.2561357103277,62.938296267996066
127.11641096595825,63.62820786677008
129.02634113358098,65.4241408720763
129.59648062329686,65.6300853747088
130.13694619171264,65.49163871647325
130.0963279666972,64.52468025146395
131.2208291984268,66.17412971616785
133.99661483250387,68.32075909315819
134.273520957658,67.68110351801576
134.0255694801484,65.19126920706753
135.12169506018267,67.94861373397254
136.9316527280979,68.34133434527145
137.26357623323636,69.92341070295055
136.44656242964388,67.52932440044893
136.76004245870826,67.05577863568934
135.98593134401014,67.70124839452406
136.89406752976575,69.9694611157075
136.6769842749355,69.2102385247742
137.16112921174656,69.0731341115492
137.22049647307543,70.8908707130082
137.997805420589,68.13296883557854
136.03706272215874,67.07777211477189
136.34150490736056,66.78865778052757
136.5103926658161,68.31925565252524
136.77451999721018,67.65633753229814
135.3644305372783,66.28058020236752
136.6568520263973,68.9679755499693
136.0144175224573,67.92538108945521
136.4468439705742,69.54128901871124
135.93432277926806,69.14528854805546
135.72581209873698,67.05870388543144
135.27588370517364,67.85195691368568
133.70036178441447,66.40940261158202
133.06733197391935,65.24430616474957
134.31514696877306,69.75518291192732
133.20581922996797,67.02539991709621
133.31262657100405,66.44810842120674
131.6041839290717,67.24785587796734
132.63897148199908,66.05268544619875
131.29635801985734,65.7266970225614
130.16663741440226,66.28824401514534
130.00410832542855,64.75804828552349
130.51477087656653,65.77898240118272
129.23861792877707,64.92284893885605
129.13479234776858,63.38590239792006
129.64250075711135,65.5678412613605
129.64449808988408,65.07450271983309
128.8940849737865,64.69636309226702
129.31659437637592,65.6761807346819
130.3853237350514,64.0536248672167
132.6113600955675,65.42155475169876
133.8480015072389,65.9860522124529
132.20098075069697,65.56127679088598
133.45024740068612,67.15334478019682
134.44504253033978,67.87646700688579
134.73663561302087,67.28211057906752
135.40672462770797,67.67739845513498
136.49237650874463,69.27606411742248
136.2444858189675,66.48803496341893
135.0584643110648,66.44809818826272
134.81011012110977,69.13963286721074
135.45873565569173,66.68145446527605
134.92187947814978,67.0996131297643
134.29758489532387,67.10121404209701
133.0784728480847,67.91369950698873
133.60530433005164,67.68871126549439
132.575450713734,65.73790841712568
132.37785425428478,64.82017129870073
131.68061065009147,66.69654095050728
132.94994675553593,66.13789718792017
133.93572381280498,65.63448959266528
136.17697793219472,69.07636040637215
135.50802318871825,66.49889283647094
134.56614635582955,66.31059187918666
134.83507817933946,68.18186994357578
133.51169081012745,65.50948092000843
133.0423057317021,68.24224551605265
133.71385199724853,68.320828509796
133.7784529242449,64.81023531636389
134.61738585607853,67.10744452022135
133.9081177299699,67.84741523049027
133.4666648499799,67.3455460477561
133.34791513239279,67.47202175260212
134.17682731598467,65.60406955243333
135.2666635032315,69.17746388030474
136.4569525582688,67.68319685708441
136.57519004174867,67.84975640819519
135.88946019217332,67.56136592585814
135.49974059716044,68.69531838359384
135.52063328364133,67.24525382501477
134.03811570656012,66.84007065792261
133.1460033944252,65.2403982030252
131.4714824208054,64.33750970518157
131.76682488191437,66.27812887443956
131.99418274764784,64.89217807811065
131.11297666038968,64.33958252797156
132.05434582984782,66.78038459997295
132.15856674164252,65.87911943261594
132.0496884568549,66.12174679123085
132.7103697514217,67.09146167965471
133.05201811370947,66.87099371596842
132.04111529956558,67.10672165204868
131.40410146939433,66.38170067169786
130.03008445670798,64.33314223706795
130.63706166439394,65.21557269980535
130.5441894639538,65.0604183875629
131.43714280675866,64.87197240424695
130.76398587313227,65.5080902810638
129.6268294794823,64.0500315395743
130.71889547840627,65.55597241801944
131.53898590951982,65.8269929056532
130.1405125108887,64.34354172046957
131.176275030979,67.23216532200392
130.4933617373218,66.824352125051
131.9700395835719,67.76796414043984
132.4676124444794,67.74487131027463
131.88915201851987,67.59463081839142
131.6710677407804,66.30103346056143
131.52154311562032,67.9236461459128
128.6806385484838,64.27303253505852
129.34554157487904,64.46274478664091
129.0577980203525,64.63981934911041
129.79739813325853,64.19139612170682
127.071435801848,63.44343980953746
127.77151205784843,65.89422884728347
127.8091789875081,62.156667393504186
126.7285399082593,61.73231752862749
128.64832291316353,64.42484639943538
129.45676532886932,66.2580991218021
128.56060401331038,64.18086559215057
127.7941066251933,65.01364505317964
128.37336495929438,63.77472196021564
130.11834294421882,64.98536429708349
130.63504979546863,65.5585839853385
130.23190140291783,63.16795318656701
131.99586503057566,64.84406278547873
131.43502253512904,65.05625341376516
132.73496201927597,66.33278819124448
133.40922226713798,67.19877179446982
133.3079649358528,66.35709538201084
132.74188119545664,67.13625618723627
132.20910757313433,65.1251427040711
132.20585121950555,66.78194575320096
133.56734419839125,67.77021529218283
133.52680067746664,66.92955311738541
132.69484429087305,65.42467848692023
134.01294070558296,68.00182425921848
135.03483495350267,69.03834255342025
135.14069692180567,67.98387488055222
136.37247705193994,67.67052455053067
136.58058103736923,68.7375738053653
138.37795371617992,70.4336675301785
138.30103455939792,68.50880412334622
137.6135963382489,66.98846710315708
137.2125515056719,68.7287596574992
137.357920103902,70.12665615667873
137.52905539539037,68.6075991242271
137.0037736523118,68.55715387463128
136.52084638438123,67.41021792696768
135.2771386783797,66.24110324199837
134.77462914989903,68.04103621538499
136.3746043119353,69.6311558401401
136.20791225470023,68.15913072131524
135.276510563353,66.90433507907692
134.64385818990343,66.20865819816106
133.9114199661865,68.47962449743773
133.80958287572793,66.0600151414179
132.9958571118682,66.23073539774033
134.13421746330246,67.43180625235159
133.33084452122486,67.50722573774287
133.08473932028855,66.35916098648221
134.507410760663,65.88814102100477
134.48046757498736,66.6226332874554
135.7084000677349,66.8233582789479
135.52444957206,67.69068446089575
136.29392724784802,67.26803165480959
138.40571799550528,69.50400207244499
137.51605040069407,67.63070088445477
138.03129685846554,68.77353224863948
136.96669042867163,69.14449769565356
136.93408245209838,69.37206989166127
136.2844635257906,66.2522540498038
136.4053585418666,68.53220635765464
135.24298549683496,67.49850868218766
133.1822513093312,66.46374011508323
133.74432531180685,65.97807208583383
133.84559600843326,65.33449334813655
135.10550935504386,67.5788012825582
135.2992032387705,68.81261785753024
135.39617518574744,65.87216590343444
134.55566080468338,66.9671213397613
133.2110736298076,67.12055062494906
133.3431119994617,67.56740560250736
132.20057540209203,64.36745491705031
133.55035750709027,66.88871181403798
134.94086993535868,65.5316673689005
135.46429395162008,69.11165513454327
136.65629370133982,68.03499746105257
136.57476314654986,68.75135141590341
136.05052130352453,67.98230508172774
138.41114717559776,67.6855760124402
138.17345153346506,71.00231778860704
